# Blender 4.4.3
# www.blender.org
mtllib 13.mtl
o Handguard_low
v 0.140000 0.055397 -0.025100
v 0.140800 0.056294 -0.025334
v 0.140800 0.054928 -0.025900
v 0.140234 0.055962 -0.025334
v 0.140338 0.055619 -0.025636
v 0.140800 0.055659 -0.025734
v 0.140234 0.055162 -0.025666
v 0.359200 0.056294 -0.025334
v 0.360000 0.055397 -0.025100
v 0.359200 0.054928 -0.025900
v 0.359766 0.055962 -0.025334
v 0.359662 0.055619 -0.025636
v 0.359766 0.055162 -0.025666
v 0.359200 0.055660 -0.025734
v 0.140800 0.035072 -0.025900
v 0.140800 0.033706 -0.025334
v 0.140000 0.034603 -0.025100
v 0.140800 0.034340 -0.025734
v 0.140338 0.034381 -0.025636
v 0.140234 0.034038 -0.025334
v 0.140234 0.034838 -0.025666
v 0.360000 0.034603 -0.025100
v 0.359200 0.033706 -0.025334
v 0.359200 0.035072 -0.025900
v 0.359766 0.034038 -0.025334
v 0.359662 0.034381 -0.025636
v 0.359200 0.034341 -0.025734
v 0.359766 0.034838 -0.025666
v 0.140800 0.019666 -0.011294
v 0.140800 0.019100 -0.009928
v 0.140000 0.019900 -0.010397
v 0.140800 0.019217 -0.010680
v 0.140338 0.019389 -0.010609
v 0.140234 0.019383 -0.010045
v 0.140234 0.019783 -0.011011
v 0.360000 0.019900 -0.010397
v 0.359200 0.019100 -0.009928
v 0.359200 0.019666 -0.011294
v 0.359766 0.019334 -0.010162
v 0.359662 0.019364 -0.010619
v 0.359200 0.019266 -0.010659
v 0.359766 0.019666 -0.010962
v 0.140800 0.019100 0.009928
v 0.140800 0.019666 0.011294
v 0.140000 0.019900 0.010397
v 0.140800 0.019266 0.010659
v 0.140338 0.019364 0.010619
v 0.140234 0.019666 0.010962
v 0.140234 0.019334 0.010162
v 0.360000 0.019900 0.010397
v 0.359200 0.019666 0.011294
v 0.359200 0.019100 0.009928
v 0.359766 0.019666 0.010962
v 0.359662 0.019364 0.010619
v 0.359200 0.019266 0.010660
v 0.359766 0.019334 0.010162
v 0.140800 0.033706 0.025334
v 0.140800 0.035072 0.025900
v 0.140000 0.034603 0.025100
v 0.140800 0.034340 0.025734
v 0.140338 0.034381 0.025636
v 0.140234 0.034838 0.025666
v 0.140234 0.034038 0.025334
v 0.360000 0.034603 0.025100
v 0.359200 0.035072 0.025900
v 0.359200 0.033706 0.025334
v 0.359766 0.034838 0.025666
v 0.359662 0.034381 0.025636
v 0.359200 0.034341 0.025734
v 0.359766 0.034038 0.025334
v 0.140800 0.054928 0.025900
v 0.140800 0.056294 0.025334
v 0.140000 0.055397 0.025100
v 0.140800 0.055659 0.025734
v 0.140338 0.055619 0.025636
v 0.140234 0.055962 0.025334
v 0.140234 0.055162 0.025666
v 0.360000 0.055397 0.025100
v 0.359200 0.056294 0.025334
v 0.359200 0.054928 0.025900
v 0.359766 0.055962 0.025334
v 0.359662 0.055619 0.025636
v 0.359200 0.055660 0.025734
v 0.359766 0.055162 0.025666
v 0.140800 0.070334 0.011294
v 0.140800 0.070900 0.009928
v 0.140000 0.070100 0.010397
v 0.140800 0.070734 0.010659
v 0.140338 0.070636 0.010619
v 0.140234 0.070666 0.010162
v 0.140234 0.070334 0.010962
v 0.360000 0.070100 0.010397
v 0.359200 0.070900 0.009928
v 0.359200 0.070334 0.011294
v 0.359766 0.070666 0.010162
v 0.359662 0.070636 0.010619
v 0.359200 0.070734 0.010660
v 0.359766 0.070334 0.010962
v 0.140800 0.070900 -0.009928
v 0.140800 0.070334 -0.011294
v 0.140000 0.070100 -0.010397
v 0.140800 0.070734 -0.010660
v 0.140338 0.070636 -0.010619
v 0.140234 0.070334 -0.010962
v 0.140234 0.070666 -0.010162
v 0.360000 0.070100 -0.010397
v 0.359200 0.070334 -0.011294
v 0.359200 0.070900 -0.009928
v 0.359766 0.070334 -0.010962
v 0.359662 0.070636 -0.010619
v 0.359200 0.070734 -0.010659
v 0.359766 0.070666 -0.010162
v 0.140800 0.053780 -0.023128
v 0.140800 0.055146 -0.022563
v 0.140000 0.054911 -0.023928
v 0.140800 0.054511 -0.022963
v 0.140338 0.054591 -0.023154
v 0.140234 0.054911 -0.023128
v 0.140234 0.054346 -0.023363
v 0.359200 0.055146 -0.022563
v 0.359200 0.053780 -0.023128
v 0.360000 0.054911 -0.023928
v 0.359200 0.054511 -0.022963
v 0.359662 0.054591 -0.023154
v 0.359766 0.054346 -0.023363
v 0.359766 0.054911 -0.023128
v 0.140000 0.035089 -0.023928
v 0.140800 0.034854 -0.022563
v 0.140800 0.036220 -0.023128
v 0.140234 0.035089 -0.023128
v 0.140338 0.035409 -0.023154
v 0.140800 0.035489 -0.022963
v 0.140234 0.035654 -0.023363
v 0.359200 0.036220 -0.023128
v 0.359200 0.034854 -0.022563
v 0.360000 0.035089 -0.023928
v 0.359200 0.035489 -0.022963
v 0.359662 0.035409 -0.023154
v 0.359766 0.035089 -0.023128
v 0.359766 0.035654 -0.023363
v 0.140000 0.021072 -0.009911
v 0.140800 0.021872 -0.008780
v 0.140800 0.022437 -0.010146
v 0.140234 0.021637 -0.009346
v 0.140338 0.021846 -0.009591
v 0.140800 0.022037 -0.009511
v 0.140234 0.021872 -0.009911
v 0.359200 0.022437 -0.010146
v 0.359200 0.021872 -0.008780
v 0.360000 0.021072 -0.009911
v 0.359200 0.022037 -0.009511
v 0.359662 0.021846 -0.009591
v 0.359766 0.021637 -0.009346
v 0.359766 0.021872 -0.009911
v 0.140000 0.021072 0.009911
v 0.140800 0.022437 0.010146
v 0.140800 0.021872 0.008780
v 0.140234 0.021872 0.009911
v 0.140338 0.021846 0.009591
v 0.140800 0.022037 0.009511
v 0.140234 0.021637 0.009346
v 0.359200 0.021872 0.008780
v 0.359200 0.022437 0.010146
v 0.360000 0.021072 0.009911
v 0.359200 0.022037 0.009511
v 0.359662 0.021846 0.009591
v 0.359766 0.021872 0.009911
v 0.359766 0.021637 0.009346
v 0.140000 0.035089 0.023928
v 0.140800 0.036220 0.023128
v 0.140800 0.034854 0.022563
v 0.140234 0.035654 0.023363
v 0.140338 0.035409 0.023154
v 0.140800 0.035489 0.022963
v 0.140234 0.035089 0.023128
v 0.359200 0.034854 0.022563
v 0.359200 0.036220 0.023128
v 0.360000 0.035089 0.023928
v 0.359200 0.035489 0.022963
v 0.359662 0.035410 0.023154
v 0.359766 0.035654 0.023363
v 0.359766 0.035089 0.023128
v 0.140000 0.054911 0.023928
v 0.140800 0.055146 0.022563
v 0.140800 0.053780 0.023128
v 0.140234 0.054911 0.023128
v 0.140338 0.054591 0.023154
v 0.140800 0.054511 0.022963
v 0.140234 0.054346 0.023363
v 0.359200 0.053780 0.023128
v 0.359200 0.055146 0.022563
v 0.360000 0.054911 0.023928
v 0.359200 0.054511 0.022963
v 0.359662 0.054591 0.023154
v 0.359766 0.054911 0.023128
v 0.359766 0.054346 0.023363
v 0.140000 0.068928 0.009911
v 0.140800 0.068128 0.008780
v 0.140800 0.067563 0.010146
v 0.140234 0.068363 0.009346
v 0.140338 0.068154 0.009591
v 0.140800 0.067963 0.009511
v 0.140234 0.068128 0.009911
v 0.359200 0.067563 0.010146
v 0.359200 0.068128 0.008780
v 0.360000 0.068928 0.009911
v 0.359200 0.067963 0.009511
v 0.359662 0.068154 0.009591
v 0.359766 0.068363 0.009346
v 0.359766 0.068128 0.009911
v 0.140000 0.068928 -0.009911
v 0.140800 0.067563 -0.010146
v 0.140800 0.068128 -0.008780
v 0.140234 0.068128 -0.009911
v 0.140338 0.068154 -0.009591
v 0.140800 0.067963 -0.009511
v 0.140234 0.068363 -0.009346
v 0.359200 0.068128 -0.008780
v 0.359200 0.067563 -0.010146
v 0.360000 0.068928 -0.009911
v 0.359200 0.067963 -0.009511
v 0.359662 0.068154 -0.009591
v 0.359766 0.068128 -0.009911
v 0.359766 0.068363 -0.009346
v 0.215000 0.066142 -0.015486
v 0.227000 0.066142 -0.015486
v 0.261000 0.066142 -0.015486
v 0.249000 0.066142 -0.015486
v 0.283000 0.066142 -0.015486
v 0.159000 0.066142 -0.015486
v 0.159000 0.060486 -0.021142
v 0.181000 0.060486 -0.021142
v 0.193000 0.060486 -0.021142
v 0.193000 0.066142 -0.015486
v 0.181000 0.066142 -0.015486
v 0.227000 0.060486 -0.021142
v 0.215000 0.060486 -0.021142
v 0.261000 0.060486 -0.021142
v 0.283000 0.060486 -0.021142
v 0.249000 0.060486 -0.021142
v 0.159000 0.058526 -0.019183
v 0.159000 0.064183 -0.013526
v 0.193000 0.058526 -0.019183
v 0.193000 0.064183 -0.013526
v 0.181000 0.064183 -0.013526
v 0.181000 0.058526 -0.019183
v 0.227000 0.058526 -0.019183
v 0.215000 0.058526 -0.019183
v 0.261000 0.058526 -0.019183
v 0.249000 0.058526 -0.019183
v 0.283000 0.058526 -0.019183
v 0.215000 0.064183 -0.013526
v 0.227000 0.064183 -0.013526
v 0.261000 0.064183 -0.013526
v 0.249000 0.064183 -0.013526
v 0.283000 0.064183 -0.013526
v 0.159000 0.031474 0.019183
v 0.159000 0.025817 0.013526
v 0.193000 0.031474 0.019183
v 0.193000 0.025817 0.013526
v 0.181000 0.025817 0.013526
v 0.181000 0.031474 0.019183
v 0.227000 0.031474 0.019183
v 0.215000 0.031474 0.019183
v 0.261000 0.031474 0.019183
v 0.249000 0.031474 0.019183
v 0.283000 0.031474 0.019183
v 0.215000 0.025817 0.013526
v 0.227000 0.025817 0.013526
v 0.261000 0.025817 0.013526
v 0.249000 0.025817 0.013526
v 0.283000 0.025817 0.013526
v 0.159000 0.064183 0.013526
v 0.159000 0.058526 0.019183
v 0.193000 0.064183 0.013526
v 0.193000 0.058526 0.019183
v 0.181000 0.058526 0.019183
v 0.181000 0.064183 0.013526
v 0.227000 0.064183 0.013526
v 0.215000 0.064183 0.013526
v 0.261000 0.064183 0.013526
v 0.249000 0.064183 0.013526
v 0.283000 0.064183 0.013526
v 0.215000 0.058526 0.019183
v 0.227000 0.058526 0.019183
v 0.249000 0.058526 0.019183
v 0.261000 0.058526 0.019183
v 0.283000 0.058526 0.019183
v 0.159000 0.031474 -0.019183
v 0.159000 0.025817 -0.013526
v 0.181000 0.025817 -0.013526
v 0.193000 0.025817 -0.013526
v 0.193000 0.031474 -0.019183
v 0.181000 0.031474 -0.019183
v 0.227000 0.025817 -0.013526
v 0.215000 0.025817 -0.013526
v 0.261000 0.025817 -0.013526
v 0.283000 0.025817 -0.013526
v 0.249000 0.025817 -0.013526
v 0.215000 0.031474 -0.019183
v 0.227000 0.031474 -0.019183
v 0.261000 0.031474 -0.019183
v 0.249000 0.031474 -0.019183
v 0.283000 0.031474 -0.019183
v 0.215000 0.023858 0.015486
v 0.227000 0.023858 0.015486
v 0.249000 0.023858 0.015486
v 0.261000 0.023858 0.015486
v 0.283000 0.023858 0.015486
v 0.159000 0.029514 0.021142
v 0.159000 0.023858 0.015486
v 0.193000 0.029514 0.021142
v 0.193000 0.023858 0.015486
v 0.181000 0.023858 0.015486
v 0.181000 0.029514 0.021142
v 0.227000 0.029514 0.021142
v 0.215000 0.029514 0.021142
v 0.261000 0.029514 0.021142
v 0.249000 0.029514 0.021142
v 0.283000 0.029514 0.021142
v 0.215000 0.060486 0.021142
v 0.227000 0.060486 0.021142
v 0.249000 0.060486 0.021142
v 0.261000 0.060486 0.021142
v 0.283000 0.060486 0.021142
v 0.159000 0.066142 0.015486
v 0.159000 0.060486 0.021142
v 0.193000 0.066142 0.015486
v 0.193000 0.060486 0.021142
v 0.181000 0.060486 0.021142
v 0.181000 0.066142 0.015486
v 0.227000 0.066142 0.015486
v 0.215000 0.066142 0.015486
v 0.261000 0.066142 0.015486
v 0.249000 0.066142 0.015486
v 0.283000 0.066142 0.015486
v 0.215000 0.029514 -0.021142
v 0.227000 0.029514 -0.021142
v 0.261000 0.029514 -0.021142
v 0.249000 0.029514 -0.021142
v 0.283000 0.029514 -0.021142
v 0.159000 0.029514 -0.021142
v 0.159000 0.023858 -0.015486
v 0.181000 0.023858 -0.015486
v 0.193000 0.023858 -0.015486
v 0.193000 0.029514 -0.021142
v 0.181000 0.029514 -0.021142
v 0.227000 0.023858 -0.015486
v 0.215000 0.023858 -0.015486
v 0.261000 0.023858 -0.015486
v 0.283000 0.023858 -0.015486
v 0.249000 0.023858 -0.015486
vn -0.0036 0.6877 -0.7260
vn -0.0036 0.7260 -0.6877
vn -0.0000 0.7071 -0.7071
vn 0.0025 0.6940 -0.7199
vn -0.9920 0.1167 0.0483
vn -0.9920 0.1167 -0.0483
vn -0.9927 -0.1112 0.0460
vn -0.9927 -0.1112 -0.0461
vn -0.0039 -0.7292 0.6843
vn -0.0039 -0.6843 0.7292
vn -0.0000 -0.7071 0.7071
vn -0.0012 1.0000 0.0091
vn -0.0012 1.0000 -0.0091
vn 0.0011 1.0000 -0.0091
vn 0.0011 1.0000 0.0091
vn -0.0039 0.7292 -0.6843
vn -0.0039 0.6843 -0.7292
vn -0.0011 0.0091 -1.0000
vn -0.0011 -0.0091 -1.0000
vn 0.0011 -0.0091 -1.0000
vn 0.0011 0.0091 -1.0000
vn -0.0039 -0.6843 -0.7292
vn -0.0039 -0.7292 -0.6843
vn -0.0000 -0.7071 -0.7071
vn -0.0011 -1.0000 -0.0091
vn -0.0011 -1.0000 0.0091
vn 0.0011 -1.0000 0.0091
vn 0.0011 -1.0000 -0.0091
vn -0.0000 0.7071 0.7071
vn -0.0039 0.6843 0.7292
vn -0.0039 0.7292 0.6843
vn -0.0011 0.0081 -1.0000
vn 0.0011 0.0080 -1.0000
vn 0.0011 -0.0081 -1.0000
vn -0.0011 -0.0080 -1.0000
vn 0.9920 -0.1166 -0.0483
vn 0.9920 -0.0483 -0.1167
vn 0.9927 0.0460 0.1112
vn 0.9927 0.1112 0.0461
vn -0.0012 -1.0000 -0.0069
vn 0.0011 -1.0000 -0.0069
vn 0.0011 -1.0000 0.0080
vn -0.0012 -1.0000 0.0080
vn -0.0036 -0.6877 0.7260
vn -0.0036 -0.7260 0.6877
vn -0.0011 -0.0081 1.0000
vn 0.0011 -0.0080 1.0000
vn 0.0011 0.0081 1.0000
vn -0.0011 0.0080 1.0000
vn -0.0036 0.7260 0.6877
vn -0.0036 0.6877 0.7260
vn -0.0011 1.0000 0.0081
vn 0.0011 1.0000 0.0080
vn 0.0011 1.0000 -0.0081
vn -0.0011 1.0000 -0.0080
vn -0.0011 -0.0091 1.0000
vn -0.0012 0.0091 1.0000
vn 0.0011 0.0091 1.0000
vn 0.0011 -0.0091 1.0000
vn 0.0025 0.7199 -0.6940
vn -0.0040 -0.7232 -0.6906
vn -0.0040 -0.6877 -0.7260
vn 0.0025 -0.6940 -0.7199
vn -0.9920 0.0483 -0.1167
vn -0.9230 0.2690 -0.2752
vn -0.8639 0.1928 -0.4653
vn -0.9230 0.0044 -0.3847
vn -0.0006 0.3827 -0.9239
vn -0.2778 0.3676 -0.8875
vn -0.3800 0.6507 -0.6574
vn -0.3800 0.0047 -0.9250
vn 0.3800 0.6508 -0.6573
vn 0.2778 0.3676 -0.8875
vn 0.0006 0.3827 -0.9239
vn 0.9920 0.0483 -0.1167
vn 0.9230 0.0044 -0.3848
vn 0.8639 0.1927 -0.4653
vn 0.9230 0.2690 -0.2752
vn 0.3800 0.0047 -0.9250
vn -0.0006 -0.3827 -0.9239
vn -0.2778 -0.3676 -0.8875
vn -0.3800 -0.0047 -0.9250
vn -0.4124 -0.6417 -0.6467
vn -0.9919 -0.0486 -0.1173
vn -0.9230 -0.0044 -0.3847
vn -0.8639 -0.1928 -0.4654
vn -0.9169 -0.2793 -0.2851
vn 0.9230 -0.2690 -0.2752
vn 0.8639 -0.1927 -0.4653
vn 0.9230 -0.0044 -0.3848
vn 0.0006 -0.3827 -0.9239
vn 0.2778 -0.3676 -0.8875
vn 0.3800 -0.6508 -0.6573
vn 0.3800 -0.0047 -0.9250
vn -0.0009 -0.9239 -0.3827
vn -0.4093 -0.8430 -0.3492
vn -0.4154 -0.6464 -0.6401
vn -0.4154 -0.9096 -0.0045
vn -0.9917 -0.1184 -0.0491
vn -0.9166 -0.2869 -0.2785
vn -0.8534 -0.4816 -0.1995
vn -0.9166 -0.3998 -0.0059
vn 0.9230 -0.3847 -0.0044
vn 0.8639 -0.4653 -0.1927
vn 0.9230 -0.2751 -0.2690
vn 0.0007 -0.9239 -0.3827
vn 0.2778 -0.8875 -0.3676
vn 0.3800 -0.9250 -0.0047
vn 0.0025 -0.7181 -0.6960
vn 0.3800 -0.6574 -0.6507
vn -0.0006 -0.9239 0.3827
vn -0.2778 -0.8875 0.3676
vn -0.4124 -0.9110 0.0036
vn -0.3800 -0.6574 0.6507
vn -0.9919 -0.1173 0.0486
vn -0.9169 -0.3990 0.0041
vn -0.8639 -0.4654 0.1928
vn -0.9230 -0.2751 0.2690
vn 0.9920 -0.1167 0.0483
vn 0.9230 -0.2752 0.2690
vn 0.8639 -0.4653 0.1928
vn 0.9230 -0.3847 0.0044
vn 0.0025 -0.7199 0.6940
vn 0.0006 -0.9239 0.3827
vn 0.2778 -0.8875 0.3676
vn 0.3800 -0.6574 0.6507
vn 0.3800 -0.9250 0.0047
vn -0.0006 -0.3827 0.9239
vn -0.2778 -0.3676 0.8875
vn -0.3800 -0.6507 0.6574
vn -0.3800 -0.0047 0.9250
vn -0.9920 -0.0483 0.1167
vn -0.9230 -0.2690 0.2751
vn -0.8639 -0.1928 0.4654
vn -0.9230 -0.0044 0.3847
vn 0.9920 -0.0483 0.1167
vn 0.9230 -0.0043 0.3847
vn 0.8639 -0.1927 0.4653
vn 0.9230 -0.2690 0.2752
vn 0.0006 -0.3827 0.9239
vn 0.2778 -0.3676 0.8875
vn 0.3800 -0.0047 0.9250
vn 0.0025 -0.6940 0.7199
vn 0.3800 -0.6508 0.6573
vn -0.0006 0.3827 0.9239
vn -0.2778 0.3676 0.8875
vn -0.3800 0.0047 0.9250
vn -0.3800 0.6507 0.6573
vn -0.9920 0.0483 0.1167
vn -0.9230 0.0044 0.3847
vn -0.8639 0.1928 0.4654
vn -0.9230 0.2690 0.2752
vn 0.9920 0.0483 0.1166
vn 0.9230 0.2690 0.2751
vn 0.8639 0.1927 0.4653
vn 0.9230 0.0044 0.3847
vn 0.0025 0.6940 0.7199
vn 0.0006 0.3827 0.9239
vn 0.2778 0.3676 0.8875
vn 0.3800 0.6507 0.6573
vn 0.3800 0.0047 0.9250
vn -0.0006 0.9239 0.3827
vn -0.2778 0.8875 0.3676
vn -0.3800 0.6574 0.6507
vn -0.3800 0.9250 0.0047
vn -0.9230 0.2751 0.2690
vn -0.8639 0.4654 0.1928
vn -0.9230 0.3847 0.0044
vn 0.9920 0.1167 0.0483
vn 0.9230 0.3848 0.0044
vn 0.8639 0.4653 0.1927
vn 0.9230 0.2752 0.2689
vn 0.0006 0.9239 0.3827
vn 0.2778 0.8875 0.3676
vn 0.3800 0.9250 0.0047
vn 0.0025 0.7199 0.6940
vn 0.3800 0.6574 0.6507
vn -0.0006 0.9239 -0.3827
vn -0.2778 0.8875 -0.3676
vn -0.3800 0.9250 -0.0047
vn -0.3800 0.6574 -0.6507
vn -0.9230 0.3847 -0.0044
vn -0.8639 0.4654 -0.1928
vn -0.9230 0.2751 -0.2690
vn 0.9920 0.1167 -0.0483
vn 0.9230 0.2751 -0.2690
vn 0.8639 0.4653 -0.1927
vn 0.9230 0.3848 -0.0044
vn 0.0006 0.9239 -0.3827
vn 0.2778 0.8875 -0.3676
vn 0.3800 0.6574 -0.6507
vn 0.3800 0.9250 -0.0047
vn -0.5061 -0.3300 0.7968
vn -0.3867 -0.0075 0.9222
vn -0.3867 -0.6468 0.6574
vn -0.9927 -0.0460 0.1112
vn -0.9242 -0.0033 0.3819
vn -0.9275 -0.1431 0.3454
vn -0.9242 -0.2677 0.2724
vn 0.0026 -0.6923 0.7216
vn 0.5061 -0.3301 0.7968
vn 0.3867 -0.6468 0.6574
vn 0.3867 -0.0075 0.9222
vn 0.9927 -0.0460 0.1112
vn 0.9242 -0.2677 0.2724
vn 0.9275 -0.1431 0.3454
vn 0.9242 -0.0033 0.3819
vn -0.9927 0.0460 0.1112
vn -0.9242 0.2677 0.2724
vn -0.9275 0.1431 0.3454
vn -0.9242 0.0033 0.3819
vn -0.5061 0.3300 0.7968
vn -0.3867 0.6468 0.6574
vn -0.3867 0.0075 0.9222
vn 0.5061 0.3301 0.7968
vn 0.3867 0.0075 0.9222
vn 0.0026 0.6923 0.7216
vn 0.3867 0.6468 0.6574
vn 0.9242 0.0033 0.3819
vn 0.9275 0.1431 0.3455
vn 0.9242 0.2677 0.2724
vn -0.9927 0.1112 0.0460
vn -0.9242 0.3819 0.0033
vn -0.9275 0.3455 0.1431
vn -0.9242 0.2724 0.2677
vn -0.5061 0.7968 0.3301
vn -0.3867 0.9222 0.0075
vn -0.3867 0.6574 0.6468
vn 0.0026 0.7216 0.6923
vn 0.5061 0.7968 0.3301
vn 0.3867 0.6574 0.6468
vn 0.3867 0.9222 0.0075
vn 0.9242 0.2724 0.2677
vn 0.9275 0.3454 0.1431
vn 0.9242 0.3819 0.0033
vn -0.9927 0.1112 -0.0460
vn -0.9242 0.2724 -0.2677
vn -0.9275 0.3455 -0.1431
vn -0.9242 0.3819 -0.0033
vn -0.5061 0.7968 -0.3300
vn -0.3867 0.6574 -0.6468
vn -0.3867 0.9222 -0.0075
vn 0.5061 0.7968 -0.3301
vn 0.3867 0.9222 -0.0075
vn 0.0026 0.7216 -0.6923
vn 0.3867 0.6574 -0.6468
vn 0.9927 0.1112 -0.0460
vn 0.9242 0.3819 -0.0033
vn 0.9275 0.3454 -0.1431
vn 0.9242 0.2724 -0.2677
vn -0.9927 0.0460 -0.1112
vn -0.9242 0.0033 -0.3819
vn -0.9275 0.1431 -0.3454
vn -0.9242 0.2677 -0.2724
vn -0.5061 0.3300 -0.7968
vn -0.3867 0.0075 -0.9222
vn -0.3867 0.6468 -0.6574
vn 0.0026 0.6923 -0.7216
vn 0.5061 0.3301 -0.7968
vn 0.3867 0.6468 -0.6574
vn 0.3867 0.0075 -0.9222
vn 0.9927 0.0460 -0.1112
vn 0.9242 0.2677 -0.2724
vn 0.9275 0.1431 -0.3454
vn 0.9242 0.0033 -0.3819
vn -0.9927 -0.0460 -0.1112
vn -0.9242 -0.2677 -0.2724
vn -0.9275 -0.1431 -0.3454
vn -0.9242 -0.0033 -0.3819
vn -0.5061 -0.3300 -0.7968
vn -0.3867 -0.6468 -0.6574
vn -0.3867 -0.0075 -0.9222
vn 0.5061 -0.3301 -0.7968
vn 0.3867 -0.0075 -0.9222
vn 0.0026 -0.6923 -0.7216
vn 0.3867 -0.6468 -0.6574
vn 0.9927 -0.0460 -0.1112
vn 0.9242 -0.0033 -0.3819
vn 0.9275 -0.1431 -0.3454
vn 0.9242 -0.2677 -0.2724
vn -0.9242 -0.3819 -0.0033
vn -0.9275 -0.3455 -0.1431
vn -0.9242 -0.2724 -0.2677
vn -0.5061 -0.7968 -0.3301
vn -0.3867 -0.9222 -0.0075
vn -0.3867 -0.6574 -0.6468
vn 0.0026 -0.7216 -0.6923
vn 0.5061 -0.7968 -0.3301
vn 0.3867 -0.6574 -0.6468
vn 0.3867 -0.9222 -0.0075
vn 0.9927 -0.1112 -0.0460
vn 0.9242 -0.2724 -0.2677
vn 0.9275 -0.3454 -0.1431
vn 0.9242 -0.3819 -0.0033
vn -0.9242 -0.2724 0.2677
vn -0.9275 -0.3455 0.1431
vn -0.9242 -0.3819 0.0033
vn -0.5061 -0.7968 0.3301
vn -0.3867 -0.6574 0.6468
vn -0.3867 -0.9222 0.0075
vn 0.5061 -0.7968 0.3300
vn 0.3867 -0.9222 0.0075
vn 0.0026 -0.7216 0.6923
vn 0.3867 -0.6574 0.6468
vn 0.9927 -0.1112 0.0460
vn 0.9242 -0.3819 0.0033
vn 0.9275 -0.3454 0.1431
vn 0.9242 -0.2724 0.2677
vn -0.0000 -0.3827 0.9239
vn -0.0000 0.3827 0.9239
vn -0.0000 0.9239 0.3827
vn -0.0000 0.9239 -0.3827
vn -0.0000 0.3827 -0.9239
vn -0.0000 -0.3827 -0.9239
vn -0.0000 -0.9239 -0.3827
vn -0.0000 -0.9239 0.3827
vn 1.0000 -0.0000 -0.0000
vn -1.0000 -0.0000 -0.0000
vt 0.359684 0.439551
vt 0.346029 0.439551
vt 0.350106 0.421850
vt 0.355607 0.421850
vt 0.355607 0.388784
vt 0.355607 0.400454
vt 0.350106 0.400454
vt 0.350106 0.388784
vt 0.350106 0.367388
vt 0.350106 0.355717
vt 0.355607 0.355717
vt 0.355607 0.367388
vt 0.350106 0.334321
vt 0.350106 0.322651
vt 0.355607 0.322651
vt 0.355607 0.334321
vt 0.359684 0.227147
vt 0.159053 0.611043
vt 0.173352 0.596743
vt 0.173824 0.597883
vt 0.160192 0.611515
vt 0.432839 0.004880
vt 0.445384 0.004995
vt 0.441969 0.022663
vt 0.436254 0.022611
vt 0.441969 0.044058
vt 0.441969 0.055728
vt 0.436254 0.055675
vt 0.436254 0.044005
vt 0.436254 0.077070
vt 0.441969 0.077123
vt 0.441969 0.088793
vt 0.436254 0.088740
vt 0.436254 0.121805
vt 0.436254 0.110135
vt 0.441969 0.110188
vt 0.441969 0.121858
vt 0.159831 0.268608
vt 0.176909 0.268608
vt 0.176909 0.481012
vt 0.159831 0.481012
vt 0.178237 0.268608
vt 0.190313 0.268608
vt 0.187026 0.286309
vt 0.181524 0.286309
vt 0.187026 0.307705
vt 0.187026 0.319375
vt 0.181524 0.319375
vt 0.181524 0.307705
vt 0.181524 0.340771
vt 0.187026 0.340771
vt 0.187026 0.352442
vt 0.181524 0.352442
vt 0.181524 0.385508
vt 0.181524 0.373838
vt 0.187026 0.373838
vt 0.187026 0.385508
vt 0.148530 0.481012
vt 0.131452 0.481012
vt 0.131452 0.268608
vt 0.148530 0.268608
vt 0.130124 0.481012
vt 0.118048 0.481012
vt 0.121335 0.463312
vt 0.126837 0.463312
vt 0.121335 0.441916
vt 0.121335 0.430246
vt 0.126837 0.430246
vt 0.126837 0.441916
vt 0.121335 0.408850
vt 0.121335 0.397179
vt 0.126837 0.397179
vt 0.126837 0.408850
vt 0.126837 0.364112
vt 0.126837 0.375783
vt 0.121335 0.375783
vt 0.121335 0.364112
vt 0.414426 0.004881
vt 0.431490 0.004875
vt 0.431490 0.217268
vt 0.414426 0.217275
vt 0.422459 0.421839
vt 0.425747 0.439539
vt 0.413670 0.439539
vt 0.416958 0.421839
vt 0.202929 0.693965
vt 0.208425 0.694215
vt 0.207894 0.705874
vt 0.202398 0.705624
vt 0.416958 0.322639
vt 0.422459 0.322639
vt 0.422459 0.334310
vt 0.416958 0.334310
vt 0.422459 0.367376
vt 0.416958 0.367376
vt 0.416958 0.355706
vt 0.422459 0.355706
vt 0.370182 0.217276
vt 0.370182 0.004872
vt 0.389493 0.004872
vt 0.389493 0.217276
vt 0.462847 0.634604
vt 0.442625 0.634604
vt 0.443097 0.633464
vt 0.462375 0.633464
vt 0.358904 0.005003
vt 0.358904 0.217397
vt 0.339608 0.217404
vt 0.339608 0.005011
vt 0.328309 0.121809
vt 0.328309 0.110139
vt 0.334024 0.110191
vt 0.334024 0.121861
vt 0.328309 0.022614
vt 0.324074 0.004875
vt 0.338259 0.005006
vt 0.334024 0.022666
vt 0.334024 0.044061
vt 0.334024 0.055731
vt 0.328309 0.055679
vt 0.328309 0.044009
vt 0.334024 0.077126
vt 0.334024 0.088796
vt 0.328309 0.088744
vt 0.328309 0.077074
vt 0.370182 0.439425
vt 0.370182 0.227021
vt 0.389493 0.227021
vt 0.389493 0.439425
vt 0.400399 0.322525
vt 0.400399 0.334196
vt 0.394898 0.334196
vt 0.394898 0.322525
vt 0.400399 0.421725
vt 0.404476 0.439425
vt 0.390821 0.439425
vt 0.394898 0.421725
vt 0.908421 0.327148
vt 0.908421 0.315478
vt 0.913922 0.315478
vt 0.913922 0.327148
vt 0.394898 0.367262
vt 0.394898 0.355592
vt 0.400399 0.355592
vt 0.400399 0.367262
vt 0.325390 0.439551
vt 0.325390 0.227147
vt 0.344701 0.227147
vt 0.344701 0.439551
vt 0.444153 0.439539
vt 0.427075 0.439539
vt 0.427075 0.227135
vt 0.444153 0.227135
vt 0.346029 0.227147
vt 0.404476 0.217276
vt 0.390821 0.217276
vt 0.394898 0.199576
vt 0.400399 0.199576
vt 0.390821 0.004872
vt 0.394898 0.078980
vt 0.394898 0.100376
vt 0.394898 0.178180
vt 0.394898 0.166509
vt 0.400399 0.166510
vt 0.400399 0.178180
vt 0.394898 0.145113
vt 0.394898 0.133443
vt 0.400399 0.133443
vt 0.400399 0.145113
vt 0.394898 0.112047
vt 0.400399 0.100376
vt 0.400399 0.112047
vt 0.193575 0.596743
vt 0.193347 0.596193
vt 0.193791 0.596222
vt 0.194125 0.596516
vt 0.368854 0.217276
vt 0.369470 0.217276
vt 0.369510 0.217726
vt 0.369176 0.217827
vt 0.369954 0.217827
vt 0.368854 0.004872
vt 0.369176 0.004322
vt 0.369510 0.004423
vt 0.369470 0.004872
vt 0.428325 0.620304
vt 0.428097 0.620854
vt 0.427804 0.620520
vt 0.427775 0.620076
vt 0.369954 0.004322
vt 0.390204 0.217276
vt 0.390164 0.217726
vt 0.389721 0.217827
vt 0.390499 0.217827
vt 0.207875 0.611043
vt 0.208103 0.610493
vt 0.208396 0.610827
vt 0.208425 0.611271
vt 0.442853 0.635154
vt 0.442409 0.635125
vt 0.442075 0.634832
vt 0.390204 0.004872
vt 0.390164 0.004423
vt 0.390499 0.004322
vt 0.389721 0.004322
vt 0.360209 0.004997
vt 0.359630 0.005002
vt 0.359554 0.004551
vt 0.359930 0.004446
vt 0.359007 0.004450
vt 0.207875 0.631266
vt 0.208378 0.630924
vt 0.208372 0.631472
vt 0.207989 0.631863
vt 0.463398 0.634832
vt 0.463063 0.635125
vt 0.462619 0.635154
vt 0.359608 0.217395
vt 0.359565 0.217843
vt 0.359123 0.217944
vt 0.360209 0.217391
vt 0.359887 0.217941
vt 0.338891 0.005009
vt 0.338927 0.004559
vt 0.339371 0.004458
vt 0.338581 0.004455
vt 0.193575 0.645565
vt 0.194125 0.645793
vt 0.193791 0.646086
vt 0.193347 0.646115
vt 0.477147 0.620304
vt 0.477697 0.620076
vt 0.477668 0.620520
vt 0.477375 0.620854
vt 0.338259 0.217399
vt 0.338891 0.217403
vt 0.338927 0.217851
vt 0.338581 0.217949
vt 0.339371 0.217952
vt 0.368854 0.439425
vt 0.369470 0.439425
vt 0.369510 0.439874
vt 0.369176 0.439975
vt 0.369954 0.439975
vt 0.173352 0.645565
vt 0.173580 0.646115
vt 0.173137 0.646086
vt 0.172802 0.645793
vt 0.477147 0.600082
vt 0.477375 0.599531
vt 0.477668 0.599866
vt 0.477697 0.600309
vt 0.369470 0.227021
vt 0.369510 0.226572
vt 0.369954 0.226471
vt 0.368854 0.227021
vt 0.369176 0.226471
vt 0.390204 0.439425
vt 0.390164 0.439874
vt 0.389721 0.439975
vt 0.390499 0.439975
vt 0.159053 0.631266
vt 0.158825 0.631816
vt 0.158532 0.631482
vt 0.158503 0.631038
vt 0.462847 0.585782
vt 0.462619 0.585232
vt 0.463063 0.585261
vt 0.463398 0.585554
vt 0.390821 0.227021
vt 0.390204 0.227021
vt 0.390164 0.226572
vt 0.390499 0.226471
vt 0.389721 0.226471
vt 0.324061 0.439551
vt 0.324678 0.439551
vt 0.324718 0.440000
vt 0.324384 0.440101
vt 0.325162 0.440101
vt 0.158503 0.611271
vt 0.158532 0.610827
vt 0.158825 0.610493
vt 0.442625 0.585782
vt 0.442075 0.585554
vt 0.442409 0.585261
vt 0.442853 0.585232
vt 0.324678 0.227147
vt 0.324718 0.226697
vt 0.325162 0.226596
vt 0.324061 0.227147
vt 0.324384 0.226596
vt 0.345412 0.439551
vt 0.345372 0.440000
vt 0.344929 0.440101
vt 0.345707 0.440101
vt 0.172802 0.596516
vt 0.173137 0.596222
vt 0.173580 0.596193
vt 0.428325 0.600082
vt 0.427775 0.600309
vt 0.427804 0.599866
vt 0.428097 0.599531
vt 0.345412 0.227147
vt 0.345372 0.226697
vt 0.345707 0.226596
vt 0.344929 0.226597
vt 0.444864 0.439539
vt 0.444941 0.439988
vt 0.444703 0.440089
vt 0.445481 0.439539
vt 0.445253 0.440089
vt 0.193103 0.597883
vt 0.193103 0.598661
vt 0.192791 0.598636
vt 0.192553 0.598433
vt 0.445481 0.227135
vt 0.444864 0.227135
vt 0.444941 0.226686
vt 0.445253 0.226585
vt 0.444703 0.226585
vt 0.429465 0.619832
vt 0.430015 0.619282
vt 0.430218 0.619520
vt 0.430243 0.619832
vt 0.206735 0.611515
vt 0.206185 0.612065
vt 0.205982 0.611827
vt 0.205957 0.611515
vt 0.426363 0.439539
vt 0.426287 0.439988
vt 0.425974 0.440089
vt 0.426525 0.440089
vt 0.426363 0.227135
vt 0.426287 0.226686
vt 0.426525 0.226585
vt 0.425747 0.227135
vt 0.425974 0.226585
vt 0.443097 0.632686
vt 0.443409 0.632711
vt 0.443647 0.632914
vt 0.206735 0.630794
vt 0.205957 0.630794
vt 0.205982 0.630482
vt 0.206185 0.630243
vt 0.159120 0.268608
vt 0.159043 0.268159
vt 0.159281 0.268058
vt 0.158503 0.268608
vt 0.158731 0.268058
vt 0.158503 0.481012
vt 0.159120 0.481012
vt 0.159043 0.481462
vt 0.158731 0.481563
vt 0.159281 0.481563
vt 0.461825 0.632914
vt 0.462063 0.632711
vt 0.462375 0.632686
vt 0.193103 0.644426
vt 0.192553 0.643876
vt 0.192791 0.643672
vt 0.193103 0.643648
vt 0.177620 0.268608
vt 0.177697 0.268159
vt 0.178009 0.268058
vt 0.177459 0.268058
vt 0.177620 0.481012
vt 0.177697 0.481462
vt 0.177459 0.481563
vt 0.178237 0.481012
vt 0.178009 0.481563
vt 0.476007 0.619832
vt 0.475229 0.619832
vt 0.475254 0.619520
vt 0.475457 0.619282
vt 0.173824 0.644426
vt 0.173824 0.643648
vt 0.174137 0.643672
vt 0.174375 0.643876
vt 0.149242 0.481012
vt 0.149319 0.481462
vt 0.149081 0.481563
vt 0.149859 0.481012
vt 0.149631 0.481563
vt 0.149859 0.268608
vt 0.149242 0.268608
vt 0.149319 0.268159
vt 0.149631 0.268058
vt 0.149081 0.268058
vt 0.476007 0.600554
vt 0.475457 0.601104
vt 0.475254 0.600866
vt 0.475229 0.600554
vt 0.160192 0.630794
vt 0.160743 0.630244
vt 0.160946 0.630482
vt 0.160970 0.630794
vt 0.130741 0.481012
vt 0.130664 0.481462
vt 0.130352 0.481563
vt 0.130902 0.481563
vt 0.130741 0.268608
vt 0.130664 0.268159
vt 0.130902 0.268058
vt 0.130124 0.268608
vt 0.130352 0.268058
vt 0.462375 0.586921
vt 0.462375 0.587699
vt 0.462063 0.587675
vt 0.461825 0.587472
vt 0.160970 0.611515
vt 0.160946 0.611827
vt 0.160743 0.612065
vt 0.413721 0.004883
vt 0.413637 0.004432
vt 0.413867 0.004329
vt 0.413120 0.004887
vt 0.413326 0.004332
vt 0.413120 0.217281
vt 0.413721 0.217277
vt 0.413637 0.217724
vt 0.413326 0.217826
vt 0.413867 0.217823
vt 0.443097 0.586921
vt 0.443647 0.587472
vt 0.443409 0.587675
vt 0.443097 0.587699
vt 0.174375 0.598433
vt 0.174137 0.598636
vt 0.173824 0.598661
vt 0.432208 0.004876
vt 0.432277 0.004425
vt 0.432590 0.004324
vt 0.432031 0.004322
vt 0.432208 0.217270
vt 0.432277 0.217717
vt 0.432031 0.217816
vt 0.432839 0.217273
vt 0.432590 0.217818
vt 0.429465 0.600554
vt 0.430243 0.600554
vt 0.430218 0.600866
vt 0.430015 0.601104
vt 0.404362 0.217827
vt 0.404476 0.004322
vt 0.404476 0.004872
vt 0.324061 0.004322
vt 0.324061 0.217816
vt 0.324074 0.217269
vt 0.404476 0.439975
vt 0.404476 0.226471
vt 0.404476 0.227021
vt 0.359684 0.440101
vt 0.359684 0.226596
vt 0.413120 0.440089
vt 0.413670 0.227135
vt 0.413120 0.226585
vt 0.190863 0.268058
vt 0.190313 0.481012
vt 0.190863 0.481563
vt 0.117498 0.481563
vt 0.118048 0.268608
vt 0.117498 0.268058
vt 0.445943 0.004447
vt 0.445384 0.217388
vt 0.445943 0.217941
vt 0.667877 0.956962
vt 0.665182 0.956962
vt 0.665182 0.949181
vt 0.667877 0.949181
vt 0.287842 0.961494
vt 0.285146 0.961494
vt 0.285146 0.953714
vt 0.287842 0.953714
vt 0.792176 0.958330
vt 0.794872 0.958330
vt 0.794872 0.966110
vt 0.792176 0.966110
vt 0.418499 0.949956
vt 0.418499 0.957737
vt 0.415804 0.957737
vt 0.415804 0.949956
vt 0.957472 0.004322
vt 0.959378 0.004322
vt 0.959378 0.025718
vt 0.957472 0.025718
vt 0.957223 0.232605
vt 0.955317 0.232605
vt 0.955317 0.211209
vt 0.957223 0.211209
vt 0.136403 0.935949
vt 0.136403 0.957345
vt 0.134497 0.957345
vt 0.134497 0.935949
vt 0.958009 0.652430
vt 0.958009 0.631034
vt 0.959915 0.631034
vt 0.959915 0.652430
vt 0.338543 0.956319
vt 0.338543 0.964099
vt 0.335847 0.964099
vt 0.335847 0.956319
vt 0.959193 0.669794
vt 0.956498 0.669794
vt 0.956498 0.662014
vt 0.959193 0.662014
vt 0.507987 0.952081
vt 0.510683 0.952081
vt 0.510683 0.959862
vt 0.507987 0.959862
vt 0.303811 0.961535
vt 0.301115 0.961535
vt 0.301115 0.953755
vt 0.303811 0.953755
vt 0.959954 0.164318
vt 0.958048 0.164318
vt 0.958048 0.142922
vt 0.959954 0.142922
vt 0.959990 0.335975
vt 0.961896 0.335975
vt 0.961896 0.357371
vt 0.959990 0.357371
vt 0.956630 0.563409
vt 0.956630 0.584804
vt 0.954650 0.584785
vt 0.954650 0.563390
vt 0.147702 0.893953
vt 0.147702 0.872558
vt 0.149682 0.872576
vt 0.149682 0.893971
vt 0.965805 0.374468
vt 0.963110 0.374468
vt 0.963110 0.366688
vt 0.965805 0.366688
vt 0.325036 0.961726
vt 0.322340 0.961726
vt 0.322340 0.953946
vt 0.325036 0.953946
vt 0.959646 0.429203
vt 0.962342 0.429203
vt 0.962342 0.436984
vt 0.959646 0.436984
vt 0.806656 0.966110
vt 0.803960 0.966110
vt 0.803960 0.958330
vt 0.806656 0.958330
vt 0.957700 0.767764
vt 0.955794 0.767764
vt 0.955794 0.746368
vt 0.957700 0.746368
vt 0.119308 0.960216
vt 0.117402 0.960216
vt 0.117402 0.938819
vt 0.119308 0.938819
vt 0.740289 0.958369
vt 0.740289 0.936972
vt 0.742195 0.936972
vt 0.742195 0.958369
vt 0.958518 0.060845
vt 0.958518 0.039449
vt 0.960424 0.039449
vt 0.960424 0.060845
vt 0.472659 0.955501
vt 0.472659 0.963281
vt 0.469964 0.963281
vt 0.469964 0.955501
vt 0.963360 0.856833
vt 0.960665 0.856833
vt 0.960665 0.849052
vt 0.963360 0.849052
vt 0.719255 0.953021
vt 0.721950 0.953021
vt 0.721950 0.960802
vt 0.719255 0.960802
vt 0.963360 0.828154
vt 0.960665 0.828154
vt 0.960665 0.820374
vt 0.963360 0.820374
vt 0.084058 0.939214
vt 0.085964 0.939214
vt 0.085964 0.960610
vt 0.084058 0.960610
vt 0.960017 0.532778
vt 0.961923 0.532778
vt 0.961923 0.554174
vt 0.960017 0.554174
vt 0.954540 0.173892
vt 0.954540 0.195287
vt 0.952560 0.195268
vt 0.952560 0.173874
vt 0.954650 0.614843
vt 0.954650 0.593448
vt 0.956630 0.593466
vt 0.956630 0.614861
vt 0.966462 0.320593
vt 0.963767 0.320593
vt 0.963767 0.312813
vt 0.966462 0.312813
vt 0.710611 0.960802
vt 0.707915 0.960802
vt 0.707915 0.953021
vt 0.710611 0.953021
vt 0.960665 0.877731
vt 0.963360 0.877731
vt 0.963360 0.885511
vt 0.960665 0.885511
vt 0.966580 0.296388
vt 0.966580 0.304168
vt 0.963885 0.304168
vt 0.963885 0.296388
vt 0.961411 0.118202
vt 0.959505 0.118202
vt 0.959505 0.096806
vt 0.961411 0.096806
vt 0.956498 0.678438
vt 0.958404 0.678438
vt 0.958404 0.699834
vt 0.956498 0.699834
vt 0.959926 0.275490
vt 0.959926 0.254094
vt 0.961832 0.254094
vt 0.961832 0.275490
vt 0.902856 0.956873
vt 0.902856 0.935477
vt 0.904762 0.935477
vt 0.904762 0.956873
vt 0.961213 0.069489
vt 0.961213 0.077269
vt 0.958518 0.077269
vt 0.958518 0.069489
vt 0.963185 0.195287
vt 0.963185 0.187506
vt 0.965880 0.187506
vt 0.965880 0.195287
vt 0.267619 0.959320
vt 0.270315 0.959320
vt 0.270315 0.967101
vt 0.267619 0.967101
vt 0.963360 0.914190
vt 0.960665 0.914190
vt 0.960665 0.906410
vt 0.963360 0.906410
vt 0.173916 0.962080
vt 0.172010 0.962080
vt 0.172010 0.940684
vt 0.173916 0.940684
vt 0.161459 0.940684
vt 0.163365 0.940684
vt 0.163365 0.962080
vt 0.161459 0.962080
vt 0.429124 0.922675
vt 0.429124 0.944070
vt 0.427144 0.944052
vt 0.427144 0.922657
vt 0.952746 0.418420
vt 0.952746 0.397025
vt 0.954726 0.397043
vt 0.954726 0.418438
vt 0.624563 0.965919
vt 0.621868 0.965919
vt 0.621868 0.958139
vt 0.624563 0.958139
vt 0.649507 0.958139
vt 0.652203 0.958139
vt 0.652203 0.965919
vt 0.649507 0.965919
vt 0.963370 0.397025
vt 0.966065 0.397025
vt 0.966065 0.404806
vt 0.963370 0.404806
vt 0.100220 0.953650
vt 0.100220 0.961430
vt 0.097525 0.961430
vt 0.097525 0.953650
vt 0.608589 0.956692
vt 0.606683 0.956692
vt 0.606683 0.935296
vt 0.608589 0.935296
vt 0.960214 0.496009
vt 0.962120 0.496009
vt 0.962120 0.517405
vt 0.960214 0.517405
vt 0.956498 0.729874
vt 0.956498 0.708478
vt 0.958404 0.708478
vt 0.958404 0.729874
vt 0.635375 0.956692
vt 0.635375 0.935296
vt 0.637281 0.935296
vt 0.637281 0.956692
vt 0.963360 0.935088
vt 0.963360 0.942869
vt 0.960665 0.942869
vt 0.960665 0.935088
vt 0.491249 0.958832
vt 0.491249 0.951052
vt 0.493945 0.951052
vt 0.493945 0.958832
vt 0.054589 0.946044
vt 0.057285 0.946044
vt 0.057285 0.953825
vt 0.054589 0.953825
vt 0.963360 0.959293
vt 0.960665 0.959293
vt 0.960665 0.951513
vt 0.963360 0.951513
vt 0.145047 0.935949
vt 0.146953 0.935949
vt 0.146953 0.957345
vt 0.145047 0.957345
vt 0.960041 0.452841
vt 0.961947 0.452841
vt 0.961947 0.474237
vt 0.960041 0.474237
vt 0.429124 0.892617
vt 0.429124 0.914012
vt 0.427144 0.913994
vt 0.427144 0.892599
vt 0.952486 0.388083
vt 0.952486 0.366688
vt 0.954466 0.366706
vt 0.954466 0.388101
vt 0.769438 0.554746
vt 0.769438 0.447494
vt 0.769881 0.543084
vt 0.355607 0.301255
vt 0.770694 0.521703
vt 0.328309 0.143204
vt 0.334024 0.143256
vt 0.441969 0.143253
vt 0.436254 0.143200
vt 0.350106 0.301255
vt 0.037074 0.720081
vt 0.037531 0.708419
vt 0.037531 0.792317
vt 0.036235 0.741460
vt 0.784744 0.111547
vt 0.784744 0.004322
vt 0.785102 0.015987
vt 0.181524 0.406904
vt 0.789547 0.521671
vt 0.788811 0.543055
vt 0.788811 0.447494
vt 0.126837 0.342716
vt 0.121335 0.342716
vt 0.416958 0.400443
vt 0.832223 0.602625
vt 0.830431 0.584711
vt 0.832223 0.563390
vt 0.201424 0.654760
vt 0.201424 0.726997
vt 0.821032 0.602617
vt 0.821786 0.563390
vt 0.821786 0.614264
vt 0.416958 0.388772
vt 0.798689 0.762336
vt 0.798232 0.690100
vt 0.798689 0.678438
vt 0.789588 0.752615
vt 0.788852 0.773999
vt 0.788852 0.678438
vt 0.187026 0.406904
vt 0.422459 0.301243
vt 0.400399 0.078980
vt 0.394898 0.400329
vt 0.656117 0.730488
vt 0.653045 0.712586
vt 0.654252 0.691224
vt 0.654910 0.679572
vt 0.779339 0.468874
vt 0.780167 0.447494
vt 0.780167 0.552803
vt 0.656117 0.658210
vt 0.817914 0.717735
vt 0.818849 0.678438
vt 0.818849 0.729369
vt 0.394898 0.388658
vt 0.394898 0.301129
vt 0.400399 0.301129
vt 0.416958 0.301243
s 1
usemtl M416_Final_Metal
f 2/1/1 100/2/2 230/3/3 231/4/3
f 233/5/3 232/6/3 235/7/3 234/8/3
f 225/9/3 226/10/3 236/11/3 237/12/3
f 228/13/3 227/14/3 238/15/3 240/16/3
f 234/8/3 100/2/2 225/9/3
f 8/17/4 240/16/3 238/15/3
f 2/1/1 231/4/3 232/6/3
f 235/7/3 230/3/3 100/2/2
f 226/10/3 225/9/3 100/2/2
f 87/18/5 101/19/6 211/20/7 197/21/8
f 235/7/3 100/2/2 234/8/3
f 212/22/9 114/23/10 241/24/11 242/25/11
f 246/26/11 243/27/11 244/28/11 245/29/11
f 252/30/11 248/31/11 247/32/11 253/33/11
f 254/34/11 255/35/11 250/36/11 249/37/11
f 142/38/12 157/39/13 162/40/14 149/41/15
f 156/42/16 171/43/17 257/44/3 258/45/3
f 262/46/3 259/47/3 260/48/3 261/49/3
f 268/50/3 264/51/3 263/52/3 269/53/3
f 270/54/3 271/55/3 266/56/3 265/57/3
f 170/58/18 185/59/19 190/60/20 177/61/21
f 184/62/22 199/63/23 273/64/24 274/65/24
f 278/66/24 275/67/24 276/68/24 277/69/24
f 280/70/24 279/71/24 285/72/24 284/73/24
f 287/74/24 286/75/24 282/76/24 281/77/24
f 198/78/25 213/79/26 218/80/27 205/81/28
f 289/82/29 128/83/30 143/84/31 290/85/29
f 294/86/29 291/87/29 292/88/29 293/89/29
f 297/90/29 302/91/29 303/92/29 299/93/29
f 300/94/29 296/95/29 295/96/29 301/97/29
f 3/98/32 10/99/33 24/100/34 15/101/35
f 8/17/4 2/1/1 240/16/3
f 36/102/36 22/103/37 136/104/38 150/105/39
f 30/106/40 37/107/41 52/108/42 43/109/43
f 233/5/3 237/12/3 2/1/1
f 318/110/11 319/111/11 307/112/11 308/113/11
f 310/114/11 57/115/44 44/116/45 311/117/11
f 314/118/11 313/119/11 312/120/11 315/121/11
f 305/122/11 306/123/11 316/124/11 317/125/11
f 236/11/3 240/16/3 2/1/1
f 58/126/46 65/127/47 80/128/48 71/129/49
f 233/5/3 2/1/1 232/6/3
f 334/130/29 335/131/29 323/132/29 324/133/29
f 326/134/29 85/135/50 72/136/51 327/137/29
f 330/138/29 329/139/29 328/140/29 331/141/29
f 321/142/29 322/143/29 332/144/29 333/145/29
f 237/12/3 236/11/3 2/1/1
f 86/146/52 93/147/53 108/148/54 99/149/55
f 113/150/56 129/151/57 134/152/58 121/153/59
f 100/2/2 107/154/60 228/13/3
f 29/155/61 16/156/62 342/157/24 343/158/24
f 23/159/63 341/160/24 339/161/24
f 347/162/24 346/163/24 345/164/24 344/165/24
f 337/166/24 338/167/24 348/168/24 349/169/24
f 340/170/24 339/161/24 350/171/24 352/172/24
f 1/173/64 4/174/65 5/175/66 7/176/67
f 2/177/1 6/178/68 5/179/69 4/180/70
f 3/98/32 7/181/71 5/179/69 6/178/68
f 8/182/4 11/183/72 12/184/73 14/185/74
f 9/186/75 13/187/76 12/188/77 11/189/78
f 10/99/33 14/185/74 12/184/73 13/190/79
f 15/101/35 18/191/80 19/192/81 21/193/82
f 16/156/62 20/194/83 19/192/81 18/191/80
f 17/195/84 21/196/85 19/197/86 20/198/87
f 22/103/37 25/199/88 26/200/89 28/201/90
f 23/159/63 27/202/91 26/203/92 25/204/93
f 24/100/34 28/205/94 26/203/92 27/202/91
f 29/206/61 32/207/95 33/208/96 35/209/97
f 30/106/40 34/210/98 33/208/96 32/207/95
f 31/211/99 35/212/100 33/213/101 34/214/102
f 36/102/36 39/215/103 40/216/104 42/217/105
f 37/107/41 41/218/106 40/219/107 39/220/108
f 38/221/109 42/222/110 40/219/107 41/218/106
f 43/109/43 46/223/111 47/224/112 49/225/113
f 44/116/45 48/226/114 47/224/112 46/223/111
f 45/227/115 49/228/116 47/229/117 48/230/118
f 50/231/119 53/232/120 54/233/121 56/234/122
f 51/235/123 55/236/124 54/237/125 53/238/126
f 52/108/42 56/239/127 54/237/125 55/236/124
f 57/240/44 60/241/128 61/242/129 63/243/130
f 58/126/46 62/244/131 61/242/129 60/241/128
f 59/245/132 63/246/133 61/247/134 62/248/135
f 64/249/136 67/250/137 68/251/138 70/252/139
f 65/127/47 69/253/140 68/254/141 67/255/142
f 66/256/143 70/257/144 68/254/141 69/253/140
f 71/129/49 74/258/145 75/259/146 77/260/147
f 72/136/51 76/261/148 75/259/146 74/258/145
f 73/262/149 77/263/150 75/264/151 76/265/152
f 78/266/153 81/267/154 82/268/155 84/269/156
f 79/270/157 83/271/158 82/272/159 81/273/160
f 80/128/48 84/274/161 82/272/159 83/271/158
f 85/275/50 88/276/162 89/277/163 91/278/164
f 86/146/52 90/279/165 89/277/163 88/276/162
f 87/18/5 91/280/166 89/281/167 90/282/168
f 92/283/169 95/284/170 96/285/171 98/286/172
f 93/147/53 97/287/173 96/288/174 95/289/175
f 94/290/176 98/291/177 96/288/174 97/287/173
f 99/149/55 102/292/178 103/293/179 105/294/180
f 100/2/2 104/295/181 103/293/179 102/292/178
f 101/19/6 105/296/182 103/297/183 104/298/184
f 106/299/185 109/300/186 110/301/187 112/302/188
f 107/154/60 111/303/189 110/304/190 109/305/191
f 108/148/54 112/306/192 110/304/190 111/303/189
f 113/150/56 116/307/193 117/308/193 119/309/194
f 114/310/10 118/311/195 117/308/193 116/307/193
f 115/312/196 119/313/197 117/314/198 118/315/199
f 120/316/200 123/317/201 124/318/201 126/319/202
f 121/153/59 125/320/203 124/318/201 123/317/201
f 122/321/204 126/322/205 124/323/206 125/324/207
f 127/325/208 130/326/209 131/327/210 133/328/211
f 128/83/30 132/329/212 131/330/212 130/331/213
f 129/151/57 133/332/214 131/330/212 132/329/212
f 134/152/58 137/333/215 138/334/215 140/335/216
f 135/336/217 139/337/218 138/334/215 137/333/215
f 136/104/38 140/338/219 138/339/220 139/340/221
f 141/341/222 144/342/223 145/343/224 147/344/225
f 142/38/12 146/345/226 145/346/226 144/347/227
f 143/348/31 147/349/228 145/346/226 146/345/226
f 148/350/229 151/351/230 152/352/230 154/353/231
f 149/41/15 153/354/232 152/352/230 151/351/230
f 150/105/39 154/355/233 152/356/234 153/357/235
f 155/358/236 158/359/237 159/360/238 161/361/239
f 156/42/16 160/362/240 159/363/240 158/364/241
f 157/39/13 161/365/242 159/363/240 160/362/240
f 162/40/14 165/366/243 166/367/243 168/368/244
f 163/369/245 167/370/246 166/367/243 165/366/243
f 164/371/247 168/372/248 166/373/249 167/374/250
f 169/375/251 172/376/252 173/377/253 175/378/254
f 170/58/18 174/379/255 173/380/255 172/381/256
f 171/382/17 175/383/257 173/380/255 174/379/255
f 176/384/258 179/385/259 180/386/259 182/387/260
f 177/61/21 181/388/261 180/386/259 179/385/259
f 178/389/262 182/390/263 180/391/264 181/392/265
f 183/393/266 186/394/267 187/395/268 189/396/269
f 184/62/22 188/397/270 187/398/270 186/399/271
f 185/59/19 189/400/272 187/398/270 188/397/270
f 190/60/20 193/401/273 194/402/273 196/403/274
f 191/404/275 195/405/276 194/402/273 193/401/273
f 192/406/277 196/407/278 194/408/279 195/409/280
f 197/21/8 200/410/281 201/411/282 203/412/283
f 198/78/25 202/413/284 201/414/284 200/415/285
f 199/416/23 203/417/286 201/414/284 202/413/284
f 204/418/287 207/419/288 208/420/288 210/421/289
f 205/81/28 209/422/290 208/420/288 207/419/288
f 206/423/291 210/424/292 208/425/293 209/426/294
f 211/20/7 214/427/295 215/428/296 217/429/297
f 212/22/9 216/430/298 215/431/298 214/432/299
f 213/79/26 217/433/300 215/431/298 216/430/298
f 218/80/27 221/434/301 222/435/301 224/436/302
f 219/437/303 223/438/304 222/435/301 221/434/301
f 220/439/305 224/440/306 222/441/307 223/442/308
f 17/195/84 1/173/64 7/176/67 21/196/85
f 21/193/82 7/181/71 3/98/32 15/101/35
f 2/177/1 8/182/4 14/185/74 6/178/68
f 6/178/68 14/185/74 10/99/33 3/98/32
f 9/186/75 22/103/37 28/201/90 13/187/76
f 13/190/79 28/205/94 24/100/34 10/99/33
f 23/159/63 16/156/62 18/191/80 27/202/91
f 27/202/91 18/191/80 15/101/35 24/100/34
f 31/211/99 17/195/84 20/198/87 35/212/100
f 35/443/97 20/194/83 16/156/62 29/155/61
f 22/103/37 36/102/36 42/217/105 25/199/88
f 25/204/93 42/444/110 38/445/109 23/159/63
f 37/107/41 30/106/40 32/207/95 41/218/106
f 41/218/106 32/207/95 29/206/61 38/221/109
f 45/227/115 31/211/99 34/214/102 49/228/116
f 49/225/113 34/210/98 30/106/40 43/109/43
f 36/102/36 50/231/119 56/234/122 39/215/103
f 39/220/108 56/239/127 52/108/42 37/107/41
f 51/235/123 44/116/45 46/223/111 55/236/124
f 55/236/124 46/223/111 43/109/43 52/108/42
f 59/245/132 45/227/115 48/230/118 63/246/133
f 63/446/130 48/226/114 44/116/45 57/115/44
f 50/231/119 64/249/136 70/252/139 53/232/120
f 53/238/126 70/447/144 66/448/143 51/235/123
f 65/127/47 58/126/46 60/241/128 69/253/140
f 69/253/140 60/241/128 57/240/44 66/256/143
f 73/262/149 59/245/132 62/248/135 77/263/150
f 77/260/147 62/244/131 58/126/46 71/129/49
f 64/249/136 78/266/153 84/269/156 67/250/137
f 67/255/142 84/274/161 80/128/48 65/127/47
f 79/270/157 72/136/51 74/258/145 83/271/158
f 83/271/158 74/258/145 71/129/49 80/128/48
f 87/18/5 73/262/149 76/265/152 91/280/166
f 91/449/164 76/261/148 72/136/51 85/135/50
f 78/266/153 92/283/169 98/286/172 81/267/154
f 81/273/160 98/450/177 94/451/176 79/270/157
f 93/147/53 86/146/52 88/276/162 97/287/173
f 97/287/173 88/276/162 85/275/50 94/290/176
f 101/19/6 87/18/5 90/282/168 105/296/182
f 105/294/180 90/279/165 86/146/52 99/149/55
f 92/283/169 106/299/185 112/302/188 95/284/170
f 95/289/175 112/306/192 108/148/54 93/147/53
f 107/154/60 100/2/2 102/292/178 111/303/189
f 111/303/189 102/292/178 99/149/55 108/148/54
f 1/173/64 101/19/6 104/298/184 4/174/65
f 4/452/70 104/295/181 100/2/2 2/1/1
f 106/299/185 9/186/75 11/189/78 109/300/186
f 109/305/191 11/453/72 8/17/4 107/154/60
f 129/151/57 113/150/56 119/309/194 133/332/214
f 133/328/211 119/313/197 115/312/196 127/325/208
f 113/150/56 121/153/59 123/317/309 116/307/309
f 116/307/309 123/317/309 120/316/200 114/310/10
f 121/153/59 134/152/58 140/335/216 125/320/203
f 125/324/207 140/338/219 136/104/38 122/321/204
f 134/152/58 129/151/57 132/329/310 137/333/310
f 137/333/310 132/329/310 128/83/30 135/336/217
f 143/84/31 128/83/30 130/331/213 147/454/228
f 147/344/225 130/326/209 127/325/208 141/341/222
f 135/336/217 148/455/229 154/456/231 139/337/218
f 139/340/221 154/355/233 150/105/39 136/104/38
f 148/350/229 143/348/31 146/345/311 151/351/311
f 151/351/311 146/345/311 142/38/12 149/41/15
f 157/39/13 142/38/12 144/347/227 161/365/242
f 161/361/239 144/342/223 141/341/222 155/358/236
f 149/41/15 162/40/14 168/368/244 153/354/232
f 153/357/235 168/372/248 164/371/247 150/105/39
f 162/40/14 157/39/13 160/362/312 165/366/312
f 165/366/312 160/362/312 156/42/16 163/369/245
f 171/43/17 156/42/16 158/364/241 175/457/257
f 175/378/254 158/359/237 155/358/236 169/375/251
f 163/369/245 176/458/258 182/459/260 167/370/246
f 167/374/250 182/390/263 178/389/262 164/371/247
f 176/384/258 171/382/17 174/379/313 179/385/313
f 179/385/313 174/379/313 170/58/18 177/61/21
f 185/59/19 170/58/18 172/381/256 189/400/272
f 189/396/269 172/376/252 169/375/251 183/393/266
f 177/61/21 190/60/20 196/403/274 181/388/261
f 181/392/265 196/407/278 192/406/277 178/389/262
f 190/60/20 185/59/19 188/397/314 193/401/314
f 193/401/314 188/397/314 184/62/22 191/404/275
f 199/63/23 184/62/22 186/399/271 203/460/286
f 203/412/283 186/394/267 183/393/266 197/21/8
f 191/404/275 204/461/287 210/462/289 195/405/276
f 195/409/280 210/424/292 206/423/291 192/406/277
f 204/418/287 199/416/23 202/413/315 207/419/315
f 207/419/315 202/413/315 198/78/25 205/81/28
f 213/79/26 198/78/25 200/415/285 217/433/300
f 217/429/297 200/410/281 197/21/8 211/20/7
f 205/81/28 218/80/27 224/436/302 209/422/290
f 209/426/294 224/440/306 220/439/305 206/423/291
f 218/80/27 213/79/26 216/430/316 221/434/316
f 221/434/316 216/430/316 212/22/9 219/437/303
f 114/23/10 212/22/9 214/432/299 118/463/195
f 118/315/199 214/427/295 211/20/7 115/312/196
f 219/437/303 120/464/200 126/465/202 223/438/304
f 223/442/308 126/322/205 122/321/204 220/439/305
f 226/10/3 100/2/2 228/13/3
f 311/466/317 258/467/317 257/468/317 310/469/317
f 241/470/317 231/471/317 230/472/317 242/473/317
f 315/474/318 262/475/318 261/476/318 314/477/318
f 235/478/318 232/479/318 246/480/318 245/481/318
f 314/482/29 261/483/29 258/484/29 311/485/29
f 246/486/29 232/487/29 231/488/29 241/489/29
f 257/490/24 262/491/24 315/492/24 310/493/24
f 230/494/24 235/495/24 245/496/24 242/497/24
f 289/498/317 290/499/317 343/500/317 342/501/317
f 327/502/317 274/503/317 273/504/317 326/505/317
f 331/506/318 278/507/318 277/508/318 330/509/318
f 344/510/318 291/511/318 294/512/318 347/513/318
f 330/514/3 277/515/3 274/516/3 327/517/3
f 343/518/3 290/519/3 291/520/3 344/521/3
f 273/522/11 278/523/11 331/524/11 326/525/11
f 294/526/11 289/527/11 342/528/11 347/529/11
f 313/530/317 260/531/317 259/532/317 312/533/317
f 243/534/317 233/535/317 234/536/317 244/537/317
f 317/538/318 264/539/318 268/540/318 305/541/318
f 237/542/318 248/543/318 252/544/318 225/545/318
f 305/546/29 268/547/29 260/548/29 313/549/29
f 248/550/29 237/551/29 233/552/29 243/553/29
f 259/554/24 264/555/24 317/556/24 312/557/24
f 234/558/24 225/559/24 252/560/24 244/561/24
f 293/562/317 292/563/317 345/564/317 346/565/317
f 329/566/317 276/567/317 275/568/317 328/569/317
f 333/570/318 280/571/318 284/572/318 321/573/318
f 349/574/318 296/575/318 300/576/318 337/577/318
f 321/578/3 284/579/3 276/580/3 329/581/3
f 345/582/3 292/583/3 296/584/3 349/585/3
f 275/586/11 280/587/11 333/588/11 328/589/11
f 300/590/11 293/591/11 346/592/11 337/593/11
f 306/594/317 269/595/317 263/596/317 316/597/317
f 247/598/317 236/599/317 226/600/317 253/601/317
f 319/602/318 266/603/318 271/604/318 307/605/318
f 228/606/318 240/607/318 250/608/318 255/609/318
f 307/610/29 271/611/29 269/612/29 306/613/29
f 250/614/29 240/615/29 236/616/29 247/617/29
f 263/618/24 266/619/24 319/620/24 316/621/24
f 226/622/24 228/623/24 255/624/24 253/625/24
f 301/626/317 295/627/317 348/628/317 338/629/317
f 285/630/317 279/631/317 332/632/317 322/633/317
f 335/634/318 282/635/318 286/636/318 323/637/318
f 352/638/318 299/639/318 303/640/318 340/641/318
f 323/642/3 286/643/3 285/644/3 322/645/3
f 348/646/3 295/647/3 299/648/3 352/649/3
f 279/650/11 282/651/11 335/652/11 332/653/11
f 303/654/11 301/655/11 338/656/11 340/657/11
f 308/658/317 270/659/317 265/660/317 318/661/317
f 227/662/317 254/663/317 249/664/317 238/665/317
f 320/666/318 267/667/318 272/668/318 309/669/318
f 229/670/318 239/671/318 251/672/318 256/673/318
f 309/674/29 272/675/29 270/676/29 308/677/29
f 251/678/29 239/679/29 238/680/29 249/681/29
f 265/682/24 267/683/24 320/684/24 318/685/24
f 227/686/24 229/687/24 256/688/24 254/689/24
f 302/690/317 297/691/317 350/692/317 339/693/317
f 287/694/317 281/695/317 334/696/317 324/697/317
f 336/698/318 283/699/318 288/700/318 325/701/318
f 351/702/318 298/703/318 304/704/318 341/705/318
f 325/706/3 288/707/3 287/708/3 324/709/3
f 350/710/3 297/711/3 298/712/3 351/713/3
f 281/714/11 283/715/11 336/716/11 334/717/11
f 304/718/11 302/719/11 339/720/11 341/721/11
f 228/722/3 107/723/60 227/724/3
f 8/17/4 238/15/3 239/725/3
f 229/726/3 227/724/3 107/723/60
f 320/727/11 309/728/11 51/235/123 66/448/143
f 246/26/11 241/24/11 114/23/10
f 219/437/303 212/22/9 255/35/11
f 212/22/9 242/25/11 245/29/11
f 212/22/9 245/29/11 244/28/11
f 246/26/11 114/23/10 243/27/11
f 114/23/10 120/464/200 250/36/11
f 243/27/11 114/23/10 248/31/11
f 247/32/11 248/31/11 114/23/10
f 247/32/11 114/23/10 250/36/11
f 212/22/9 244/28/11 252/30/11
f 212/22/9 252/30/11 253/33/11
f 250/36/11 120/464/200 249/37/11
f 251/729/11 249/37/11 120/464/200
f 212/22/9 253/33/11 255/35/11
f 219/437/303 255/35/11 254/34/11
f 219/437/303 254/34/11 256/730/11
f 239/725/3 229/731/3 107/154/60 8/17/4
f 262/46/3 257/44/3 171/43/17
f 163/369/245 156/42/16 271/55/3
f 156/42/16 258/45/3 261/49/3
f 260/48/3 156/42/16 261/49/3
f 268/732/3 269/733/3 156/734/16
f 269/53/3 271/55/3 156/42/16
f 156/734/16 260/735/3 268/732/3
f 163/736/245 271/737/3 270/738/3
f 262/46/3 171/43/17 259/47/3
f 171/43/17 176/458/258 266/56/3
f 259/47/3 171/43/17 264/51/3
f 263/52/3 264/51/3 171/43/17
f 263/52/3 171/43/17 266/56/3
f 163/369/245 270/54/3 272/739/3
f 267/740/3 265/741/3 176/742/258
f 265/57/3 266/56/3 176/458/258
f 204/461/287 191/404/275 288/743/24 283/744/24
f 278/66/24 273/64/24 199/63/23
f 191/404/275 184/62/22 286/75/24
f 184/62/22 274/65/24 277/69/24
f 277/69/24 276/68/24 184/62/22
f 276/68/24 284/73/24 184/62/22
f 278/66/24 199/63/23 275/67/24
f 199/63/23 204/461/287 282/76/24
f 280/70/24 199/63/23 279/71/24
f 280/70/24 275/67/24 199/63/23
f 279/71/24 199/63/23 282/76/24
f 184/62/22 284/73/24 285/72/24
f 286/75/24 184/62/22 285/72/24
f 286/75/24 287/74/24 191/404/275
f 287/74/24 288/743/24 191/404/275
f 283/744/24 281/77/24 204/461/287
f 281/77/24 282/76/24 204/461/287
f 120/464/200 219/437/303 256/730/11 251/729/11
f 291/745/29 290/85/29 143/84/31
f 135/336/217 128/83/30 303/92/29
f 128/746/30 289/747/29 294/748/29
f 294/86/29 293/89/29 128/749/30
f 293/89/29 300/750/29 128/749/30
f 291/751/29 143/752/31 292/753/29
f 143/84/31 148/455/229 299/93/29
f 296/95/29 143/84/31 295/96/29
f 296/95/29 292/754/29 143/84/31
f 299/93/29 295/96/29 143/84/31
f 297/90/29 299/93/29 148/455/229
f 128/755/30 300/756/29 301/757/29
f 128/83/30 301/97/29 303/92/29
f 298/758/29 297/759/29 148/760/229
f 135/336/217 303/92/29 302/91/29
f 163/369/245 272/739/3 267/761/3 176/458/258
f 135/336/217 302/91/29 304/762/29
f 314/118/11 311/117/11 44/116/45
f 66/448/143 57/115/44 319/111/11
f 57/115/44 310/114/11 315/121/11
f 57/115/44 315/121/11 312/120/11
f 314/118/11 44/116/45 313/119/11
f 44/116/45 51/235/123 307/112/11
f 313/119/11 44/116/45 305/122/11
f 305/122/11 44/116/45 306/123/11
f 57/115/44 312/120/11 317/125/11
f 57/115/44 317/125/11 316/124/11
f 306/123/11 44/116/45 307/112/11
f 57/115/44 316/124/11 319/111/11
f 308/113/11 307/112/11 51/235/123
f 66/448/143 319/111/11 318/110/11
f 66/448/143 318/110/11 320/727/11
f 309/728/11 308/113/11 51/235/123
f 351/763/24 341/160/24 23/159/63 38/445/109
f 330/764/29 327/137/29 72/136/51
f 94/451/176 85/135/50 335/131/29
f 85/765/50 326/766/29 331/767/29
f 328/768/29 85/765/50 331/767/29
f 333/145/29 332/144/29 85/135/50
f 332/769/29 335/770/29 85/771/50
f 85/765/50 328/768/29 333/772/29
f 330/773/29 72/774/51 329/775/29
f 72/136/51 79/270/157 323/132/29
f 321/142/29 329/776/29 72/136/51
f 323/132/29 322/143/29 72/136/51
f 322/143/29 321/142/29 72/136/51
f 325/777/29 324/133/29 79/270/157
f 324/133/29 323/132/29 79/270/157
f 94/451/176 335/131/29 334/130/29
f 94/451/176 334/130/29 336/778/29
f 73/262/149 183/393/266 169/375/251 59/245/132
f 164/371/247 178/389/262 64/249/136 50/231/119
f 178/389/262 192/406/277 78/266/153 64/249/136
f 59/245/132 169/375/251 155/358/236 45/227/115
f 101/19/6 1/173/64 115/312/196 211/20/7
f 206/423/291 220/439/305 106/299/185 92/283/169
f 141/341/222 31/211/99 45/227/115 155/358/236
f 347/162/24 342/157/24 16/156/62
f 38/445/109 29/155/61 352/172/24
f 29/155/61 343/158/24 344/165/24
f 345/164/24 29/155/61 344/165/24
f 345/164/24 349/169/24 29/155/61
f 349/169/24 348/168/24 29/155/61
f 352/172/24 350/171/24 38/445/109
f 350/171/24 351/763/24 38/445/109
f 348/168/24 352/172/24 29/155/61
f 347/162/24 16/156/62 346/163/24
f 16/156/62 23/159/63 340/170/24
f 338/167/24 16/156/62 340/170/24
f 337/166/24 346/163/24 16/156/62
f 338/167/24 337/166/24 16/156/62
f 336/778/29 325/777/29 79/270/157 94/451/176
f 339/161/24 340/170/24 23/159/63
f 220/439/305 122/321/204 9/186/75 106/299/185
f 92/283/169 78/266/153 192/406/277 206/423/291
f 127/325/208 115/312/196 1/173/64 17/195/84
f 122/321/204 136/104/38 22/103/37 9/186/75
f 141/341/222 127/325/208 17/195/84 31/211/99
f 87/18/5 197/21/8 183/393/266 73/262/149
f 150/105/39 164/371/247 50/231/119 36/102/36
f 135/336/217 304/762/29 298/779/29 148/455/229
o Red_Dot_Sight_low
v 0.010600 0.076000 0.011400
v 0.010600 0.076600 0.012000
v 0.010000 0.076600 0.011400
v 0.010600 0.076176 0.011824
v 0.010254 0.076254 0.011746
v 0.010176 0.076600 0.011824
v 0.010176 0.076176 0.011400
v 0.010600 0.087400 0.012000
v 0.010600 0.088000 0.011400
v 0.010000 0.087400 0.011400
v 0.010600 0.087824 0.011824
v 0.010254 0.087746 0.011746
v 0.010176 0.087824 0.011400
v 0.010176 0.087400 0.011824
v 0.010600 0.076000 -0.011400
v 0.010000 0.076600 -0.011400
v 0.010600 0.076600 -0.012000
v 0.010176 0.076176 -0.011400
v 0.010254 0.076254 -0.011746
v 0.010176 0.076600 -0.011824
v 0.010600 0.076176 -0.011824
v 0.010600 0.088000 -0.011400
v 0.010600 0.087400 -0.012000
v 0.010000 0.087400 -0.011400
v 0.010600 0.087824 -0.011824
v 0.010254 0.087746 -0.011746
v 0.010176 0.087400 -0.011824
v 0.010176 0.087824 -0.011400
v 0.039400 0.076000 0.011400
v 0.040000 0.076600 0.011400
v 0.039400 0.076600 0.012000
v 0.039824 0.076176 0.011400
v 0.039746 0.076254 0.011746
v 0.039824 0.076600 0.011824
v 0.039400 0.076176 0.011824
v 0.039400 0.088000 0.011400
v 0.039400 0.087400 0.012000
v 0.040000 0.087400 0.011400
v 0.039400 0.087824 0.011824
v 0.039746 0.087746 0.011746
v 0.039824 0.087400 0.011824
v 0.039824 0.087824 0.011400
v 0.039400 0.076000 -0.011400
v 0.039400 0.076600 -0.012000
v 0.040000 0.076600 -0.011400
v 0.039400 0.076176 -0.011824
v 0.039746 0.076254 -0.011746
v 0.039824 0.076600 -0.011824
v 0.039824 0.076176 -0.011400
v 0.039400 0.088000 -0.011400
v 0.040000 0.087400 -0.011400
v 0.039400 0.087400 -0.012000
v 0.039824 0.087824 -0.011400
v 0.039746 0.087746 -0.011746
v 0.039824 0.087400 -0.011824
v 0.039400 0.087824 -0.011824
v 0.010600 0.086000 0.008400
v 0.010600 0.086600 0.009000
v 0.010000 0.086600 0.008400
v 0.010600 0.086176 0.008824
v 0.010254 0.086254 0.008746
v 0.010176 0.086600 0.008824
v 0.010176 0.086176 0.008400
v 0.010600 0.093400 0.009000
v 0.010600 0.094000 0.008400
v 0.010000 0.093400 0.008400
v 0.010600 0.093824 0.008824
v 0.010254 0.093746 0.008746
v 0.010176 0.093824 0.008400
v 0.010176 0.093400 0.008824
v 0.010600 0.086000 -0.008400
v 0.010000 0.086600 -0.008400
v 0.010600 0.086600 -0.009000
v 0.010176 0.086176 -0.008400
v 0.010254 0.086254 -0.008746
v 0.010176 0.086600 -0.008824
v 0.010600 0.086176 -0.008824
v 0.010600 0.094000 -0.008400
v 0.010600 0.093400 -0.009000
v 0.010000 0.093400 -0.008400
v 0.010600 0.093824 -0.008824
v 0.010254 0.093746 -0.008746
v 0.010176 0.093400 -0.008824
v 0.010176 0.093824 -0.008400
v 0.039400 0.086000 0.008400
v 0.040000 0.086600 0.008400
v 0.039400 0.086600 0.009000
v 0.039824 0.086176 0.008400
v 0.039746 0.086254 0.008746
v 0.039824 0.086600 0.008824
v 0.039400 0.086176 0.008824
v 0.039400 0.094000 0.008400
v 0.039400 0.093400 0.009000
v 0.040000 0.093400 0.008400
v 0.039400 0.093824 0.008824
v 0.039746 0.093746 0.008746
v 0.039824 0.093400 0.008824
v 0.039824 0.093824 0.008400
v 0.039400 0.086000 -0.008400
v 0.039400 0.086600 -0.009000
v 0.040000 0.086600 -0.008400
v 0.039400 0.086176 -0.008824
v 0.039746 0.086254 -0.008746
v 0.039824 0.086600 -0.008824
v 0.039824 0.086176 -0.008400
v 0.039400 0.094000 -0.008400
v 0.040000 0.093400 -0.008400
v 0.039400 0.093400 -0.009000
v 0.039824 0.093824 -0.008400
v 0.039746 0.093746 -0.008746
v 0.039824 0.093400 -0.008824
v 0.039400 0.093824 -0.008824
v 0.025000 0.120000 -0.005388
v 0.025000 0.120600 -0.006000
v 0.025000 0.120176 -0.005816
v 0.025000 0.128000 -0.005388
v 0.025000 0.127400 -0.006000
v 0.025000 0.127824 -0.005816
v 0.027062 0.120000 -0.004978
v 0.027296 0.120600 -0.005543
v 0.027226 0.120176 -0.005373
v 0.027062 0.128000 -0.004978
v 0.027296 0.127400 -0.005543
v 0.027226 0.127824 -0.005373
v 0.028810 0.120000 -0.003810
v 0.029243 0.120600 -0.004243
v 0.029113 0.120176 -0.004113
v 0.028810 0.128000 -0.003810
v 0.029243 0.127400 -0.004243
v 0.029113 0.127824 -0.004113
v 0.029978 0.120000 -0.002062
v 0.030543 0.120600 -0.002296
v 0.030373 0.120176 -0.002226
v 0.029978 0.128000 -0.002062
v 0.030543 0.127400 -0.002296
v 0.030373 0.127824 -0.002226
v 0.030388 0.120000 0.000000
v 0.031000 0.120600 0.000000
v 0.030816 0.120176 -0.000000
v 0.030388 0.128000 -0.000000
v 0.031000 0.127400 0.000000
v 0.030816 0.127824 -0.000000
v 0.029978 0.120000 0.002062
v 0.030543 0.120600 0.002296
v 0.030373 0.120176 0.002226
v 0.029978 0.128000 0.002062
v 0.030543 0.127400 0.002296
v 0.030373 0.127824 0.002226
v 0.028810 0.120000 0.003810
v 0.029243 0.120600 0.004243
v 0.029113 0.120176 0.004113
v 0.028810 0.128000 0.003810
v 0.029243 0.127400 0.004243
v 0.029113 0.127824 0.004113
v 0.027062 0.120000 0.004978
v 0.027296 0.120600 0.005543
v 0.027226 0.120176 0.005373
v 0.027062 0.128000 0.004978
v 0.027296 0.127400 0.005543
v 0.027226 0.127824 0.005373
v 0.025000 0.120000 0.005388
v 0.025000 0.120600 0.006000
v 0.025000 0.120176 0.005816
v 0.025000 0.128000 0.005388
v 0.025000 0.127400 0.006000
v 0.025000 0.127824 0.005816
v 0.022938 0.120000 0.004978
v 0.022704 0.120600 0.005543
v 0.022774 0.120176 0.005373
v 0.022938 0.128000 0.004978
v 0.022704 0.127400 0.005543
v 0.022774 0.127824 0.005373
v 0.021190 0.120000 0.003810
v 0.020757 0.120600 0.004243
v 0.020887 0.120176 0.004113
v 0.021190 0.128000 0.003810
v 0.020757 0.127400 0.004243
v 0.020887 0.127824 0.004113
v 0.020022 0.120000 0.002062
v 0.019457 0.120600 0.002296
v 0.019627 0.120176 0.002226
v 0.020022 0.128000 0.002062
v 0.019457 0.127400 0.002296
v 0.019627 0.127824 0.002226
v 0.019612 0.120000 -0.000000
v 0.019000 0.120600 0.000000
v 0.019184 0.120176 0.000000
v 0.019612 0.128000 0.000000
v 0.019000 0.127400 0.000000
v 0.019184 0.127824 0.000000
v 0.020022 0.120000 -0.002062
v 0.019457 0.120600 -0.002296
v 0.019627 0.120176 -0.002226
v 0.020022 0.128000 -0.002062
v 0.019457 0.127400 -0.002296
v 0.019627 0.127824 -0.002226
v 0.021190 0.120000 -0.003810
v 0.020757 0.120600 -0.004243
v 0.020887 0.120176 -0.004113
v 0.021190 0.128000 -0.003810
v 0.020757 0.127400 -0.004243
v 0.020887 0.127824 -0.004113
v 0.022938 0.120000 -0.004978
v 0.022704 0.120600 -0.005543
v 0.022774 0.120176 -0.005373
v 0.022938 0.128000 -0.004978
v 0.022704 0.127400 -0.005543
v 0.022774 0.127824 -0.005373
v 0.025000 0.110388 -0.023000
v 0.025000 0.111000 -0.022400
v 0.025000 0.110816 -0.022824
v 0.025000 0.110388 -0.015000
v 0.025000 0.111000 -0.015600
v 0.025000 0.110816 -0.015176
v 0.027062 0.109978 -0.023000
v 0.027296 0.110543 -0.022400
v 0.027226 0.110373 -0.022824
v 0.027062 0.109978 -0.015000
v 0.027296 0.110543 -0.015600
v 0.027226 0.110373 -0.015176
v 0.028810 0.108810 -0.023000
v 0.029243 0.109243 -0.022400
v 0.029113 0.109113 -0.022824
v 0.028810 0.108810 -0.015000
v 0.029243 0.109243 -0.015600
v 0.029113 0.109113 -0.015176
v 0.030543 0.107296 -0.022400
v 0.029978 0.107062 -0.023000
v 0.030373 0.107226 -0.022824
v 0.029978 0.107062 -0.015000
v 0.030543 0.107296 -0.015600
v 0.030373 0.107226 -0.015176
v 0.030388 0.105000 -0.023000
v 0.031000 0.105000 -0.022400
v 0.030816 0.105000 -0.022824
v 0.030388 0.105000 -0.015000
v 0.031000 0.105000 -0.015600
v 0.030816 0.105000 -0.015176
v 0.029978 0.102938 -0.023000
v 0.030543 0.102704 -0.022400
v 0.030373 0.102774 -0.022824
v 0.029978 0.102938 -0.015000
v 0.030543 0.102704 -0.015600
v 0.030373 0.102774 -0.015176
v 0.028810 0.101190 -0.023000
v 0.029243 0.100757 -0.022400
v 0.029113 0.100887 -0.022824
v 0.028810 0.101190 -0.015000
v 0.029243 0.100757 -0.015600
v 0.029113 0.100887 -0.015176
v 0.027062 0.100022 -0.023000
v 0.027296 0.099457 -0.022400
v 0.027226 0.099627 -0.022824
v 0.027062 0.100022 -0.015000
v 0.027296 0.099457 -0.015600
v 0.027226 0.099627 -0.015176
v 0.025000 0.099612 -0.023000
v 0.025000 0.099000 -0.022400
v 0.025000 0.099184 -0.022824
v 0.025000 0.099612 -0.015000
v 0.025000 0.099000 -0.015600
v 0.025000 0.099184 -0.015176
v 0.022938 0.100022 -0.023000
v 0.022704 0.099457 -0.022400
v 0.022774 0.099627 -0.022824
v 0.022938 0.100022 -0.015000
v 0.022704 0.099457 -0.015600
v 0.022774 0.099627 -0.015176
v 0.021190 0.101190 -0.023000
v 0.020757 0.100757 -0.022400
v 0.020887 0.100887 -0.022824
v 0.021190 0.101190 -0.015000
v 0.020757 0.100757 -0.015600
v 0.020887 0.100887 -0.015176
v 0.020022 0.102938 -0.023000
v 0.019457 0.102704 -0.022400
v 0.019627 0.102774 -0.022824
v 0.020022 0.102938 -0.015000
v 0.019457 0.102704 -0.015600
v 0.019627 0.102774 -0.015176
v 0.019612 0.105000 -0.023000
v 0.019000 0.105000 -0.022400
v 0.019184 0.105000 -0.022824
v 0.019612 0.105000 -0.015000
v 0.019000 0.105000 -0.015600
v 0.019184 0.105000 -0.015176
v 0.020022 0.107062 -0.023000
v 0.019457 0.107296 -0.022400
v 0.019627 0.107226 -0.022824
v 0.020022 0.107062 -0.015000
v 0.019457 0.107296 -0.015600
v 0.019627 0.107226 -0.015176
v 0.021190 0.108810 -0.023000
v 0.020757 0.109243 -0.022400
v 0.020887 0.109113 -0.022824
v 0.021190 0.108810 -0.015000
v 0.020757 0.109243 -0.015600
v 0.020887 0.109113 -0.015176
v 0.022938 0.109978 -0.023000
v 0.022704 0.110543 -0.022400
v 0.022774 0.110373 -0.022824
v 0.022938 0.109978 -0.015000
v 0.022704 0.110543 -0.015600
v 0.022774 0.110373 -0.015176
vn 0.0060 -0.0156 0.9999
vn 0.0060 0.0156 0.9999
vn -0.0060 0.0156 0.9999
vn -0.0060 -0.0156 0.9999
vn 0.9999 -0.0156 -0.0075
vn 0.9999 0.0156 -0.0075
vn 0.9999 0.0156 0.0075
vn 0.9999 -0.0156 0.0075
vn -0.0060 -0.9999 -0.0102
vn 0.0060 -0.9999 -0.0102
vn 0.0060 -0.9999 0.0102
vn -0.0060 -0.9999 0.0102
vn 0.0060 1.0000 -0.0076
vn -0.0060 1.0000 -0.0076
vn -0.0060 1.0000 0.0076
vn 0.0060 1.0000 0.0076
vn -0.9999 -0.0156 0.0075
vn -0.9999 0.0156 0.0075
vn -0.9999 0.0156 -0.0075
vn -0.9999 -0.0156 -0.0075
vn -0.0060 -0.0156 -0.9999
vn -0.0060 0.0156 -0.9999
vn 0.0060 0.0156 -0.9999
vn 0.0060 -0.0156 -0.9999
vn 0.0059 -0.0242 0.9997
vn 0.0059 0.0242 0.9997
vn -0.0059 0.0242 0.9997
vn -0.0059 -0.0243 0.9997
vn 0.9997 -0.0242 -0.0101
vn 0.9997 0.0242 -0.0101
vn 0.9997 0.0242 0.0101
vn 0.9997 -0.0242 0.0101
vn 0.0060 0.9999 -0.0102
vn -0.0060 0.9999 -0.0102
vn -0.0060 0.9999 0.0102
vn 0.0060 0.9999 0.0102
vn -0.9997 -0.0242 0.0101
vn -0.9997 0.0242 0.0101
vn -0.9997 0.0242 -0.0101
vn -0.9997 -0.0242 -0.0101
vn -0.0059 -0.0242 -0.9997
vn -0.0059 0.0242 -0.9997
vn 0.0059 0.0242 -0.9997
vn 0.0059 -0.0242 -0.9997
vn -0.7069 -0.7069 -0.0251
vn -0.7069 -0.7069 0.0251
vn -0.9236 -0.3826 0.0251
vn -0.9236 -0.3826 -0.0251
vn 0.9236 -0.3826 -0.0251
vn 0.9236 -0.3826 0.0251
vn 0.7069 -0.7069 0.0251
vn 0.7069 -0.7069 -0.0251
vn -0.3826 -0.0251 -0.9236
vn -0.3826 0.0251 -0.9236
vn -0.0000 0.0251 -0.9997
vn -0.0000 -0.0251 -0.9997
vn 0.7069 -0.0251 -0.7069
vn 0.7069 0.0251 -0.7069
vn 0.9236 0.0251 -0.3826
vn 0.9236 -0.0251 -0.3826
vn 0.9997 0.0251 -0.0000
vn 0.9997 -0.0251 -0.0000
vn -0.3826 -0.9236 -0.0251
vn -0.3826 -0.9236 0.0251
vn 0.9997 -0.0000 -0.0251
vn 0.9997 -0.0000 0.0251
vn 0.9236 0.0251 0.3826
vn 0.9236 -0.0251 0.3826
vn 0.7069 0.0251 0.7069
vn 0.7069 -0.0251 0.7069
vn 0.3826 0.0251 0.9236
vn 0.3826 -0.0251 0.9236
vn -0.0000 -0.9997 -0.0251
vn -0.0000 -0.9997 0.0251
vn 0.9236 0.3826 -0.0251
vn 0.9236 0.3825 0.0251
vn -0.0000 0.0251 0.9997
vn -0.0000 -0.0251 0.9997
vn -0.3826 0.0251 0.9236
vn -0.3826 -0.0251 0.9236
vn -0.7069 0.0251 0.7069
vn -0.7069 -0.0251 0.7069
vn 0.3826 -0.9236 -0.0251
vn 0.3825 -0.9236 0.0251
vn 0.7069 0.7069 -0.0251
vn 0.7069 0.7069 0.0251
vn -0.9236 0.0251 0.3826
vn -0.9236 -0.0251 0.3826
vn -0.9997 0.0251 -0.0000
vn -0.9997 -0.0251 -0.0000
vn -0.9236 0.0251 -0.3826
vn -0.9236 -0.0251 -0.3826
vn -0.7069 0.0251 -0.7069
vn -0.7069 -0.0251 -0.7069
vn 0.3826 -0.0251 -0.9236
vn 0.3826 0.0251 -0.9236
vn -0.3826 0.9236 -0.0251
vn -0.3825 0.9236 0.0251
vn -0.0000 0.9997 0.0251
vn -0.0000 0.9997 -0.0251
vn -0.9997 -0.0000 0.0251
vn -0.9997 -0.0000 -0.0251
vn -0.9236 0.3826 0.0251
vn -0.9236 0.3825 -0.0251
vn -0.7069 0.7069 0.0251
vn -0.7069 0.7069 -0.0251
vn 0.3826 0.9236 -0.0251
vn 0.3826 0.9236 0.0251
vn -0.0060 -1.0000 0.0076
vn -0.0041 -0.9241 0.3822
vn -0.3251 -0.8881 0.3251
vn -0.3821 -0.9241 0.0051
vn -0.3815 -0.0105 0.9243
vn -0.3251 -0.3251 0.8881
vn -0.0041 -0.3822 0.9241
vn -0.9241 -0.3821 0.0051
vn -0.8881 -0.3251 0.3251
vn -0.9243 -0.0105 0.3815
vn -0.0041 0.3823 0.9240
vn -0.3251 0.3251 0.8881
vn -0.3815 0.0105 0.9243
vn -0.3821 0.9241 0.0051
vn -0.3251 0.8881 0.3251
vn -0.0041 0.9241 0.3822
vn -0.9243 0.0105 0.3814
vn -0.8881 0.3251 0.3251
vn -0.9241 0.3821 0.0051
vn -0.0060 -1.0000 -0.0076
vn -0.3821 -0.9241 -0.0051
vn -0.3251 -0.8881 -0.3251
vn -0.0041 -0.9241 -0.3822
vn -0.9243 -0.0105 -0.3815
vn -0.8881 -0.3251 -0.3251
vn -0.9241 -0.3821 -0.0051
vn -0.0041 -0.3823 -0.9240
vn -0.3251 -0.3251 -0.8881
vn -0.3815 -0.0105 -0.9243
vn -0.0041 0.9241 -0.3822
vn -0.3251 0.8881 -0.3251
vn -0.3821 0.9241 -0.0051
vn -0.3815 0.0105 -0.9243
vn -0.3251 0.3251 -0.8881
vn -0.0041 0.3822 -0.9241
vn -0.9241 0.3821 -0.0051
vn -0.8881 0.3251 -0.3251
vn -0.9243 0.0105 -0.3815
vn 0.0060 -1.0000 0.0075
vn 0.3821 -0.9241 0.0051
vn 0.3251 -0.8881 0.3251
vn 0.0041 -0.9241 0.3822
vn 0.9243 -0.0105 0.3815
vn 0.8881 -0.3250 0.3251
vn 0.9241 -0.3821 0.0051
vn 0.0041 -0.3823 0.9240
vn 0.3251 -0.3251 0.8881
vn 0.3815 -0.0105 0.9243
vn 0.0041 0.9241 0.3822
vn 0.3251 0.8881 0.3251
vn 0.3821 0.9241 0.0051
vn 0.3815 0.0105 0.9243
vn 0.3251 0.3251 0.8881
vn 0.0041 0.3822 0.9241
vn 0.9241 0.3821 0.0051
vn 0.8881 0.3251 0.3251
vn 0.9243 0.0105 0.3815
vn 0.0060 -1.0000 -0.0076
vn 0.0041 -0.9240 -0.3823
vn 0.3251 -0.8881 -0.3251
vn 0.3821 -0.9241 -0.0051
vn 0.3815 -0.0105 -0.9243
vn 0.3251 -0.3251 -0.8881
vn 0.0041 -0.3822 -0.9241
vn 0.9241 -0.3822 -0.0051
vn 0.8881 -0.3251 -0.3250
vn 0.9243 -0.0105 -0.3815
vn 0.3821 0.9241 -0.0051
vn 0.3251 0.8881 -0.3251
vn 0.0041 0.9241 -0.3822
vn 0.9243 0.0105 -0.3815
vn 0.8881 0.3251 -0.3251
vn 0.9241 0.3821 -0.0051
vn 0.0041 0.3823 -0.9240
vn 0.3251 0.3251 -0.8881
vn 0.3815 0.0105 -0.9243
vn -0.3819 -0.9242 0.0069
vn -0.3808 -0.0164 0.9245
vn -0.9242 -0.3820 0.0069
vn -0.9245 -0.0164 0.3808
vn -0.3808 0.0164 0.9245
vn -0.3820 0.9242 0.0069
vn -0.9245 0.0164 0.3808
vn -0.8881 0.3250 0.3251
vn -0.9242 0.3819 0.0069
vn -0.3819 -0.9242 -0.0069
vn -0.9245 -0.0164 -0.3808
vn -0.9242 -0.3819 -0.0069
vn -0.0041 -0.3822 -0.9241
vn -0.3808 -0.0164 -0.9245
vn -0.3819 0.9242 -0.0069
vn -0.3808 0.0164 -0.9245
vn -0.9242 0.3819 -0.0069
vn -0.8881 0.3250 -0.3251
vn -0.9245 0.0164 -0.3808
vn 0.3819 -0.9242 0.0069
vn 0.9245 -0.0164 0.3808
vn 0.8881 -0.3251 0.3251
vn 0.9242 -0.3819 0.0069
vn 0.0041 -0.3822 0.9241
vn 0.3808 -0.0164 0.9245
vn 0.3819 0.9242 0.0069
vn 0.3808 0.0164 0.9245
vn 0.9242 0.3819 0.0069
vn 0.8881 0.3250 0.3250
vn 0.9245 0.0164 0.3808
vn 0.0041 -0.9241 -0.3822
vn 0.3819 -0.9242 -0.0069
vn 0.3808 -0.0164 -0.9245
vn 0.9242 -0.3819 -0.0069
vn 0.8881 -0.3250 -0.3250
vn 0.9245 -0.0164 -0.3808
vn 0.3819 0.9242 -0.0069
vn 0.9245 0.0164 -0.3808
vn 0.8881 0.3250 -0.3250
vn 0.9242 0.3819 -0.0069
vn 0.0041 0.3822 -0.9241
vn 0.3808 0.0164 -0.9245
vn 0.8476 -0.3511 0.3979
vn 0.6487 -0.6487 0.3979
vn 0.2687 -0.2687 0.9250
vn 0.3511 -0.1454 0.9250
vn 0.0798 -0.0331 0.9963
vn 0.0085 -0.0086 0.9999
vn 0.3511 -0.3979 -0.8476
vn -0.0000 -0.3979 -0.9174
vn -0.0000 -0.9250 -0.3800
vn 0.1454 -0.9250 -0.3511
vn 0.0561 -0.9892 -0.1353
vn -0.0000 -0.9627 -0.2706
vn 0.8476 0.3511 -0.3979
vn 0.6487 0.6487 -0.3979
vn 0.2687 0.2687 -0.9250
vn 0.3511 0.1454 -0.9250
vn 0.0728 0.0301 -0.9969
vn 0.1914 0.1914 -0.9627
vn -0.0000 0.3979 -0.9174
vn 0.3511 0.3979 -0.8476
vn 0.1454 0.9250 -0.3511
vn -0.0000 0.9250 -0.3800
vn -0.0000 0.9969 -0.0788
vn 0.1036 0.9627 -0.2500
vn 0.6487 -0.6487 -0.3979
vn 0.8476 -0.3511 -0.3979
vn 0.3511 -0.1454 -0.9250
vn 0.2687 -0.2687 -0.9250
vn 0.1914 -0.1914 -0.9627
vn 0.0095 -0.0039 -0.9999
vn 0.6487 -0.3979 -0.6487
vn 0.2687 -0.9250 -0.2687
vn 0.0611 -0.9963 -0.0611
vn 0.6487 0.3979 -0.6487
vn 0.2687 0.9250 -0.2687
vn 0.0075 0.9999 -0.0075
vn 0.8476 -0.3979 -0.3511
vn 0.3511 -0.9250 -0.1454
vn 0.0097 -0.9999 -0.0040
vn 0.8476 0.3979 -0.3511
vn 0.3511 0.9250 -0.1454
vn 0.0798 0.9963 -0.0330
vn 0.9174 -0.3979 -0.0000
vn 0.3800 -0.9250 -0.0000
vn 0.2707 -0.9627 -0.0000
vn 0.3511 0.8476 0.3979
vn 0.6487 0.6487 0.3979
vn 0.2687 0.2687 0.9250
vn 0.1454 0.3511 0.9250
vn 0.1036 0.2501 0.9627
vn 0.0214 0.0214 0.9995
vn 0.9174 0.3979 -0.0000
vn 0.3800 0.9250 -0.0000
vn 0.1465 0.9892 -0.0000
vn 0.9174 -0.0000 0.3979
vn 0.3800 -0.0000 0.9250
vn 0.1465 -0.0000 0.9892
vn 0.8476 -0.3979 0.3511
vn 0.3511 -0.9250 0.1454
vn 0.1354 -0.9892 0.0561
vn 0.8476 0.3979 0.3511
vn 0.3511 0.9250 0.1454
vn 0.2500 0.9627 0.1036
vn 0.6487 -0.3979 0.6487
vn 0.2687 -0.9250 0.2687
vn 0.0611 -0.9963 0.0611
vn 0.3511 0.8476 -0.3979
vn 0.1454 0.3511 -0.9250
vn 0.0039 0.0095 -0.9999
vn 0.6487 0.3979 0.6487
vn 0.2687 0.9250 0.2687
vn 0.0072 0.9999 0.0072
vn 0.9174 -0.0000 -0.3979
vn 0.3800 -0.0000 -0.9250
vn 0.2706 -0.0000 -0.9627
vn 0.3511 -0.3979 0.8476
vn 0.1454 -0.9250 0.3511
vn 0.0040 -0.9999 0.0097
vn 0.3511 0.3979 0.8476
vn 0.1454 0.9250 0.3511
vn 0.1036 0.9627 0.2500
vn -0.0000 -0.3979 0.9174
vn -0.0000 -0.9250 0.3800
vn -0.0000 -0.9627 0.2706
vn -0.0000 0.3979 0.9174
vn -0.0000 0.9250 0.3800
vn -0.0000 0.9969 0.0788
vn -0.3511 -0.3979 0.8476
vn -0.1454 -0.9250 0.3511
vn -0.0561 -0.9892 0.1353
vn -0.3511 0.3979 0.8476
vn -0.1454 0.9250 0.3511
vn -0.1036 0.9627 0.2500
vn 0.8476 0.3511 0.3979
vn 0.3511 0.1454 0.9250
vn 0.2500 0.1036 0.9627
vn -0.6487 -0.3979 0.6487
vn -0.2687 -0.9250 0.2687
vn -0.0611 -0.9963 0.0611
vn -0.0000 0.9174 0.3979
vn -0.0000 0.3800 0.9250
vn -0.0000 0.0128 0.9999
vn -0.6487 0.3979 0.6487
vn -0.2687 0.9250 0.2687
vn -0.0075 0.9999 0.0075
vn -0.8476 -0.3979 0.3511
vn -0.3511 -0.9250 0.1454
vn -0.0097 -0.9999 0.0040
vn -0.8476 0.3979 0.3511
vn -0.3511 0.9250 0.1454
vn -0.0798 0.9963 0.0330
vn -0.9174 -0.3979 -0.0000
vn -0.3800 -0.9250 -0.0000
vn -0.2707 -0.9627 -0.0000
vn -0.9174 0.3979 -0.0000
vn -0.3800 0.9250 -0.0000
vn -0.1465 0.9892 -0.0000
vn -0.8476 -0.3979 -0.3511
vn -0.3511 -0.9250 -0.1454
vn -0.1354 -0.9892 -0.0561
vn -0.0000 0.9174 -0.3979
vn -0.0000 0.3800 -0.9250
vn -0.0000 0.2707 -0.9627
vn -0.8476 0.3979 -0.3511
vn -0.3511 0.9250 -0.1454
vn -0.2500 0.9627 -0.1036
vn -0.6487 -0.3979 -0.6487
vn -0.2687 -0.9250 -0.2687
vn -0.0611 -0.9963 -0.0611
vn -0.6487 0.3979 -0.6487
vn -0.2687 0.9250 -0.2687
vn -0.0072 0.9999 -0.0072
vn -0.3511 -0.3979 -0.8476
vn -0.1454 -0.9250 -0.3511
vn -0.0040 -0.9999 -0.0097
vn -0.3511 0.3979 -0.8476
vn -0.1454 0.9250 -0.3511
vn -0.1036 0.9627 -0.2500
vn 0.3511 -0.8476 -0.3979
vn 0.1454 -0.3511 -0.9250
vn 0.0301 -0.0728 -0.9969
vn 0.3511 -0.8476 0.3979
vn 0.1454 -0.3511 0.9250
vn 0.1036 -0.2500 0.9627
vn -0.0000 -0.9174 -0.3979
vn -0.0000 -0.3800 -0.9250
vn -0.0000 -0.2707 -0.9627
vn -0.0000 -0.9174 0.3979
vn -0.0000 -0.3800 0.9250
vn -0.0001 -0.0128 0.9999
vn -0.3511 -0.8476 -0.3979
vn -0.1454 -0.3511 -0.9250
vn -0.0039 -0.0095 -0.9999
vn -0.3511 -0.8476 0.3979
vn -0.1454 -0.3511 0.9250
vn -0.1036 -0.2500 0.9627
vn -0.6487 -0.6487 -0.3979
vn -0.2687 -0.2687 -0.9250
vn -0.1914 -0.1914 -0.9627
vn -0.6487 -0.6487 0.3979
vn -0.2687 -0.2687 0.9250
vn -0.0246 -0.0246 0.9994
vn -0.8476 -0.3511 -0.3979
vn -0.3511 -0.1454 -0.9250
vn -0.0728 -0.0301 -0.9969
vn -0.8476 -0.3511 0.3979
vn -0.3511 -0.1454 0.9250
vn -0.0798 -0.0331 0.9963
vn -0.9174 -0.0000 -0.3979
vn -0.3800 -0.0000 -0.9250
vn -0.2706 -0.0000 -0.9627
vn -0.9174 -0.0000 0.3979
vn -0.3800 -0.0000 0.9250
vn -0.1465 -0.0000 0.9892
vn -0.8476 0.3511 -0.3979
vn -0.3511 0.1454 -0.9250
vn -0.0095 0.0039 -0.9999
vn -0.8476 0.3511 0.3979
vn -0.3511 0.1454 0.9250
vn -0.2500 0.1036 0.9627
vn -0.6487 0.6487 -0.3979
vn -0.2687 0.2687 -0.9250
vn -0.1914 0.1914 -0.9627
vn -0.6487 0.6487 0.3979
vn -0.2687 0.2687 0.9250
vn -0.0081 0.0082 0.9999
vn -0.3511 0.8476 -0.3979
vn -0.1454 0.3511 -0.9250
vn -0.0301 0.0728 -0.9969
vn -0.3511 0.8476 0.3979
vn -0.1454 0.3511 0.9250
vn -0.1036 0.2500 0.9627
vt 0.815210 0.425295
vt 0.804707 0.425295
vt 0.804707 0.397419
vt 0.815210 0.397419
vt 0.818250 0.772699
vt 0.807746 0.772699
vt 0.807746 0.750525
vt 0.818250 0.750525
vt 0.778899 0.425447
vt 0.778899 0.397438
vt 0.795237 0.397438
vt 0.795237 0.425447
vt 0.728448 0.735781
vt 0.728448 0.763790
vt 0.706274 0.763790
vt 0.706274 0.735781
vt 0.363946 0.820674
vt 0.353442 0.820674
vt 0.353442 0.798499
vt 0.363946 0.798499
vt 0.478418 0.799343
vt 0.467915 0.799343
vt 0.467915 0.771333
vt 0.478418 0.771333
vt 0.823517 0.810913
vt 0.816904 0.810913
vt 0.816904 0.783037
vt 0.823517 0.783037
vt 0.758877 0.839035
vt 0.752264 0.839035
vt 0.752264 0.822696
vt 0.758877 0.822696
vt 0.308255 0.768272
vt 0.308255 0.796281
vt 0.291916 0.796281
vt 0.291916 0.768272
vt 0.137935 0.840856
vt 0.131322 0.840856
vt 0.131322 0.824517
vt 0.137935 0.824517
vt 0.823325 0.524431
vt 0.816712 0.524431
vt 0.816712 0.496422
vt 0.823325 0.496422
vt 0.883418 0.667965
vt 0.876805 0.667965
vt 0.876805 0.666072
vt 0.883418 0.666072
vt 0.862218 0.131844
vt 0.868831 0.131844
vt 0.868831 0.133737
vt 0.862218 0.133737
vt 0.852749 0.131844
vt 0.846135 0.131844
vt 0.846135 0.129611
vt 0.852749 0.129611
vt 0.851253 0.667965
vt 0.844639 0.667965
vt 0.844639 0.666072
vt 0.851253 0.666072
vt 0.844639 0.663839
vt 0.851253 0.663839
vt 0.884914 0.127378
vt 0.878301 0.127378
vt 0.878301 0.125485
vt 0.884914 0.125485
vt 0.862218 0.129611
vt 0.868831 0.129611
vt 0.844639 0.661606
vt 0.851253 0.661606
vt 0.844639 0.659713
vt 0.851253 0.659713
vt 0.900997 0.133698
vt 0.894384 0.133698
vt 0.894384 0.131690
vt 0.900997 0.131690
vt 0.884914 0.129611
vt 0.878301 0.129611
vt 0.862218 0.127378
vt 0.868831 0.127378
vt 0.894384 0.129425
vt 0.900997 0.129425
vt 0.894384 0.127246
vt 0.900997 0.127246
vt 0.894384 0.125485
vt 0.900997 0.125485
vt 0.884914 0.131844
vt 0.878301 0.131844
vt 0.862218 0.125485
vt 0.868831 0.125485
vt 0.867335 0.667965
vt 0.860722 0.667965
vt 0.860722 0.666072
vt 0.867335 0.666072
vt 0.860722 0.663839
vt 0.867335 0.663839
vt 0.860722 0.661606
vt 0.867335 0.661606
vt 0.884914 0.133737
vt 0.878301 0.133737
vt 0.860722 0.659713
vt 0.867335 0.659713
vt 0.852749 0.133737
vt 0.846135 0.133737
vt 0.852749 0.127378
vt 0.846135 0.127378
vt 0.846135 0.125485
vt 0.852749 0.125485
vt 0.899501 0.666072
vt 0.892888 0.666072
vt 0.892888 0.663839
vt 0.899501 0.663839
vt 0.876805 0.663839
vt 0.883418 0.663839
vt 0.876805 0.661606
vt 0.883418 0.661606
vt 0.876805 0.659713
vt 0.883418 0.659713
vt 0.899501 0.667965
vt 0.892888 0.667965
vt 0.899501 0.661606
vt 0.892888 0.661606
vt 0.892888 0.659713
vt 0.899501 0.659713
vt 0.576468 0.752539
vt 0.576055 0.752539
vt 0.576131 0.752202
vt 0.576468 0.752127
vt 0.815210 0.397025
vt 0.815547 0.397108
vt 0.815623 0.397436
vt 0.364358 0.820674
vt 0.364282 0.821010
vt 0.363946 0.821086
vt 0.804294 0.397436
vt 0.804370 0.397108
vt 0.804707 0.397025
vt 0.706274 0.764202
vt 0.705937 0.764127
vt 0.705862 0.763790
vt 0.353442 0.821086
vt 0.353105 0.821010
vt 0.353029 0.820674
vt 0.598642 0.752539
vt 0.598642 0.752127
vt 0.598979 0.752202
vt 0.599055 0.752539
vt 0.363946 0.798087
vt 0.364282 0.798163
vt 0.364358 0.798499
vt 0.478831 0.799343
vt 0.478755 0.799679
vt 0.478418 0.799755
vt 0.728861 0.763790
vt 0.728785 0.764127
vt 0.728448 0.764202
vt 0.467915 0.799755
vt 0.467578 0.799679
vt 0.467502 0.799343
vt 0.353029 0.798499
vt 0.353105 0.798163
vt 0.353442 0.798087
vt 0.576468 0.780549
vt 0.576468 0.780961
vt 0.576131 0.780886
vt 0.576055 0.780549
vt 0.818250 0.750112
vt 0.818587 0.750188
vt 0.818662 0.750525
vt 0.815623 0.425312
vt 0.815547 0.425654
vt 0.815210 0.425722
vt 0.705862 0.735781
vt 0.705937 0.735444
vt 0.706274 0.735368
vt 0.804707 0.425722
vt 0.804370 0.425654
vt 0.804294 0.425312
vt 0.807334 0.750525
vt 0.807409 0.750188
vt 0.807746 0.750112
vt 0.598642 0.780549
vt 0.599054 0.780549
vt 0.598979 0.780886
vt 0.598642 0.780961
vt 0.478418 0.770921
vt 0.478755 0.770996
vt 0.478831 0.771333
vt 0.818662 0.772699
vt 0.818587 0.773036
vt 0.818250 0.773111
vt 0.728448 0.735368
vt 0.728785 0.735444
vt 0.728861 0.735781
vt 0.807746 0.773111
vt 0.807409 0.773036
vt 0.807334 0.772699
vt 0.467502 0.771333
vt 0.467578 0.770996
vt 0.467915 0.770921
vt 0.795650 0.425447
vt 0.795574 0.425784
vt 0.795237 0.425860
vt 0.823517 0.782643
vt 0.823854 0.782726
vt 0.823930 0.783054
vt 0.138348 0.840856
vt 0.138272 0.841193
vt 0.137935 0.841269
vt 0.816491 0.783054
vt 0.816567 0.782726
vt 0.816904 0.782643
vt 0.291916 0.796694
vt 0.291579 0.796618
vt 0.291504 0.796281
vt 0.131322 0.841269
vt 0.130985 0.841193
vt 0.130909 0.840856
vt 0.778899 0.425860
vt 0.778562 0.425784
vt 0.778486 0.425447
vt 0.137935 0.824105
vt 0.138272 0.824181
vt 0.138348 0.824517
vt 0.823738 0.524431
vt 0.823662 0.524768
vt 0.823325 0.524844
vt 0.308668 0.796281
vt 0.308592 0.796618
vt 0.308255 0.796694
vt 0.816712 0.524844
vt 0.816375 0.524768
vt 0.816299 0.524431
vt 0.130909 0.824517
vt 0.130985 0.824181
vt 0.131322 0.824105
vt 0.795237 0.397025
vt 0.795574 0.397101
vt 0.795650 0.397438
vt 0.758877 0.822284
vt 0.759214 0.822359
vt 0.759290 0.822696
vt 0.823930 0.810930
vt 0.823854 0.811272
vt 0.823517 0.811340
vt 0.291504 0.768272
vt 0.291579 0.767935
vt 0.291916 0.767859
vt 0.816904 0.811340
vt 0.816567 0.811272
vt 0.816491 0.810930
vt 0.751851 0.822696
vt 0.751927 0.822359
vt 0.752264 0.822284
vt 0.778486 0.397438
vt 0.778562 0.397101
vt 0.778899 0.397025
vt 0.823325 0.496009
vt 0.823662 0.496085
vt 0.823738 0.496422
vt 0.759290 0.839035
vt 0.759214 0.839372
vt 0.758877 0.839448
vt 0.308255 0.767859
vt 0.308592 0.767935
vt 0.308668 0.768272
vt 0.752264 0.839448
vt 0.751927 0.839372
vt 0.751851 0.839035
vt 0.816299 0.496422
vt 0.816375 0.496085
vt 0.816712 0.496009
vt 0.869244 0.131776
vt 0.869244 0.133611
vt 0.438192 0.571207
vt 0.437351 0.569170
vt 0.437774 0.569091
vt 0.438553 0.570978
vt 0.853161 0.127446
vt 0.853161 0.129611
vt 0.259224 0.830305
vt 0.259655 0.828140
vt 0.260039 0.828300
vt 0.259640 0.830305
vt 0.861805 0.127446
vt 0.861805 0.125611
vt 0.778424 0.835375
vt 0.776589 0.836602
vt 0.776430 0.836217
vt 0.778130 0.835081
vt 0.845723 0.129611
vt 0.845723 0.127446
vt 0.533707 0.832799
vt 0.533276 0.830635
vt 0.533692 0.830635
vt 0.534091 0.832640
vt 0.861805 0.133611
vt 0.861805 0.131776
vt 0.772260 0.836602
vt 0.770425 0.835375
vt 0.770719 0.835081
vt 0.772419 0.836217
vt 0.853161 0.125611
vt 0.260881 0.826306
vt 0.261175 0.826600
vt 0.845723 0.125611
vt 0.534933 0.834635
vt 0.535227 0.834340
vt 0.851665 0.666003
vt 0.851665 0.667838
vt 0.262716 0.825079
vt 0.262875 0.825464
vt 0.844227 0.667838
vt 0.844227 0.666003
vt 0.536768 0.835861
vt 0.536927 0.835476
vt 0.851665 0.663839
vt 0.264880 0.824649
vt 0.264880 0.825065
vt 0.892475 0.661674
vt 0.892475 0.659839
vt 0.439745 0.563360
vt 0.441775 0.562512
vt 0.441872 0.562923
vt 0.439992 0.563708
vt 0.844227 0.663839
vt 0.538933 0.836291
vt 0.538933 0.835875
vt 0.869244 0.129611
vt 0.437351 0.566963
vt 0.437774 0.567047
vt 0.851665 0.661674
vt 0.267045 0.825079
vt 0.266886 0.825464
vt 0.844227 0.661674
vt 0.541097 0.835861
vt 0.540938 0.835476
vt 0.851665 0.659839
vt 0.268880 0.826306
vt 0.268586 0.826600
vt 0.899914 0.659839
vt 0.899914 0.661674
vt 0.779651 0.833540
vt 0.779266 0.833381
vt 0.844227 0.659839
vt 0.542932 0.834635
vt 0.542638 0.834340
vt 0.861805 0.129611
vt 0.774425 0.837032
vt 0.774425 0.836616
vt 0.901410 0.131638
vt 0.901410 0.133584
vt 0.270106 0.828140
vt 0.269722 0.828300
vt 0.893971 0.133584
vt 0.893971 0.131638
vt 0.544159 0.832799
vt 0.543774 0.832640
vt 0.901410 0.129442
vt 0.270537 0.830305
vt 0.270121 0.830305
vt 0.893971 0.129442
vt 0.544589 0.830635
vt 0.544173 0.830635
vt 0.901410 0.127330
vt 0.270106 0.832470
vt 0.269722 0.832310
vt 0.893971 0.127330
vt 0.544159 0.828470
vt 0.543774 0.828630
vt 0.869244 0.127446
vt 0.438192 0.564923
vt 0.438553 0.565157
vt 0.901410 0.125623
vt 0.268880 0.834305
vt 0.268586 0.834011
vt 0.892475 0.663839
vt 0.443972 0.562508
vt 0.443907 0.562919
vt 0.893971 0.125623
vt 0.542932 0.826635
vt 0.542638 0.826929
vt 0.867748 0.666003
vt 0.867748 0.667838
vt 0.267045 0.835531
vt 0.266886 0.835147
vt 0.860309 0.667838
vt 0.860309 0.666003
vt 0.541097 0.825409
vt 0.540938 0.825794
vt 0.867748 0.663839
vt 0.264880 0.835961
vt 0.264880 0.835545
vt 0.860309 0.663839
vt 0.538933 0.824979
vt 0.538933 0.825395
vt 0.867748 0.661674
vt 0.262716 0.835531
vt 0.262875 0.835147
vt 0.899914 0.663839
vt 0.780081 0.831376
vt 0.779665 0.831376
vt 0.860309 0.661674
vt 0.536768 0.825409
vt 0.536927 0.825794
vt 0.867748 0.659839
vt 0.260881 0.834305
vt 0.261175 0.834011
vt 0.860309 0.659839
vt 0.534933 0.826635
vt 0.535227 0.826929
vt 0.869244 0.125611
vt 0.853161 0.131776
vt 0.853161 0.133611
vt 0.259655 0.832470
vt 0.260039 0.832310
vt 0.845723 0.133611
vt 0.845723 0.131776
vt 0.533707 0.828470
vt 0.534091 0.828630
vt 0.885327 0.131776
vt 0.885327 0.133611
vt 0.769199 0.833540
vt 0.769583 0.833381
vt 0.877888 0.133611
vt 0.877888 0.131776
vt 0.439745 0.572764
vt 0.439992 0.572421
vt 0.885327 0.129611
vt 0.768768 0.831376
vt 0.769184 0.831376
vt 0.877888 0.129611
vt 0.441775 0.573605
vt 0.441872 0.573200
vt 0.885327 0.127446
vt 0.769199 0.829211
vt 0.769583 0.829370
vt 0.877888 0.127446
vt 0.443972 0.573601
vt 0.443907 0.573196
vt 0.885327 0.125611
vt 0.770425 0.827376
vt 0.770719 0.827670
vt 0.877888 0.125611
vt 0.446002 0.572753
vt 0.445788 0.572411
vt 0.883831 0.666004
vt 0.883831 0.667839
vt 0.772260 0.826150
vt 0.772419 0.826534
vt 0.876392 0.667839
vt 0.876392 0.666004
vt 0.447555 0.571190
vt 0.447227 0.570962
vt 0.883831 0.663839
vt 0.774425 0.825720
vt 0.774425 0.826136
vt 0.876392 0.663839
vt 0.448396 0.569149
vt 0.448006 0.569072
vt 0.883831 0.661674
vt 0.776589 0.826150
vt 0.776430 0.826534
vt 0.876392 0.661674
vt 0.448396 0.566943
vt 0.448006 0.567028
vt 0.883831 0.659839
vt 0.778424 0.827376
vt 0.778130 0.827670
vt 0.876392 0.659839
vt 0.447555 0.564906
vt 0.447227 0.565141
vt 0.899914 0.666003
vt 0.899914 0.667838
vt 0.779651 0.829211
vt 0.779266 0.829370
vt 0.892475 0.667838
vt 0.892475 0.666003
vt 0.446002 0.563348
vt 0.445788 0.563698
s 1
usemtl M416_Final_Metal
f 383/780/319 389/781/320 360/782/321 354/783/322
f 397/784/323 403/785/324 390/786/325 382/787/326
f 423/788/327 451/789/328 437/790/329 409/791/330
f 402/792/331 374/793/332 361/794/333 388/795/334
f 355/796/335 362/797/336 376/798/337 368/799/338
f 369/800/339 375/801/340 404/802/341 396/803/342
f 439/804/343 445/805/344 416/806/345 410/807/346
f 453/808/347 459/809/348 446/810/349 438/811/350
f 458/812/351 430/813/352 417/814/353 444/815/354
f 411/816/355 418/817/356 432/818/357 424/819/358
f 425/820/359 431/821/360 460/822/361 452/823/362
f 622/824/363 625/825/364 631/826/365 628/827/366
f 592/828/367 595/829/368 601/830/369 598/831/370
f 556/832/371 559/833/372 469/834/373 466/835/374
f 478/836/375 481/837/376 487/838/377 484/839/378
f 484/839/378 487/838/377 493/840/379 490/841/380
f 616/842/381 619/843/382 625/844/364 622/845/363
f 586/846/383 589/847/384 595/829/368 592/828/367
f 490/841/380 493/840/379 499/848/385 496/849/386
f 496/849/386 499/848/385 505/850/387 502/851/388
f 502/852/388 505/853/387 511/854/389 508/855/390
f 610/856/391 613/857/392 619/843/382 616/842/381
f 579/858/393 583/859/394 589/847/384 586/846/383
f 508/855/390 511/854/389 517/860/395 514/861/396
f 514/861/396 517/860/395 523/862/397 520/863/398
f 520/863/398 523/862/397 529/864/399 526/865/400
f 604/866/401 607/867/402 613/857/392 610/856/391
f 574/868/403 577/869/404 583/859/394 579/858/393
f 526/870/400 529/871/399 535/872/405 532/873/406
f 532/873/406 535/872/405 541/874/407 538/875/408
f 538/875/408 541/874/407 547/876/409 544/877/410
f 598/878/370 601/879/369 607/867/402 604/866/401
f 544/877/410 547/876/409 553/880/411 550/881/412
f 550/882/412 553/883/411 559/833/372 556/832/371
f 472/884/413 475/885/414 481/886/376 478/887/375
f 652/888/415 655/889/416 565/890/417 562/891/418
f 466/835/374 469/834/373 475/885/414 472/884/413
f 628/827/366 631/826/365 637/892/419 634/893/420
f 634/893/420 637/892/419 643/894/421 640/895/422
f 640/895/422 643/894/421 649/896/423 646/897/424
f 646/898/424 649/899/423 655/889/416 652/888/415
f 568/900/425 571/901/426 577/902/404 574/903/403
f 562/891/418 565/890/417 571/901/426 568/900/425
f 353/904/427 356/905/428 357/906/429 359/907/430
f 354/783/322 358/908/431 357/909/432 356/910/433
f 355/796/335 359/911/434 357/912/435 358/913/436
f 360/782/321 363/914/437 364/915/438 366/916/439
f 361/794/333 365/917/440 364/918/441 363/919/442
f 362/797/336 366/920/443 364/921/444 365/922/445
f 367/923/446 370/924/447 371/925/448 373/926/449
f 368/799/338 372/927/450 371/928/451 370/929/452
f 369/800/339 373/930/453 371/931/454 372/932/455
f 374/793/332 377/933/456 378/934/457 380/935/458
f 375/801/340 379/936/459 378/937/460 377/938/461
f 376/798/337 380/939/462 378/940/463 379/941/464
f 381/942/465 384/943/466 385/944/467 387/945/468
f 382/787/326 386/946/469 385/947/470 384/948/471
f 383/780/319 387/949/472 385/950/473 386/951/474
f 388/795/334 391/952/475 392/953/476 394/954/477
f 389/781/320 393/955/478 392/956/479 391/957/480
f 390/786/325 394/958/481 392/959/482 393/960/483
f 395/961/484 398/962/485 399/963/486 401/964/487
f 396/803/342 400/965/488 399/966/489 398/967/490
f 397/784/323 401/968/491 399/969/492 400/970/493
f 402/792/331 405/971/494 406/972/495 408/973/496
f 403/785/324 407/974/497 406/975/498 405/976/499
f 404/802/341 408/977/500 406/978/501 407/979/502
f 409/791/330 412/980/428 413/981/429 415/982/503
f 410/807/346 414/983/504 413/984/432 412/985/433
f 411/816/355 415/986/505 413/987/435 414/988/506
f 416/806/345 419/989/437 420/990/438 422/991/507
f 417/814/353 421/992/508 420/993/441 419/994/442
f 418/817/356 422/995/509 420/996/510 421/997/511
f 423/788/327 426/998/512 427/999/448 429/1000/449
f 424/819/358 428/1001/513 427/1002/451 426/1003/514
f 425/820/359 429/1004/515 427/1005/454 428/1006/516
f 430/813/352 433/1007/456 434/1008/457 436/1009/517
f 431/821/360 435/1010/518 434/1011/460 433/1012/461
f 432/818/357 436/1013/519 434/1014/520 435/1015/521
f 437/790/329 440/1016/522 441/1017/467 443/1018/468
f 438/811/350 442/1019/523 441/1020/524 440/1021/525
f 439/804/343 443/1022/526 441/1023/473 442/1024/527
f 444/815/354 447/1025/475 448/1026/476 450/1027/528
f 445/805/344 449/1028/529 448/1029/479 447/1030/480
f 446/810/349 450/1031/530 448/1032/531 449/1033/532
f 451/789/328 454/1034/533 455/1035/486 457/1036/534
f 452/823/362 456/1037/535 455/1038/489 454/1039/490
f 453/808/347 457/1040/536 455/1041/537 456/1042/538
f 458/812/351 461/1043/539 462/1044/495 464/1045/496
f 459/809/348 463/1046/540 462/1047/541 461/1048/542
f 460/822/361 464/1049/543 462/1050/501 463/1051/544
f 367/923/446 353/904/427 359/907/430 370/924/447
f 370/929/452 359/911/434 355/796/335 368/799/338
f 354/783/322 360/782/321 366/916/439 358/908/431
f 358/913/436 366/920/443 362/797/336 355/796/335
f 361/794/333 374/793/332 380/935/458 365/917/440
f 365/922/445 380/939/462 376/798/337 362/797/336
f 375/801/340 369/800/339 372/932/455 379/936/459
f 379/941/464 372/927/450 368/799/338 376/798/337
f 395/961/484 367/923/446 373/926/449 398/962/485
f 398/967/490 373/930/453 369/800/339 396/803/342
f 374/793/332 402/792/331 408/973/496 377/933/456
f 377/938/461 408/977/500 404/802/341 375/801/340
f 403/785/324 397/784/323 400/970/493 407/974/497
f 407/979/502 400/965/488 396/803/342 404/802/341
f 381/942/465 395/961/484 401/964/487 384/943/466
f 384/948/471 401/968/491 397/784/323 382/787/326
f 402/792/331 388/795/334 394/954/477 405/971/494
f 405/976/499 394/958/481 390/786/325 403/785/324
f 389/781/320 383/780/319 386/951/474 393/955/478
f 393/960/483 386/946/469 382/787/326 390/786/325
f 353/904/427 381/942/465 387/945/468 356/905/428
f 356/910/433 387/949/472 383/780/319 354/783/322
f 388/795/334 361/794/333 363/919/442 391/952/475
f 391/957/480 363/914/437 360/782/321 389/781/320
f 423/788/327 409/791/330 415/982/503 426/998/512
f 426/1003/514 415/986/505 411/816/355 424/819/358
f 410/807/346 416/806/345 422/991/507 414/983/504
f 414/988/506 422/995/509 418/817/356 411/816/355
f 417/814/353 430/813/352 436/1009/517 421/992/508
f 421/997/511 436/1013/519 432/818/357 418/817/356
f 431/821/360 425/820/359 428/1006/516 435/1010/518
f 435/1015/521 428/1001/513 424/819/358 432/818/357
f 451/789/328 423/788/327 429/1000/449 454/1034/533
f 454/1039/490 429/1004/515 425/820/359 452/823/362
f 430/813/352 458/812/351 464/1045/496 433/1007/456
f 433/1012/461 464/1049/543 460/822/361 431/821/360
f 459/809/348 453/808/347 456/1042/538 463/1046/540
f 463/1051/544 456/1037/535 452/823/362 460/822/361
f 437/790/329 451/789/328 457/1036/534 440/1016/522
f 440/1021/525 457/1040/536 453/808/347 438/811/350
f 458/812/351 444/815/354 450/1027/528 461/1043/539
f 461/1048/542 450/1031/530 446/810/349 459/809/348
f 445/805/344 439/804/343 442/1024/527 449/1028/529
f 449/1033/532 442/1019/523 438/811/350 446/810/349
f 409/791/330 437/790/329 443/1018/468 412/980/428
f 412/985/433 443/1022/526 439/804/343 410/807/346
f 444/815/354 417/814/353 419/994/442 447/1025/475
f 447/1030/480 419/989/437 416/806/345 445/805/344
f 601/830/369 595/829/368 596/1052/545 602/1053/546
f 602/1054/547 596/1055/548 594/1056/549 600/1057/550
f 466/835/374 472/884/413 473/1058/551 467/1059/552
f 467/1060/553 473/1061/554 471/1062/555 465/1063/556
f 574/868/403 579/858/393 581/1064/557 575/1065/558
f 575/1066/559 581/1067/560 580/1068/561 573/1069/562
f 475/885/414 469/834/373 470/1070/563 476/1071/564
f 476/1072/565 470/1073/566 468/1074/567 474/1075/568
f 592/828/367 598/831/370 599/1076/569 593/1077/570
f 593/1078/571 599/1079/572 597/1080/573 591/1081/574
f 472/884/413 478/887/375 479/1082/575 473/1058/551
f 473/1061/554 479/1083/576 477/1084/577 471/1062/555
f 481/886/376 475/885/414 476/1071/564 482/1085/578
f 482/1086/579 476/1072/565 474/1075/568 480/1087/580
f 478/836/375 484/839/378 485/1088/581 479/1089/575
f 479/1083/576 485/1090/582 483/1091/583 477/1084/577
f 487/838/377 481/837/376 482/1092/578 488/1093/584
f 488/1094/585 482/1086/579 480/1087/580 486/1095/586
f 484/839/378 490/841/380 491/1096/587 485/1088/581
f 485/1090/582 491/1097/588 489/1098/589 483/1091/583
f 577/902/404 571/901/426 572/1099/590 578/1100/591
f 578/1101/592 572/1102/593 570/1103/594 576/1104/595
f 493/840/379 487/838/377 488/1093/584 494/1105/596
f 494/1106/597 488/1094/585 486/1095/586 492/1107/598
f 595/829/368 589/847/384 590/1108/599 596/1052/545
f 596/1055/548 590/1109/600 588/1110/601 594/1056/549
f 490/841/380 496/849/386 497/1111/602 491/1096/587
f 491/1097/588 497/1112/603 495/1113/604 489/1098/589
f 499/848/385 493/840/379 494/1105/596 500/1114/605
f 500/1115/606 494/1106/597 492/1107/598 498/1116/607
f 496/849/386 502/851/388 503/1117/608 497/1111/602
f 497/1112/603 503/1118/609 501/1119/610 495/1113/604
f 568/900/425 574/903/403 575/1120/558 569/1121/611
f 569/1122/612 575/1066/559 573/1069/562 567/1123/613
f 505/850/387 499/848/385 500/1114/605 506/1124/614
f 506/1125/615 500/1115/606 498/1116/607 504/1126/616
f 586/846/383 592/828/367 593/1077/570 587/1127/617
f 587/1128/618 593/1078/571 591/1081/574 585/1129/619
f 502/852/388 508/855/390 509/1130/620 503/1131/608
f 503/1118/609 509/1132/621 507/1133/622 501/1119/610
f 511/854/389 505/853/387 506/1134/614 512/1135/623
f 512/1136/624 506/1125/615 504/1126/616 510/1137/625
f 508/855/390 514/861/396 515/1138/626 509/1130/620
f 509/1132/621 515/1139/627 513/1140/628 507/1133/622
f 517/860/395 511/854/389 512/1135/623 518/1141/629
f 518/1142/630 512/1136/624 510/1137/625 516/1143/631
f 514/861/396 520/863/398 521/1144/632 515/1138/626
f 515/1139/627 521/1145/633 519/1146/634 513/1140/628
f 523/862/397 517/860/395 518/1141/629 524/1147/635
f 524/1148/636 518/1142/630 516/1143/631 522/1149/637
f 589/847/384 583/859/394 584/1150/638 590/1108/599
f 590/1109/600 584/1151/639 582/1152/640 588/1110/601
f 520/863/398 526/865/400 527/1153/641 521/1144/632
f 521/1145/633 527/1154/642 525/1155/643 519/1146/634
f 571/901/426 565/890/417 566/1156/644 572/1099/590
f 572/1102/593 566/1157/645 564/1158/646 570/1103/594
f 529/864/399 523/862/397 524/1147/635 530/1159/647
f 530/1160/648 524/1148/636 522/1149/637 528/1161/649
f 526/870/400 532/873/406 533/1162/650 527/1163/641
f 527/1154/642 533/1164/651 531/1165/652 525/1155/643
f 535/872/405 529/871/399 530/1166/647 536/1167/653
f 536/1168/654 530/1160/648 528/1161/649 534/1169/655
f 579/858/393 586/846/383 587/1127/617 581/1064/557
f 581/1067/560 587/1128/618 585/1129/619 580/1068/561
f 532/873/406 538/875/408 539/1170/656 533/1162/650
f 533/1164/651 539/1171/657 537/1172/658 531/1165/652
f 541/874/407 535/872/405 536/1167/653 542/1173/659
f 542/1174/660 536/1168/654 534/1169/655 540/1175/661
f 538/875/408 544/877/410 545/1176/662 539/1170/656
f 539/1171/657 545/1177/663 543/1178/664 537/1172/658
f 562/891/418 568/900/425 569/1121/611 563/1179/665
f 563/1180/666 569/1122/612 567/1123/613 561/1181/667
f 547/876/409 541/874/407 542/1173/659 548/1182/668
f 548/1183/669 542/1174/660 540/1175/661 546/1184/670
f 544/877/410 550/881/412 551/1185/671 545/1176/662
f 545/1177/663 551/1186/672 549/1187/673 543/1178/664
f 553/880/411 547/876/409 548/1182/668 554/1188/674
f 554/1189/675 548/1183/669 546/1184/670 552/1190/676
f 583/859/394 577/869/404 578/1191/591 584/1150/638
f 584/1151/639 578/1101/592 576/1104/595 582/1152/640
f 550/882/412 556/832/371 557/1192/677 551/1193/671
f 551/1186/672 557/1194/678 555/1195/679 549/1187/673
f 559/833/372 553/883/411 554/1196/674 560/1197/680
f 560/1198/681 554/1189/675 552/1190/676 558/1199/682
f 556/832/371 466/835/374 467/1059/552 557/1192/677
f 557/1194/678 467/1060/553 465/1063/556 555/1195/679
f 469/834/373 559/833/372 560/1197/680 470/1070/563
f 470/1073/566 560/1198/681 558/1199/682 468/1074/567
f 598/878/370 604/866/401 605/1200/683 599/1201/569
f 599/1079/572 605/1202/684 603/1203/685 597/1080/573
f 607/867/402 601/879/369 602/1204/546 608/1205/686
f 608/1206/687 602/1054/547 600/1057/550 606/1207/688
f 604/866/401 610/856/391 611/1208/689 605/1200/683
f 605/1202/684 611/1209/690 609/1210/691 603/1203/685
f 613/857/392 607/867/402 608/1205/686 614/1211/692
f 614/1212/693 608/1206/687 606/1207/688 612/1213/694
f 610/856/391 616/842/381 617/1214/695 611/1208/689
f 611/1209/690 617/1215/696 615/1216/697 609/1210/691
f 619/843/382 613/857/392 614/1211/692 620/1217/698
f 620/1218/699 614/1212/693 612/1213/694 618/1219/700
f 616/842/381 622/845/363 623/1220/701 617/1214/695
f 617/1215/696 623/1221/702 621/1222/703 615/1216/697
f 625/844/364 619/843/382 620/1217/698 626/1223/704
f 626/1224/705 620/1218/699 618/1219/700 624/1225/706
f 622/824/363 628/827/366 629/1226/707 623/1227/701
f 623/1221/702 629/1228/708 627/1229/709 621/1222/703
f 631/826/365 625/825/364 626/1230/704 632/1231/710
f 632/1232/711 626/1224/705 624/1225/706 630/1233/712
f 628/827/366 634/893/420 635/1234/713 629/1226/707
f 629/1228/708 635/1235/714 633/1236/715 627/1229/709
f 637/892/419 631/826/365 632/1231/710 638/1237/716
f 638/1238/717 632/1232/711 630/1233/712 636/1239/718
f 634/893/420 640/895/422 641/1240/719 635/1234/713
f 635/1235/714 641/1241/720 639/1242/721 633/1236/715
f 643/894/421 637/892/419 638/1237/716 644/1243/722
f 644/1244/723 638/1238/717 636/1239/718 642/1245/724
f 640/895/422 646/897/424 647/1246/725 641/1240/719
f 641/1241/720 647/1247/726 645/1248/727 639/1242/721
f 649/896/423 643/894/421 644/1243/722 650/1249/728
f 650/1250/729 644/1244/723 642/1245/724 648/1251/730
f 646/898/424 652/888/415 653/1252/731 647/1253/725
f 647/1247/726 653/1254/732 651/1255/733 645/1248/727
f 655/889/416 649/899/423 650/1256/728 656/1257/734
f 656/1258/735 650/1250/729 648/1251/730 654/1259/736
f 652/888/415 562/891/418 563/1179/665 653/1252/731
f 653/1254/732 563/1180/666 561/1181/667 651/1255/733
f 565/890/417 655/889/416 656/1257/734 566/1156/644
f 566/1157/645 656/1258/735 654/1259/736 564/1158/646
f 367/923/446 395/961/484 381/942/465 353/904/427
f 555/1195/679 465/1063/556 471/1062/555
f 471/1062/555 477/1084/577 555/1195/679
f 477/1084/577 483/1091/583 555/1195/679
f 483/1091/583 489/1098/589 495/1113/604
f 495/1113/604 501/1119/610 483/1091/583
f 501/1119/610 507/1133/622 483/1091/583
f 507/1133/622 513/1140/628 519/1146/634
f 519/1146/634 525/1155/643 507/1133/622
f 525/1155/643 531/1165/652 507/1133/622
f 531/1165/652 537/1172/658 543/1178/664
f 543/1178/664 549/1187/673 531/1165/652
f 549/1187/673 555/1195/679 531/1165/652
f 639/1242/721 567/1123/613 591/1081/574 615/1216/697
f 615/1216/697 621/1222/703 627/1229/709
f 627/1229/709 633/1236/715 639/1242/721
f 639/1242/721 645/1248/727 651/1255/733
f 651/1255/733 561/1181/667 567/1123/613
f 567/1123/613 573/1069/562 580/1068/561
f 580/1068/561 585/1129/619 591/1081/574
f 591/1081/574 597/1080/573 603/1203/685
f 603/1203/685 609/1210/691 615/1216/697
f 615/1216/697 627/1229/709 639/1242/721
f 639/1242/721 651/1255/733 567/1123/613
f 567/1123/613 580/1068/561 591/1081/574
f 591/1081/574 603/1203/685 615/1216/697
f 612/1213/694 600/1057/550 564/1158/646 648/1251/730
f 480/1087/580 474/1075/568 468/1074/567
f 468/1074/567 558/1199/682 552/1190/676
f 552/1190/676 546/1184/670 540/1175/661
f 540/1175/661 534/1169/655 552/1190/676
f 534/1169/655 528/1161/649 552/1190/676
f 528/1161/649 522/1149/637 516/1143/631
f 516/1143/631 510/1137/625 504/1126/616
f 504/1126/616 498/1116/607 492/1107/598
f 492/1107/598 486/1095/586 504/1126/616
f 486/1095/586 480/1087/580 504/1126/616
f 480/1087/580 468/1074/567 552/1190/676
f 528/1161/649 516/1143/631 504/1126/616
f 483/1091/583 507/1133/622 531/1165/652 555/1195/679
f 600/1057/550 594/1056/549 576/1104/595
f 594/1056/549 588/1110/601 576/1104/595
f 588/1110/601 582/1152/640 576/1104/595
f 576/1104/595 570/1103/594 564/1158/646
f 564/1158/646 654/1259/736 648/1251/730
f 648/1251/730 642/1245/724 636/1239/718
f 636/1239/718 630/1233/712 648/1251/730
f 630/1233/712 624/1225/706 648/1251/730
f 624/1225/706 618/1219/700 612/1213/694
f 612/1213/694 606/1207/688 600/1057/550
f 576/1104/595 564/1158/646 600/1057/550
f 624/1225/706 612/1213/694 648/1251/730
f 528/1161/649 504/1126/616 480/1087/580 552/1190/676
o Upper_Receiver_low
v -0.098800 0.020000 0.021800
v -0.098800 0.021200 0.023000
v 0.003000 0.034000 0.020000
v -0.100000 0.021200 0.021800
v -0.098800 0.020351 0.022649
v 0.003000 0.056000 0.020000
v -0.099493 0.020507 0.022493
v -0.099649 0.021200 0.022649
v -0.099649 0.020351 0.021800
v 0.067000 0.034000 0.020000
v -0.098800 0.068800 0.023000
v 0.067000 0.056000 0.020000
v -0.098800 0.070000 0.021800
v -0.100000 0.068800 0.021800
v -0.098800 0.069649 0.022649
v -0.099493 0.069493 0.022493
v -0.099649 0.069649 0.021800
v -0.099649 0.068800 0.022649
v -0.098800 0.020000 -0.021800
v -0.100000 0.021200 -0.021800
v -0.098800 0.021200 -0.023000
v -0.099649 0.020351 -0.021800
v -0.099493 0.020507 -0.022493
v -0.099649 0.021200 -0.022649
v -0.098800 0.020351 -0.022649
v -0.098800 0.070000 -0.021800
v -0.098800 0.068800 -0.023000
v -0.100000 0.068800 -0.021800
v -0.098800 0.069649 -0.022649
v -0.099493 0.069493 -0.022493
v -0.099649 0.068800 -0.022649
v -0.099649 0.069649 -0.021800
v 0.138800 0.020000 0.021800
v 0.140000 0.021200 0.021800
v 0.138800 0.021200 0.023000
v 0.139649 0.020351 0.021800
v 0.139493 0.020507 0.022493
v 0.139649 0.021200 0.022649
v 0.138800 0.020351 0.022649
v 0.138800 0.070000 0.021800
v 0.138800 0.068800 0.023000
v 0.140000 0.068800 0.021800
v 0.138800 0.069649 0.022649
v 0.139493 0.069493 0.022493
v 0.139649 0.068800 0.022649
v 0.139649 0.069649 0.021800
v 0.138800 0.020000 -0.021800
v 0.138800 0.021200 -0.023000
v 0.140000 0.021200 -0.021800
v 0.138800 0.020351 -0.022649
v 0.139493 0.020507 -0.022493
v 0.139649 0.021200 -0.022649
v 0.139649 0.020351 -0.021800
v 0.138800 0.070000 -0.021800
v 0.140000 0.068800 -0.021800
v 0.138800 0.068800 -0.023000
v 0.139649 0.069649 -0.021800
v 0.139493 0.069493 -0.022493
v 0.139649 0.068800 -0.022649
v 0.138800 0.069649 -0.022649
v -0.008800 0.050000 0.028800
v -0.008800 0.051200 0.030000
v -0.010000 0.051200 0.028800
v -0.008800 0.050351 0.029649
v -0.009493 0.050507 0.029493
v -0.009649 0.051200 0.029649
v -0.009649 0.050351 0.028800
v -0.008800 0.062800 0.030000
v -0.008800 0.064000 0.028800
v -0.010000 0.062800 0.028800
v -0.008800 0.063649 0.029649
v -0.009493 0.063493 0.029493
v -0.009649 0.063649 0.028800
v -0.009649 0.062800 0.029649
v -0.008800 0.050000 0.023200
v -0.010000 0.051200 0.023200
v -0.009649 0.050351 0.023200
v -0.008800 0.064000 0.023200
v -0.010000 0.062800 0.023200
v -0.009649 0.063649 0.023200
v 0.000800 0.050000 0.028800
v 0.002000 0.051200 0.028800
v 0.000800 0.051200 0.030000
v 0.001649 0.050351 0.028800
v 0.001493 0.050507 0.029493
v 0.001649 0.051200 0.029649
v 0.000800 0.050351 0.029649
v 0.000800 0.064000 0.028800
v 0.000800 0.062800 0.030000
v 0.002000 0.062800 0.028800
v 0.000800 0.063649 0.029649
v 0.001493 0.063493 0.029493
v 0.001649 0.062800 0.029649
v 0.001649 0.063649 0.028800
v 0.000800 0.050000 0.023200
v 0.002000 0.051200 0.023200
v 0.001649 0.050351 0.023200
v 0.000800 0.064000 0.023200
v 0.002000 0.062800 0.023200
v 0.001649 0.063649 0.023200
v -0.009917 0.051200 0.023000
v -0.009917 0.062800 0.023000
v -0.009854 0.051000 0.023000
v -0.009854 0.063000 0.023000
v -0.009604 0.063604 0.023000
v -0.008800 0.063917 0.023000
v -0.009000 0.063854 0.023000
v 0.000800 0.063917 0.023000
v 0.001000 0.050146 0.023000
v 0.001604 0.050396 0.023000
v 0.001854 0.051000 0.023000
v 0.003000 0.049400 0.023000
v 0.003000 0.048406 0.023000
v 0.003000 0.056000 0.023000
v 0.067000 0.056000 0.023000
v 0.001917 0.051200 0.023000
v 0.001917 0.062800 0.023000
v 0.001854 0.063000 0.023000
v 0.001604 0.063604 0.023000
v 0.000800 0.050083 0.023000
v 0.001000 0.063854 0.023000
v -0.009604 0.050396 0.023000
v -0.009000 0.050146 0.023000
v -0.008800 0.050083 0.023000
v 0.003000 0.034000 0.023000
v 0.067000 0.034000 0.023000
vn -0.0000 -0.0000 1.0000
vn -0.0049 0.0238 0.9997
vn 0.0036 -0.0179 0.9998
vn 0.0043 0.0208 0.9998
vn 0.9999 -0.0073 -0.0079
vn 0.9999 0.0072 -0.0079
vn 0.9999 0.0073 0.0079
vn 0.9999 -0.0072 0.0079
vn -0.0336 -0.9993 -0.0141
vn 0.0336 -0.9993 -0.0141
vn 0.0325 -0.9981 0.0533
vn -0.0325 -0.9981 0.0533
vn 0.0015 1.0000 -0.0079
vn -0.0015 1.0000 -0.0080
vn -0.0015 1.0000 0.0079
vn 0.0015 1.0000 0.0079
vn -0.9999 -0.0073 0.0079
vn -0.9999 0.0072 0.0079
vn -0.9999 0.0073 -0.0079
vn -0.9999 -0.0072 -0.0079
vn -0.0015 -0.0073 -1.0000
vn -0.0015 0.0073 -1.0000
vn 0.0015 0.0073 -1.0000
vn 0.0015 -0.0073 -1.0000
vn 0.0330 -0.0276 0.9991
vn 0.0330 0.0276 0.9991
vn -0.0330 0.0276 0.9991
vn -0.0330 -0.0276 0.9991
vn 0.9995 -0.0282 -0.0141
vn 0.9995 0.0282 -0.0141
vn 0.9982 0.0272 0.0535
vn 0.9982 -0.0272 0.0535
vn 0.0336 0.9993 -0.0141
vn -0.0336 0.9993 -0.0141
vn -0.0325 0.9981 0.0533
vn 0.0325 0.9981 0.0533
vn -0.9982 -0.0272 0.0535
vn -0.9982 0.0272 0.0535
vn -0.9995 0.0282 -0.0141
vn -0.9995 -0.0282 -0.0141
vn -0.0015 -1.0000 0.0079
vn -0.0010 -0.9239 0.3826
vn -0.3251 -0.8881 0.3251
vn -0.3821 -0.9241 0.0053
vn -0.0032 -0.0157 0.9999
vn -0.3822 -0.0049 0.9241
vn -0.3251 -0.3251 0.8881
vn -0.0010 -0.3826 0.9239
vn -0.9241 -0.3821 0.0053
vn -0.8881 -0.3251 0.3251
vn -0.9241 -0.0049 0.3821
vn -0.0010 0.3826 0.9239
vn -0.3251 0.3251 0.8881
vn -0.3821 0.0049 0.9241
vn -0.3821 0.9241 0.0053
vn -0.3251 0.8881 0.3251
vn -0.0010 0.9239 0.3826
vn -0.9241 0.0049 0.3821
vn -0.8881 0.3251 0.3251
vn -0.9241 0.3821 0.0053
vn -0.0015 -1.0000 -0.0079
vn -0.3821 -0.9241 -0.0053
vn -0.3251 -0.8881 -0.3251
vn -0.0010 -0.9239 -0.3826
vn -0.9241 -0.0049 -0.3821
vn -0.8881 -0.3251 -0.3251
vn -0.9241 -0.3821 -0.0053
vn -0.0010 -0.3826 -0.9239
vn -0.3251 -0.3251 -0.8881
vn -0.3821 -0.0049 -0.9241
vn -0.0010 0.9239 -0.3826
vn -0.3251 0.8881 -0.3251
vn -0.3821 0.9241 -0.0053
vn -0.3821 0.0049 -0.9241
vn -0.3251 0.3251 -0.8881
vn -0.0010 0.3826 -0.9239
vn -0.9241 0.3821 -0.0053
vn -0.8881 0.3251 -0.3251
vn -0.9241 0.0049 -0.3821
vn 0.0015 -1.0000 0.0079
vn 0.3821 -0.9241 0.0053
vn 0.3251 -0.8881 0.3251
vn 0.0010 -0.9239 0.3826
vn 0.9241 -0.0049 0.3821
vn 0.8881 -0.3251 0.3251
vn 0.9241 -0.3821 0.0053
vn 0.0011 -0.3826 0.9239
vn 0.3251 -0.3251 0.8881
vn 0.3821 -0.0049 0.9241
vn 0.0010 0.9239 0.3826
vn 0.3251 0.8881 0.3251
vn 0.3821 0.9241 0.0053
vn 0.3822 0.0049 0.9241
vn 0.3251 0.3251 0.8881
vn 0.0010 0.3826 0.9239
vn 0.9241 0.3821 0.0053
vn 0.8881 0.3251 0.3251
vn 0.9241 0.0049 0.3821
vn 0.0015 -1.0000 -0.0079
vn 0.0010 -0.9239 -0.3826
vn 0.3251 -0.8881 -0.3251
vn 0.3821 -0.9241 -0.0053
vn 0.3821 -0.0049 -0.9241
vn 0.3251 -0.3251 -0.8881
vn 0.0010 -0.3826 -0.9239
vn 0.9241 -0.3821 -0.0053
vn 0.8881 -0.3251 -0.3251
vn 0.9241 -0.0049 -0.3821
vn 0.3821 0.9241 -0.0053
vn 0.3251 0.8881 -0.3251
vn 0.0010 0.9239 -0.3826
vn 0.9241 0.0049 -0.3821
vn 0.8881 0.3251 -0.3251
vn 0.9241 0.3821 -0.0053
vn 0.0010 0.3826 -0.9239
vn 0.3251 0.3251 -0.8881
vn 0.3821 0.0049 -0.9241
vn -0.0228 -0.9247 0.3800
vn -0.3782 -0.9250 0.0373
vn -0.3805 -0.0191 0.9246
vn -0.0228 -0.3800 0.9247
vn -0.9250 -0.3782 0.0373
vn -0.9246 -0.0191 0.3805
vn -0.0228 0.3800 0.9247
vn -0.3805 0.0191 0.9246
vn -0.3782 0.9250 0.0373
vn -0.0228 0.9247 0.3800
vn -0.9246 0.0191 0.3805
vn -0.9250 0.3782 0.0373
vn -0.3824 -0.9240 -0.0103
vn -0.3571 -0.8871 -0.2923
vn -0.0296 -0.9257 -0.3772
vn -0.9240 -0.3824 -0.0103
vn -0.9254 -0.0248 -0.3781
vn -0.8871 -0.3571 -0.2923
vn -0.3571 0.8871 -0.2923
vn -0.3823 0.9240 -0.0103
vn -0.0296 0.9257 -0.3772
vn -0.9240 0.3824 -0.0103
vn -0.8871 0.3571 -0.2923
vn -0.9254 0.0248 -0.3781
vn 0.3782 -0.9250 0.0373
vn 0.0228 -0.9247 0.3800
vn 0.9246 -0.0191 0.3805
vn 0.9250 -0.3782 0.0373
vn 0.0228 -0.3800 0.9247
vn 0.3805 -0.0191 0.9246
vn 0.0228 0.9247 0.3800
vn 0.3782 0.9250 0.0373
vn 0.3805 0.0191 0.9246
vn 0.0228 0.3800 0.9247
vn 0.9250 0.3782 0.0373
vn 0.9246 0.0191 0.3805
vn 0.3824 -0.9240 -0.0103
vn 0.0296 -0.9257 -0.3772
vn 0.3571 -0.8871 -0.2923
vn 0.9240 -0.3824 -0.0103
vn 0.8871 -0.3571 -0.2923
vn 0.9254 -0.0248 -0.3781
vn 0.0296 0.9257 -0.3772
vn 0.3823 0.9240 -0.0103
vn 0.3571 0.8871 -0.2923
vn 0.8871 0.3571 -0.2923
vn 0.9240 0.3824 -0.0103
vn 0.9254 0.0248 -0.3781
vn 1.0000 -0.0000 -0.0000
vn -1.0000 -0.0000 -0.0000
vn -0.0000 1.0000 -0.0000
vn -0.0000 -1.0000 -0.0000
vt 0.079634 0.102794
vt 0.079877 0.102207
vt 0.081570 0.104153
vt 0.080603 0.104153
vt 0.061735 0.005147
vt 0.067571 0.091590
vt 0.067376 0.091652
vt 0.108028 0.236224
vt 0.061735 0.236224
vt 0.074184 0.166396
vt 0.095580 0.166396
vt 0.318758 0.682854
vt 0.318758 0.637242
vt 0.361161 0.637222
vt 0.361161 0.682835
vt 0.907478 0.433600
vt 0.907478 0.442799
vt 0.902032 0.442801
vt 0.902032 0.433602
vt 0.261896 0.005147
vt 0.261896 0.236224
vt 0.219493 0.236224
vt 0.219493 0.005147
vt 0.056863 0.682469
vt 0.056863 0.636175
vt 0.099266 0.636175
vt 0.099266 0.682469
vt 0.051441 0.236224
vt 0.005147 0.236224
vt 0.005147 0.005147
vt 0.051441 0.005147
vt 0.418545 0.574614
vt 0.418545 0.563333
vt 0.427882 0.563333
vt 0.427882 0.574614
vt 0.864199 0.328493
vt 0.864199 0.317378
vt 0.869645 0.317375
vt 0.869645 0.328491
vt 0.885388 0.317446
vt 0.885388 0.326782
vt 0.879942 0.326782
vt 0.879942 0.317446
vt 0.828320 0.048186
vt 0.828320 0.036905
vt 0.833766 0.036905
vt 0.833766 0.048186
vt 0.272190 0.005213
vt 0.271364 0.005155
vt 0.271515 0.004465
vt 0.272189 0.004342
vt 0.108028 0.005147
vt 0.108028 0.004322
vt 0.108702 0.004474
vt 0.108854 0.005147
vt 0.056862 0.683294
vt 0.056187 0.683142
vt 0.056036 0.682469
vt 0.060910 0.005147
vt 0.061061 0.004474
vt 0.061735 0.004322
vt 0.219492 0.237050
vt 0.218817 0.236898
vt 0.218666 0.236224
vt 0.056036 0.636175
vt 0.056187 0.635502
vt 0.056862 0.635350
vt 0.314593 0.005194
vt 0.314592 0.004322
vt 0.315265 0.004445
vt 0.315417 0.005135
vt 0.100090 0.682469
vt 0.099938 0.683142
vt 0.099264 0.683294
vt 0.052266 0.236224
vt 0.052114 0.236898
vt 0.051441 0.237050
vt 0.262720 0.236224
vt 0.262568 0.236898
vt 0.261894 0.237050
vt 0.005147 0.237050
vt 0.004474 0.236898
vt 0.004322 0.236224
vt 0.099264 0.635350
vt 0.099938 0.635502
vt 0.100090 0.636175
vt 0.272190 0.232891
vt 0.272189 0.233646
vt 0.271515 0.233471
vt 0.271364 0.232833
vt 0.361987 0.682893
vt 0.361836 0.683582
vt 0.361162 0.683706
vt 0.108854 0.236224
vt 0.108702 0.236898
vt 0.108028 0.237050
vt 0.218666 0.005147
vt 0.218817 0.004474
vt 0.219492 0.004322
vt 0.061735 0.237050
vt 0.061061 0.236898
vt 0.060910 0.236224
vt 0.361162 0.636468
vt 0.361836 0.636642
vt 0.361987 0.637280
vt 0.314593 0.232872
vt 0.315417 0.232813
vt 0.315265 0.233451
vt 0.314592 0.233626
vt 0.051441 0.004322
vt 0.052114 0.004474
vt 0.052266 0.005147
vt 0.318759 0.683726
vt 0.318085 0.683603
vt 0.317933 0.682913
vt 0.261894 0.004322
vt 0.262568 0.004474
vt 0.262720 0.005147
vt 0.317933 0.637301
vt 0.318085 0.636663
vt 0.318759 0.636487
vt 0.004322 0.005147
vt 0.004474 0.004474
vt 0.005147 0.004322
vt 0.901206 0.433544
vt 0.901357 0.432854
vt 0.902031 0.432731
vt 0.428707 0.574614
vt 0.428556 0.575288
vt 0.427882 0.575440
vt 0.828319 0.049012
vt 0.827644 0.048860
vt 0.827493 0.048186
vt 0.427882 0.562508
vt 0.428556 0.562659
vt 0.428707 0.563333
vt 0.879940 0.327608
vt 0.879266 0.327456
vt 0.879115 0.326782
vt 0.827493 0.036905
vt 0.827644 0.036231
vt 0.828319 0.036080
vt 0.907477 0.432728
vt 0.907672 0.432764
vt 0.907672 0.433384
vt 0.907672 0.433586
vt 0.833765 0.049012
vt 0.833960 0.048186
vt 0.833960 0.048381
vt 0.833959 0.048968
vt 0.885581 0.327564
vt 0.885387 0.327608
vt 0.885582 0.326782
vt 0.885582 0.326977
vt 0.833765 0.036080
vt 0.833959 0.036123
vt 0.833960 0.036710
vt 0.833960 0.036905
vt 0.902031 0.443556
vt 0.901357 0.443381
vt 0.901206 0.442743
vt 0.870471 0.328549
vt 0.870320 0.329239
vt 0.869646 0.329362
vt 0.418545 0.575440
vt 0.417872 0.575288
vt 0.417720 0.574614
vt 0.879115 0.317446
vt 0.879266 0.316772
vt 0.879940 0.316621
vt 0.417720 0.563333
vt 0.417872 0.562659
vt 0.418545 0.562508
vt 0.869646 0.316621
vt 0.870320 0.316795
vt 0.870471 0.317433
vt 0.907477 0.443554
vt 0.907672 0.442785
vt 0.907672 0.442966
vt 0.907672 0.443503
vt 0.864200 0.329365
vt 0.864005 0.329329
vt 0.864004 0.328709
vt 0.864004 0.328507
vt 0.885582 0.317446
vt 0.885387 0.316621
vt 0.885581 0.316664
vt 0.885582 0.317251
vt 0.864004 0.317211
vt 0.864005 0.316674
vt 0.864200 0.316623
vt 0.864004 0.317392
vt 0.905125 0.540368
vt 0.905125 0.554173
vt 0.902207 0.554174
vt 0.902207 0.533093
vt 0.905125 0.533091
vt 0.905125 0.539416
vt 0.685003 0.533169
vt 0.706400 0.533169
vt 0.706400 0.595412
vt 0.685003 0.595412
vt 0.905035 0.254094
vt 0.905035 0.275490
vt 0.902117 0.275490
vt 0.902117 0.254094
vt 0.802181 0.175252
vt 0.805099 0.175252
vt 0.805099 0.237495
vt 0.802181 0.237495
vt 0.802181 0.246141
vt 0.805099 0.246139
vt 0.805099 0.307467
vt 0.802181 0.307468
vt 0.079047 0.103038
vt 0.074184 0.104153
vt 0.067571 0.103099
vt 0.066484 0.102013
vt 0.067376 0.103038
vt 0.078852 0.103099
vt 0.066789 0.102794
vt 0.095580 0.104153
vt 0.079939 0.092677
vt 0.079939 0.102013
vt 0.066546 0.102207
vt 0.079634 0.091895
vt 0.079877 0.092482
vt 0.066484 0.092677
vt 0.079047 0.091652
vt 0.078852 0.091590
vt 0.066546 0.092482
vt 0.066789 0.091895
s 1
usemtl M416_Final_Metal.001
f 766/1260/737 765/1261/737 769/1262/737 768/1263/737
f 667/1264/738 758/1265/737 760/1266/737
f 691/1267/739 697/1268/740 771/1269/737 782/1270/737
f 705/1271/741 711/1272/742 698/1273/743 690/1274/744
f 731/1275/745 751/1276/746 737/1277/747 717/1278/748
f 710/1279/749 682/1280/750 669/1281/751 696/1282/752
f 660/1283/753 670/1284/754 684/1285/755 676/1286/756
f 677/1287/757 683/1288/758 712/1289/759 704/1290/760
f 739/1291/761 745/1292/762 724/1293/763 718/1294/764
f 752/1295/765 755/1296/766 746/1297/767 738/1298/768
f 754/1299/769 734/1300/770 725/1301/771 744/1302/772
f 719/1303/773 726/1304/774 735/1305/775 732/1306/776
f 657/1307/777 661/1308/778 663/1309/779 665/1310/780
f 658/1311/781 664/1312/782 663/1313/783 661/1314/784
f 660/1283/753 665/1315/785 663/1316/786 664/1317/787
f 667/1264/738 671/1318/788 672/1319/789 674/1320/790
f 669/1281/751 673/1321/791 672/1322/792 671/1323/793
f 670/1284/754 674/1324/794 672/1325/795 673/1326/796
f 675/1327/797 678/1328/798 679/1329/799 681/1330/800
f 676/1286/756 680/1331/801 679/1332/802 678/1333/803
f 677/1287/757 681/1334/804 679/1335/805 680/1336/806
f 682/1280/750 685/1337/807 686/1338/808 688/1339/809
f 683/1288/758 687/1340/810 686/1341/811 685/1342/812
f 684/1285/755 688/1343/813 686/1344/814 687/1345/815
f 689/1346/816 692/1347/817 693/1348/818 695/1349/819
f 690/1274/744 694/1350/820 693/1351/821 692/1352/822
f 691/1267/739 695/1353/823 693/1354/824 694/1355/825
f 696/1282/752 699/1356/826 700/1357/827 702/1358/828
f 697/1268/740 701/1359/829 700/1360/830 699/1361/831
f 698/1273/743 702/1362/832 700/1363/833 701/1364/834
f 703/1365/835 706/1366/836 707/1367/837 709/1368/838
f 704/1290/760 708/1369/839 707/1370/840 706/1371/841
f 705/1271/741 709/1372/842 707/1373/843 708/1374/844
f 710/1279/749 713/1375/845 714/1376/846 716/1377/847
f 711/1272/742 715/1378/848 714/1379/849 713/1380/850
f 712/1289/759 716/1381/851 714/1382/852 715/1383/853
f 717/1278/748 720/1384/854 721/1385/779 723/1386/855
f 718/1294/764 722/1387/856 721/1388/783 720/1389/857
f 719/1303/773 723/1390/858 721/1391/786 722/1392/859
f 724/1293/763 727/1393/860 728/1394/789 730/1395/861
f 725/1301/771 729/1396/862 728/1397/792 727/1398/863
f 726/1304/774 730/1399/864 728/1400/795 729/1401/865
f 731/1275/745 733/1402/866 778/1403/867 779/1404/867 780/1405/868
f 733/1406/869 732/1306/776 757/1407/870 759/1408/871 778/1409/871
f 761/1410/872 736/1411/873 734/1300/770 762/1412/874 763/1413/872
f 735/1305/775 736/1414/875 761/1415/876 760/1416/876 758/1417/877
f 737/1277/747 740/1418/878 741/1419/818 743/1420/879
f 738/1298/768 742/1421/880 741/1422/821 740/1423/881
f 739/1291/761 743/1424/882 741/1425/824 742/1426/883
f 744/1302/772 747/1427/884 748/1428/827 750/1429/885
f 745/1292/762 749/1430/886 748/1431/830 747/1432/887
f 746/1297/767 750/1433/888 748/1434/833 749/1435/889
f 753/1436/890 751/1276/746 776/1437/891 765/1438/892 766/1439/892
f 752/1295/765 753/1440/893 766/1441/894 767/1442/894 772/1443/895
f 764/1444/896 754/1299/769 756/1445/897 775/1446/898 777/1447/898
f 774/1448/899 775/1449/899 756/1450/900 755/1296/766 773/1451/901
f 675/1327/797 657/1307/777 665/1310/780 678/1328/798
f 678/1333/803 665/1315/785 660/1283/753 676/1286/756
f 658/1311/781 667/1264/738 674/1320/790 664/1312/782
f 664/1317/787 674/1324/794 670/1284/754 660/1283/753
f 669/1281/751 682/1280/750 688/1339/809 673/1321/791
f 673/1326/796 688/1343/813 684/1285/755 670/1284/754
f 683/1288/758 677/1287/757 680/1336/806 687/1340/810
f 687/1345/815 680/1331/801 676/1286/756 684/1285/755
f 703/1365/835 675/1327/797 681/1330/800 706/1366/836
f 706/1371/841 681/1334/804 677/1287/757 704/1290/760
f 682/1280/750 710/1279/749 716/1377/847 685/1337/807
f 685/1342/812 716/1381/851 712/1289/759 683/1288/758
f 711/1272/742 705/1271/741 708/1374/844 715/1378/848
f 715/1383/853 708/1369/839 704/1290/760 712/1289/759
f 689/1346/816 703/1365/835 709/1368/838 692/1347/817
f 692/1352/822 709/1372/842 705/1271/741 690/1274/744
f 710/1279/749 696/1282/752 702/1358/828 713/1375/845
f 713/1380/850 702/1362/832 698/1273/743 711/1272/742
f 697/1268/740 691/1267/739 694/1355/825 701/1359/829
f 701/1364/834 694/1350/820 690/1274/744 698/1273/743
f 657/1307/777 689/1346/816 695/1349/819 661/1308/778
f 661/1314/784 695/1353/823 691/1267/739 658/1311/781
f 696/1282/752 669/1281/751 671/1323/793 699/1356/826
f 699/1361/831 671/1318/788 667/1264/738 697/1268/740
f 731/1275/745 717/1278/748 723/1386/855 733/1402/866
f 733/1406/869 723/1390/858 719/1303/773 732/1306/776
f 718/1294/764 724/1293/763 730/1395/861 722/1387/856
f 722/1392/859 730/1399/864 726/1304/774 719/1303/773
f 725/1301/771 734/1300/770 736/1411/873 729/1396/862
f 729/1401/865 736/1414/875 735/1305/775 726/1304/774
f 732/1306/776 735/1305/775 758/1417/877 757/1407/870
f 751/1276/746 731/1275/745 780/1405/868 776/1437/891
f 762/1412/874 734/1300/770 754/1299/769 764/1444/896
f 755/1296/766 752/1295/765 772/1443/895 773/1451/901
f 737/1277/747 751/1276/746 753/1436/890 740/1418/878
f 740/1423/881 753/1440/893 752/1295/765 738/1298/768
f 754/1299/769 744/1302/772 750/1429/885 756/1445/897
f 756/1450/900 750/1433/888 746/1297/767 755/1296/766
f 745/1292/762 739/1291/761 742/1426/883 749/1430/886
f 749/1435/889 742/1421/880 738/1298/768 746/1297/767
f 717/1278/748 737/1277/747 743/1420/879 720/1384/854
f 720/1389/857 743/1424/882 739/1291/761 718/1294/764
f 744/1302/772 725/1301/771 727/1398/863 747/1427/884
f 747/1432/887 727/1393/860 724/1293/763 745/1292/762
f 675/1327/797 703/1365/835 689/1346/816 657/1307/777
f 769/1452/902 781/1453/902 659/1454/902 662/1455/902 770/1456/902 768/1457/902
f 662/1458/737 659/1459/737 666/1460/737 668/1461/737
f 668/1462/903 666/1463/903 782/1464/903 771/1465/903
f 782/1466/904 666/1467/904 659/1468/904 781/1469/904
f 770/1470/905 662/1471/905 668/1472/905 771/1473/905
f 767/1474/737 766/1260/737 768/1263/737
f 770/1475/737 771/1269/737 773/1476/737
f 771/1269/737 697/1268/740 764/1477/737
f 773/1476/737 771/1269/737 774/1478/737
f 772/1479/737 767/1474/737 768/1263/737
f 773/1476/737 772/1479/737 770/1475/737
f 772/1479/737 768/1263/737 770/1475/737
f 774/1478/737 771/1269/737 775/1480/737
f 658/1311/781 691/1267/739 781/1481/737
f 691/1267/739 782/1270/737 781/1481/737
f 781/1481/737 769/1262/737 780/1482/737
f 769/1262/737 765/1261/737 776/1483/737
f 775/1480/737 771/1269/737 777/1484/737
f 777/1484/737 771/1269/737 764/1477/737
f 658/1311/781 781/1481/737 778/1485/737
f 779/1486/737 781/1481/737 780/1482/737
f 769/1262/737 776/1483/737 780/1482/737
f 781/1481/737 779/1486/737 778/1485/737
f 764/1477/737 697/1268/740 667/1264/738
f 762/1487/737 764/1477/737 667/1264/738
f 658/1311/781 778/1485/737 759/1488/737
f 658/1311/781 759/1488/737 757/1489/737
f 763/1490/737 762/1487/737 667/1264/738
f 761/1491/737 763/1490/737 667/1264/738
f 760/1266/737 761/1491/737 667/1264/738
f 757/1489/737 758/1265/737 667/1264/738 658/1311/781
o Barrel_low
v 0.367800 0.059200 0.012000
v 0.367800 0.060000 0.011200
v 0.367000 0.059200 0.011200
v 0.367800 0.059766 0.011766
v 0.367338 0.059662 0.011662
v 0.367234 0.059766 0.011200
v 0.367234 0.059200 0.011766
v 0.367800 0.034000 0.011200
v 0.367800 0.034800 0.012000
v 0.367000 0.034800 0.011200
v 0.367800 0.034234 0.011766
v 0.367338 0.034338 0.011662
v 0.367234 0.034800 0.011766
v 0.367234 0.034234 0.011200
v 0.100000 0.045000 -0.007690
v 0.100800 0.045000 -0.008500
v 0.100234 0.045000 -0.008259
v 0.470000 0.045000 -0.007690
v 0.469200 0.045000 -0.008500
v 0.469766 0.045000 -0.008259
v 0.100000 0.042624 -0.007314
v 0.100800 0.042373 -0.008084
v 0.100234 0.042448 -0.007854
v 0.470000 0.042624 -0.007314
v 0.469200 0.042373 -0.008084
v 0.469766 0.042448 -0.007854
v 0.100000 0.040480 -0.006221
v 0.100800 0.040004 -0.006877
v 0.100234 0.040146 -0.006681
v 0.470000 0.040480 -0.006221
v 0.469200 0.040004 -0.006877
v 0.469766 0.040146 -0.006681
v 0.100000 0.038779 -0.004520
v 0.100800 0.038123 -0.004996
v 0.100234 0.038319 -0.004854
v 0.470000 0.038779 -0.004520
v 0.469200 0.038123 -0.004996
v 0.469766 0.038319 -0.004854
v 0.100000 0.037686 -0.002376
v 0.100800 0.036916 -0.002627
v 0.100234 0.037146 -0.002552
v 0.470000 0.037686 -0.002376
v 0.469200 0.036916 -0.002627
v 0.469766 0.037146 -0.002552
v 0.100000 0.037310 0.000000
v 0.100800 0.036500 0.000000
v 0.100234 0.036741 -0.000000
v 0.470000 0.037310 0.000000
v 0.469200 0.036500 0.000000
v 0.469766 0.036741 0.000000
v 0.100000 0.037686 0.002376
v 0.100800 0.036916 0.002627
v 0.100234 0.037146 0.002552
v 0.470000 0.037686 0.002376
v 0.469200 0.036916 0.002627
v 0.469766 0.037146 0.002552
v 0.100000 0.038779 0.004520
v 0.100800 0.038123 0.004996
v 0.100234 0.038319 0.004854
v 0.470000 0.038779 0.004520
v 0.469200 0.038123 0.004996
v 0.469766 0.038319 0.004854
v 0.100000 0.040480 0.006221
v 0.100800 0.040004 0.006877
v 0.100234 0.040146 0.006681
v 0.470000 0.040480 0.006221
v 0.469200 0.040004 0.006877
v 0.469766 0.040146 0.006681
v 0.100000 0.042624 0.007314
v 0.100800 0.042373 0.008084
v 0.100234 0.042448 0.007854
v 0.470000 0.042624 0.007314
v 0.469200 0.042373 0.008084
v 0.469766 0.042448 0.007854
v 0.100000 0.045000 0.007690
v 0.100800 0.045000 0.008500
v 0.100234 0.045000 0.008259
v 0.470000 0.045000 0.007690
v 0.469200 0.045000 0.008500
v 0.469766 0.045000 0.008259
v 0.100000 0.047376 0.007314
v 0.100800 0.047627 0.008084
v 0.100234 0.047552 0.007854
v 0.470000 0.047376 0.007314
v 0.469200 0.047627 0.008084
v 0.469766 0.047552 0.007854
v 0.100000 0.049520 0.006221
v 0.100800 0.049996 0.006877
v 0.100234 0.049854 0.006681
v 0.470000 0.049520 0.006221
v 0.469200 0.049996 0.006877
v 0.469766 0.049854 0.006681
v 0.100000 0.051221 0.004520
v 0.100800 0.051877 0.004996
v 0.100234 0.051681 0.004854
v 0.470000 0.051221 0.004520
v 0.469200 0.051877 0.004996
v 0.469766 0.051681 0.004854
v 0.100000 0.052314 0.002376
v 0.100800 0.053084 0.002627
v 0.100234 0.052854 0.002552
v 0.470000 0.052314 0.002376
v 0.469200 0.053084 0.002627
v 0.469766 0.052854 0.002552
v 0.100000 0.052690 0.000000
v 0.100800 0.053500 0.000000
v 0.100234 0.053259 0.000000
v 0.470000 0.052690 0.000000
v 0.469200 0.053500 0.000000
v 0.469766 0.053259 -0.000000
v 0.100000 0.052314 -0.002376
v 0.100800 0.053084 -0.002627
v 0.100234 0.052854 -0.002552
v 0.470000 0.052314 -0.002376
v 0.469200 0.053084 -0.002627
v 0.469766 0.052854 -0.002552
v 0.100000 0.051221 -0.004520
v 0.100800 0.051877 -0.004996
v 0.100234 0.051681 -0.004854
v 0.470000 0.051221 -0.004520
v 0.469200 0.051877 -0.004996
v 0.469766 0.051681 -0.004854
v 0.100000 0.049520 -0.006221
v 0.100800 0.049996 -0.006877
v 0.100234 0.049854 -0.006681
v 0.470000 0.049520 -0.006221
v 0.469200 0.049996 -0.006877
v 0.469766 0.049854 -0.006681
v 0.100000 0.047376 -0.007314
v 0.100800 0.047627 -0.008084
v 0.100234 0.047552 -0.007854
v 0.470000 0.047376 -0.007314
v 0.469200 0.047627 -0.008084
v 0.469766 0.047552 -0.007854
v 0.138000 0.045000 -0.017193
v 0.138800 0.045000 -0.018000
v 0.138234 0.045000 -0.017761
v 0.158000 0.045000 -0.017193
v 0.157200 0.045000 -0.018000
v 0.157766 0.045000 -0.017761
v 0.138000 0.040550 -0.016607
v 0.138800 0.040341 -0.017387
v 0.138234 0.040403 -0.017156
v 0.158000 0.040550 -0.016607
v 0.157200 0.040341 -0.017387
v 0.157766 0.040403 -0.017156
v 0.138000 0.036403 -0.014890
v 0.138800 0.036000 -0.015588
v 0.138234 0.036120 -0.015381
v 0.158000 0.036403 -0.014890
v 0.157200 0.036000 -0.015588
v 0.157766 0.036120 -0.015381
v 0.138000 0.032843 -0.012157
v 0.138800 0.032272 -0.012728
v 0.138234 0.032441 -0.012559
v 0.158000 0.032843 -0.012157
v 0.157200 0.032272 -0.012728
v 0.157766 0.032441 -0.012559
v 0.138800 0.029412 -0.009000
v 0.138000 0.030110 -0.008597
v 0.138234 0.029619 -0.008880
v 0.158000 0.030110 -0.008597
v 0.157200 0.029412 -0.009000
v 0.157766 0.029619 -0.008880
v 0.138000 0.028393 -0.004450
v 0.138800 0.027613 -0.004659
v 0.138234 0.027844 -0.004597
v 0.158000 0.028393 -0.004450
v 0.157200 0.027613 -0.004659
v 0.157766 0.027844 -0.004597
v 0.138000 0.027807 0.000000
v 0.138800 0.027000 0.000000
v 0.138234 0.027239 0.000000
v 0.158000 0.027807 0.000000
v 0.157200 0.027000 0.000000
v 0.157766 0.027239 -0.000000
v 0.138000 0.028393 0.004450
v 0.138800 0.027613 0.004659
v 0.138234 0.027844 0.004597
v 0.158000 0.028393 0.004450
v 0.157200 0.027613 0.004659
v 0.157766 0.027844 0.004597
v 0.138000 0.030110 0.008597
v 0.138800 0.029412 0.009000
v 0.138234 0.029619 0.008880
v 0.158000 0.030110 0.008597
v 0.157200 0.029412 0.009000
v 0.157766 0.029619 0.008880
v 0.138000 0.032843 0.012157
v 0.138800 0.032272 0.012728
v 0.138234 0.032441 0.012559
v 0.158000 0.032843 0.012157
v 0.157200 0.032272 0.012728
v 0.157766 0.032441 0.012559
v 0.138000 0.036403 0.014890
v 0.138800 0.036000 0.015588
v 0.138234 0.036120 0.015381
v 0.158000 0.036403 0.014890
v 0.157200 0.036000 0.015588
v 0.157766 0.036120 0.015381
v 0.138000 0.040550 0.016607
v 0.138800 0.040341 0.017387
v 0.138234 0.040403 0.017156
v 0.158000 0.040550 0.016607
v 0.157200 0.040341 0.017387
v 0.157766 0.040403 0.017156
v 0.138000 0.045000 0.017193
v 0.138800 0.045000 0.018000
v 0.138234 0.045000 0.017761
v 0.158000 0.045000 0.017193
v 0.157200 0.045000 0.018000
v 0.157766 0.045000 0.017761
v 0.138000 0.049450 0.016607
v 0.138800 0.049659 0.017387
v 0.138234 0.049597 0.017156
v 0.158000 0.049450 0.016607
v 0.157200 0.049659 0.017387
v 0.157766 0.049597 0.017156
v 0.138000 0.053597 0.014890
v 0.138800 0.054000 0.015588
v 0.138234 0.053880 0.015381
v 0.158000 0.053597 0.014890
v 0.157200 0.054000 0.015588
v 0.157766 0.053880 0.015381
v 0.138000 0.057157 0.012157
v 0.138800 0.057728 0.012728
v 0.138234 0.057559 0.012559
v 0.158000 0.057157 0.012157
v 0.157200 0.057728 0.012728
v 0.157766 0.057559 0.012559
v 0.138000 0.059890 0.008597
v 0.138800 0.060588 0.009000
v 0.138234 0.060381 0.008880
v 0.158000 0.059890 0.008597
v 0.157200 0.060588 0.009000
v 0.157766 0.060381 0.008880
v 0.138000 0.061607 0.004450
v 0.138800 0.062387 0.004659
v 0.138234 0.062156 0.004597
v 0.158000 0.061607 0.004450
v 0.157200 0.062387 0.004659
v 0.157766 0.062156 0.004597
v 0.138000 0.062193 0.000000
v 0.138800 0.063000 0.000000
v 0.138234 0.062761 -0.000000
v 0.158000 0.062193 0.000000
v 0.157200 0.063000 0.000000
v 0.157766 0.062761 0.000000
v 0.138000 0.061607 -0.004450
v 0.138800 0.062387 -0.004659
v 0.138234 0.062156 -0.004597
v 0.158000 0.061607 -0.004450
v 0.157200 0.062387 -0.004659
v 0.157766 0.062156 -0.004597
v 0.138000 0.059890 -0.008597
v 0.138800 0.060588 -0.009000
v 0.138234 0.060381 -0.008880
v 0.158000 0.059890 -0.008597
v 0.157200 0.060588 -0.009000
v 0.157766 0.060381 -0.008880
v 0.138000 0.057157 -0.012157
v 0.138800 0.057728 -0.012728
v 0.138234 0.057559 -0.012559
v 0.158000 0.057157 -0.012157
v 0.157200 0.057728 -0.012728
v 0.157766 0.057559 -0.012559
v 0.138000 0.053597 -0.014890
v 0.138800 0.054000 -0.015588
v 0.138234 0.053880 -0.015381
v 0.158000 0.053597 -0.014890
v 0.157200 0.054000 -0.015588
v 0.157766 0.053880 -0.015381
v 0.138000 0.049450 -0.016607
v 0.138800 0.049659 -0.017387
v 0.138234 0.049597 -0.017156
v 0.158000 0.049450 -0.016607
v 0.157200 0.049659 -0.017387
v 0.157766 0.049597 -0.017156
v 0.367800 0.034000 -0.011200
v 0.367000 0.034800 -0.011200
v 0.367800 0.034800 -0.012000
v 0.367234 0.034234 -0.011200
v 0.367338 0.034338 -0.011662
v 0.367234 0.034800 -0.011766
v 0.367800 0.034234 -0.011766
v 0.367800 0.060000 -0.011200
v 0.367800 0.059200 -0.012000
v 0.367000 0.059200 -0.011200
v 0.367800 0.059766 -0.011766
v 0.367338 0.059662 -0.011662
v 0.367234 0.059200 -0.011766
v 0.367234 0.059766 -0.011200
v 0.388200 0.034000 0.011200
v 0.389000 0.034800 0.011200
v 0.388200 0.034800 0.012000
v 0.388766 0.034234 0.011200
v 0.388662 0.034338 0.011662
v 0.388766 0.034800 0.011766
v 0.388200 0.034234 0.011766
v 0.388200 0.060000 0.011200
v 0.388200 0.059200 0.012000
v 0.389000 0.059200 0.011200
v 0.388200 0.059766 0.011766
v 0.388662 0.059662 0.011662
v 0.388766 0.059200 0.011766
v 0.388766 0.059766 0.011200
v 0.388200 0.034000 -0.011200
v 0.388200 0.034800 -0.012000
v 0.389000 0.034800 -0.011200
v 0.388200 0.034234 -0.011766
v 0.388662 0.034338 -0.011662
v 0.388766 0.034800 -0.011766
v 0.388766 0.034234 -0.011200
v 0.388200 0.060000 -0.011200
v 0.389000 0.059200 -0.011200
v 0.388200 0.059200 -0.012000
v 0.388766 0.059766 -0.011200
v 0.388662 0.059662 -0.011662
v 0.388766 0.059200 -0.011766
v 0.388200 0.059766 -0.011766
vn -0.0007 0.3090 -0.9511
vn 0.0007 0.3090 -0.9511
vn 0.0007 -0.0000 -1.0000
vn -0.0007 -0.0000 -1.0000
vn -0.0125 0.2588 0.9658
vn 0.0125 0.2588 0.9658
vn 0.0125 0.5000 0.8660
vn -0.0125 0.5000 0.8660
vn -0.0125 -0.9999 -0.0000
vn 0.0125 -0.9999 -0.0000
vn 0.0125 -0.9658 0.2588
vn -0.0125 -0.9658 0.2588
vn -0.0007 -0.5878 -0.8090
vn 0.0007 -0.5878 -0.8090
vn 0.0007 -0.8090 -0.5878
vn -0.0007 -0.8090 -0.5878
vn -0.0125 -0.0000 0.9999
vn 0.0125 -0.0000 0.9999
vn 0.0007 -0.9511 -0.3090
vn -0.0007 -0.9511 -0.3090
vn 0.0007 -1.0000 -0.0000
vn -0.0007 -1.0000 -0.0000
vn -0.0125 -0.9659 -0.2588
vn 0.0125 -0.9658 -0.2588
vn 0.0007 -0.9511 0.3090
vn -0.0007 -0.9511 0.3090
vn -0.0125 -0.2588 0.9658
vn 0.0125 -0.2588 0.9658
vn 0.0007 -0.8090 0.5878
vn -0.0007 -0.8090 0.5878
vn 0.0007 -0.5878 0.8090
vn -0.0007 -0.5878 0.8090
vn -0.0125 -0.8660 -0.5000
vn 0.0125 -0.8660 -0.5000
vn 0.0007 -0.3090 0.9511
vn -0.0007 -0.3090 0.9511
vn -0.0125 -0.5000 0.8660
vn 0.0125 -0.5000 0.8660
vn 0.0007 -0.0000 1.0000
vn -0.0007 -0.0000 1.0000
vn 0.0007 0.3090 0.9511
vn -0.0007 0.3090 0.9511
vn -0.0125 -0.7071 -0.7070
vn 0.0125 -0.7070 -0.7071
vn 0.0007 0.5878 0.8090
vn -0.0007 0.5878 0.8090
vn -0.0125 -0.7071 0.7070
vn 0.0125 -0.7070 0.7071
vn 0.0007 0.8090 0.5878
vn -0.0007 0.8090 0.5878
vn 0.0007 0.9511 0.3090
vn -0.0007 0.9511 0.3090
vn -0.0125 -0.5000 -0.8660
vn 0.0125 -0.5000 -0.8660
vn 0.0007 1.0000 -0.0000
vn -0.0007 1.0000 -0.0000
vn -0.0125 -0.8660 0.5000
vn 0.0125 -0.8660 0.5000
vn 0.0007 0.9511 -0.3090
vn -0.0007 0.9511 -0.3090
vn 0.0007 0.8090 -0.5878
vn -0.0007 0.8090 -0.5878
vn -1.0000 0.0008 0.0030
vn -0.9999 0.0119 0.0032
vn -1.0000 0.0018 -0.0018
vn 0.0007 0.5878 -0.8090
vn -0.0007 0.5878 -0.8090
vn -0.0007 -0.3090 -0.9511
vn 0.0007 -0.3090 -0.9511
vn -0.0125 0.2588 -0.9658
vn 0.0125 0.2588 -0.9658
vn 0.0125 -0.0000 -0.9999
vn -0.0125 -0.0000 -0.9999
vn 1.0000 -0.0000 0.0078
vn 0.9998 -0.0200 0.0065
vn 1.0000 -0.0049 -0.0068
vn 0.0125 0.7070 0.7071
vn -0.0125 0.7071 0.7070
vn 0.0125 0.8660 0.5000
vn -0.0125 0.8660 0.5000
vn 0.0125 0.9658 0.2588
vn -0.0125 0.9659 0.2588
vn 0.0125 0.9999 -0.0000
vn -0.0125 0.9999 -0.0000
vn -0.9999 -0.0093 0.0101
vn -0.9999 0.0093 0.0102
vn -0.9999 0.0093 -0.0101
vn -0.9999 -0.0093 -0.0102
vn 0.0125 0.9658 -0.2588
vn -0.0125 0.9658 -0.2588
vn 0.0125 0.8660 -0.5000
vn -0.0125 0.8660 -0.5000
vn 0.0112 0.9999 -0.0102
vn -0.0111 0.9999 -0.0102
vn -0.0111 0.9999 0.0101
vn 0.0111 0.9999 0.0102
vn 0.0125 0.7070 -0.7071
vn -0.0125 0.7071 -0.7070
vn 0.0125 0.5000 -0.8660
vn -0.0125 0.5000 -0.8660
vn 0.9999 -0.0093 -0.0102
vn 0.9999 0.0094 -0.0102
vn 0.9999 0.0093 0.0102
vn 0.9999 -0.0094 0.0102
vn -0.0111 -0.9999 -0.0101
vn 0.0111 -0.9999 -0.0102
vn 0.0112 -0.9999 0.0102
vn -0.0111 -0.9999 0.0102
vn -0.0111 -0.0094 -0.9999
vn -0.0112 0.0093 -0.9999
vn 0.0111 0.0094 -0.9999
vn 0.0112 -0.0093 -0.9999
vn 0.0125 -0.2588 -0.9658
vn -0.0125 -0.2588 -0.9658
vn -0.0111 0.0094 0.9999
vn -0.0075 0.3818 0.9242
vn -0.3251 0.3251 0.8881
vn -0.3819 0.0063 0.9242
vn -0.3819 0.9242 0.0069
vn -0.3251 0.8881 0.3251
vn -0.0075 0.9242 0.3818
vn -0.9242 0.0063 0.3819
vn -0.8881 0.3251 0.3251
vn -0.9242 0.3819 0.0069
vn -0.0075 -0.9242 0.3818
vn -0.3251 -0.8881 0.3251
vn -0.3819 -0.9242 0.0069
vn -0.0111 -0.0093 0.9999
vn -0.3820 -0.0063 0.9242
vn -0.3251 -0.3251 0.8881
vn -0.0075 -0.3818 0.9242
vn -0.9242 -0.3819 0.0069
vn -0.8881 -0.3251 0.3251
vn -0.9242 -0.0063 0.3819
vn -0.3818 -0.9242 -0.0069
vn -0.3251 -0.8881 -0.3251
vn -0.0075 -0.9242 -0.3818
vn -0.9242 -0.0063 -0.3819
vn -0.8881 -0.3251 -0.3251
vn -0.9242 -0.3819 -0.0069
vn -0.0075 -0.3818 -0.9242
vn -0.3251 -0.3251 -0.8881
vn -0.3819 -0.0063 -0.9242
vn -0.0075 0.9242 -0.3818
vn -0.3251 0.8881 -0.3251
vn -0.3819 0.9242 -0.0069
vn -0.3820 0.0063 -0.9242
vn -0.3251 0.3251 -0.8881
vn -0.0075 0.3818 -0.9242
vn -0.9242 0.3819 -0.0069
vn -0.8881 0.3251 -0.3251
vn -0.9242 0.0063 -0.3819
vn 0.3818 -0.9242 0.0069
vn 0.3250 -0.8881 0.3251
vn 0.0075 -0.9242 0.3818
vn 0.9242 -0.0063 0.3819
vn 0.8881 -0.3250 0.3251
vn 0.9242 -0.3819 0.0069
vn 0.0111 -0.0093 0.9999
vn 0.0075 -0.3819 0.9242
vn 0.3250 -0.3251 0.8881
vn 0.3819 -0.0063 0.9242
vn 0.0075 0.9242 0.3818
vn 0.3250 0.8881 0.3251
vn 0.3819 0.9242 0.0069
vn 0.0111 0.0093 0.9999
vn 0.3819 0.0063 0.9242
vn 0.3250 0.3251 0.8881
vn 0.0075 0.3818 0.9242
vn 0.9242 0.3819 0.0069
vn 0.8880 0.3250 0.3251
vn 0.9242 0.0063 0.3819
vn 0.0075 -0.9242 -0.3818
vn 0.3250 -0.8881 -0.3251
vn 0.3819 -0.9242 -0.0069
vn 0.3819 -0.0063 -0.9242
vn 0.3250 -0.3251 -0.8881
vn 0.0075 -0.3818 -0.9242
vn 0.9242 -0.3819 -0.0069
vn 0.8880 -0.3250 -0.3251
vn 0.9242 -0.0063 -0.3819
vn 0.3818 0.9242 -0.0069
vn 0.3250 0.8881 -0.3251
vn 0.0075 0.9242 -0.3818
vn 0.9242 0.0063 -0.3819
vn 0.8881 0.3250 -0.3251
vn 0.9242 0.3819 -0.0069
vn 0.0075 0.3819 -0.9242
vn 0.3250 0.3251 -0.8881
vn 0.3819 0.0063 -0.9242
vn -0.3894 -0.7977 0.4605
vn -0.3894 -0.8897 0.2384
vn -0.9244 -0.3685 0.0987
vn -0.9244 -0.3304 0.1907
vn -0.9645 -0.2286 0.1320
vn -0.9906 -0.1318 0.0353
vn -0.3924 -0.2842 -0.8748
vn -0.3924 -0.0000 -0.9198
vn -0.9246 -0.0000 -0.3810
vn -0.9246 -0.1177 -0.3623
vn -0.9836 -0.0558 -0.1717
vn -0.9545 -0.0000 -0.2981
vn -0.3894 -0.7977 -0.4605
vn -0.3894 -0.6513 -0.6513
vn -0.9244 -0.2698 -0.2698
vn -0.9244 -0.3304 -0.1907
vn -0.9645 -0.2286 -0.1320
vn -0.9999 -0.0096 -0.0094
vn 0.3924 -0.0000 -0.9198
vn 0.3924 -0.2842 -0.8748
vn 0.9246 -0.1177 -0.3623
vn 0.9246 -0.0000 -0.3810
vn 0.9999 -0.0000 -0.0103
vn 0.9545 -0.0921 -0.2835
vn -0.3924 -0.5406 -0.7441
vn -0.9246 -0.2239 -0.3082
vn -0.9938 -0.0653 -0.0899
vn 0.3924 -0.5406 -0.7441
vn 0.9246 -0.2239 -0.3082
vn 0.3894 -0.9211 -0.0000
vn 0.3894 -0.8897 0.2384
vn 0.9244 -0.3685 0.0987
vn 0.9244 -0.3815 -0.0000
vn 1.0000 -0.0031 -0.0000
vn 0.9645 -0.2550 0.0683
vn -0.3924 -0.7441 -0.5406
vn -0.9246 -0.3082 -0.2239
vn -0.9990 -0.0359 -0.0261
vn 0.3894 -0.4605 -0.7977
vn 0.3894 -0.6513 -0.6513
vn 0.9244 -0.2698 -0.2698
vn 0.9244 -0.1908 -0.3304
vn 1.0000 -0.0020 -0.0034
vn 0.9970 -0.0543 -0.0543
vn 0.3924 -0.7441 -0.5406
vn 0.9246 -0.3082 -0.2240
vn 0.9938 -0.0898 -0.0653
vn -0.3924 -0.8748 -0.2842
vn -0.9246 -0.3623 -0.1177
vn -0.9545 -0.2835 -0.0921
vn 0.3924 -0.8748 -0.2842
vn 0.9246 -0.3623 -0.1177
vn 0.9836 -0.1717 -0.0558
vn -0.3894 -0.9211 -0.0000
vn -0.9244 -0.3815 -0.0000
vn -0.9971 -0.0767 -0.0000
vn -0.3924 -0.9198 -0.0000
vn -0.9246 -0.3810 -0.0000
vn -0.9999 -0.0137 -0.0000
vn -0.3894 -0.4605 -0.7976
vn -0.9244 -0.1907 -0.3304
vn -0.9645 -0.1320 -0.2286
vn 0.3924 -0.9198 -0.0000
vn 0.9246 -0.3810 -0.0000
vn 0.9545 -0.2981 -0.0000
vn -0.3924 -0.8748 0.2842
vn -0.9246 -0.3623 0.1177
vn -0.9545 -0.2835 0.0921
vn 0.3924 -0.8748 0.2842
vn 0.9246 -0.3623 0.1177
vn -0.3924 -0.7441 0.5406
vn -0.9246 -0.3082 0.2239
vn -1.0000 -0.0062 0.0045
vn 0.3924 -0.7441 0.5406
vn 0.9246 -0.3082 0.2240
vn 0.9938 -0.0899 0.0652
vn 0.3894 -0.8897 -0.2384
vn 0.9244 -0.3685 -0.0987
vn 0.9645 -0.2550 -0.0683
vn -0.3924 -0.5406 0.7441
vn -0.9246 -0.2239 0.3082
vn -0.9938 -0.0653 0.0898
vn 0.3894 -0.2384 -0.8897
vn 0.9244 -0.0987 -0.3685
vn 0.9970 -0.0199 -0.0742
vn 0.3924 -0.5406 0.7441
vn 0.9246 -0.2239 0.3082
vn 0.9836 -0.1061 0.1460
vn -0.3924 -0.2842 0.8748
vn -0.9246 -0.1177 0.3623
vn -0.9836 -0.0558 0.1717
vn 0.3924 -0.2842 0.8748
vn 0.9246 -0.1177 0.3623
vn 0.9545 -0.0921 0.2835
vn -0.3894 -0.8897 -0.2384
vn -0.9244 -0.3685 -0.0987
vn -1.0000 -0.0033 -0.0009
vn -0.3924 -0.0000 0.9198
vn -0.9246 -0.0000 0.3810
vn -0.9545 -0.0000 0.2981
vn -0.3894 -0.2384 -0.8897
vn -0.9244 -0.0987 -0.3685
vn -0.9997 -0.0065 -0.0244
vn 0.3924 -0.0000 0.9198
vn 0.9246 -0.0000 0.3810
vn -0.3924 0.2842 0.8748
vn -0.9246 0.1177 0.3623
vn -0.9992 0.0121 0.0372
vn 0.3924 0.2842 0.8748
vn 0.9246 0.1177 0.3623
vn 0.9545 0.0921 0.2835
vn -0.3924 0.5406 0.7441
vn -0.9246 0.2239 0.3082
vn -0.9545 0.1752 0.2412
vn 0.3924 0.5406 0.7441
vn 0.9246 0.2239 0.3082
vn 0.9947 0.0601 0.0828
vn 0.3894 -0.7977 -0.4605
vn 0.9244 -0.3304 -0.1908
vn 0.9906 -0.1182 -0.0682
vn -0.3924 0.7441 0.5406
vn -0.9246 0.3082 0.2239
vn -0.9997 0.0187 0.0136
vn 0.3924 0.7441 0.5406
vn 0.9246 0.3082 0.2239
vn 0.9545 0.2412 0.1752
vn -0.3924 0.8748 0.2842
vn -0.9246 0.3623 0.1177
vn -0.9545 0.2835 0.0921
vn 0.3894 -0.0000 -0.9211
vn 0.9244 -0.0000 -0.3815
vn 0.9906 -0.0000 -0.1365
vn 0.3924 0.8748 0.2842
vn 0.9246 0.3623 0.1177
vn 1.0000 0.0089 0.0029
vn -0.3924 0.9198 -0.0000
vn -0.9246 0.3810 -0.0000
vn -0.9999 0.0172 -0.0000
vn 0.3924 0.9198 -0.0000
vn 0.9246 0.3810 -0.0000
vn 0.9938 0.1111 -0.0000
vn -0.3924 0.8748 -0.2842
vn -0.9246 0.3623 -0.1177
vn -0.9545 0.2835 -0.0921
vn 0.3924 0.8748 -0.2842
vn 0.9246 0.3623 -0.1177
vn 0.9836 0.1717 -0.0558
vn -0.3924 0.7441 -0.5406
vn -0.9246 0.3082 -0.2239
vn -0.9999 0.0092 -0.0067
vn -0.3894 -0.0000 -0.9211
vn -0.9244 -0.0000 -0.3815
vn -0.9645 -0.0000 -0.2640
vn 0.3924 0.7441 -0.5406
vn 0.9246 0.3082 -0.2240
vn 0.9545 0.2412 -0.1752
vn -0.3924 0.5406 -0.7441
vn -0.9246 0.2239 -0.3082
vn -0.9545 0.1752 -0.2412
vn 0.3924 0.5406 -0.7441
vn 0.9246 0.2239 -0.3082
vn 0.9992 0.0230 -0.0317
vn -0.3924 0.2842 -0.8748
vn -0.9246 0.1177 -0.3623
vn -0.9999 0.0039 -0.0119
vn 0.3924 0.2842 -0.8748
vn 0.9246 0.1177 -0.3623
vn 0.9545 0.0921 -0.2835
vn 0.3894 -0.7977 0.4605
vn 0.9244 -0.3304 0.1908
vn 0.9906 -0.1182 0.0683
vn -0.3894 -0.6513 0.6513
vn -0.9244 -0.2698 0.2698
vn -1.0000 -0.0027 0.0027
vn 0.3894 -0.6513 0.6513
vn 0.9244 -0.2698 0.2698
vn 0.9970 -0.0543 0.0543
vn -0.3894 -0.4605 0.7976
vn -0.9244 -0.1907 0.3304
vn -0.9645 -0.1320 0.2286
vn 0.3894 -0.4605 0.7977
vn 0.9244 -0.1908 0.3304
vn 0.9999 -0.0065 0.0113
vn -0.3894 -0.2384 0.8897
vn -0.9244 -0.0987 0.3685
vn -0.9975 -0.0182 0.0678
vn 0.3894 -0.2384 0.8897
vn 0.9244 -0.0987 0.3685
vn 0.9970 -0.0199 0.0742
vn -0.3894 -0.0000 0.9211
vn -0.9244 -0.0000 0.3815
vn -0.9645 -0.0000 0.2640
vn 0.3894 -0.0000 0.9211
vn 0.9244 -0.0000 0.3815
vn 0.9906 -0.0000 0.1365
vn -0.3894 0.2384 0.8897
vn -0.9244 0.0987 0.3685
vn 0.3894 0.2384 0.8897
vn 0.9244 0.0987 0.3685
vn 0.9645 0.0683 0.2550
vn -0.3894 0.4605 0.7976
vn -0.9244 0.1907 0.3304
vn -0.9645 0.1320 0.2286
vn 0.3894 0.4605 0.7977
vn 0.9244 0.1908 0.3304
vn 1.0000 0.0014 0.0024
vn -0.3894 0.6513 0.6513
vn -0.9244 0.2698 0.2698
vn -0.9906 0.0965 0.0965
vn 0.3894 0.6513 0.6513
vn 0.9244 0.2698 0.2698
vn 0.9645 0.1867 0.1867
vn -0.3894 0.7977 0.4605
vn -0.9244 0.3304 0.1908
vn -0.9970 0.0665 0.0384
vn 0.3894 0.7977 0.4605
vn 0.9244 0.3304 0.1907
vn 0.9999 0.0116 0.0067
vn -0.3894 0.8897 0.2384
vn -0.9244 0.3685 0.0987
vn 0.3894 0.8897 0.2384
vn 0.9244 0.3685 0.0987
vn 0.9645 0.2550 0.0683
vn -0.3894 0.9211 -0.0000
vn -0.9244 0.3815 -0.0000
vn -0.9645 0.2640 -0.0000
vn 0.3894 0.9211 -0.0000
vn 0.9244 0.3815 -0.0000
vn 0.9997 0.0252 0.0001
vn -0.3894 0.8897 -0.2384
vn -0.9244 0.3685 -0.0987
vn -0.9906 0.1318 -0.0353
vn 0.3894 0.8897 -0.2384
vn 0.9244 0.3685 -0.0987
vn 0.9645 0.2550 -0.0683
vn -0.3894 0.7977 -0.4605
vn -0.9244 0.3304 -0.1908
vn -0.9970 0.0665 -0.0384
vn 0.3894 0.7977 -0.4605
vn 0.9244 0.3304 -0.1907
vn 0.9975 0.0608 -0.0351
vn -0.3894 0.6513 -0.6513
vn -0.9244 0.2698 -0.2698
vn 0.3894 0.6513 -0.6513
vn 0.9244 0.2698 -0.2698
vn 0.9645 0.1867 -0.1867
vn -0.3894 0.4605 -0.7976
vn -0.9244 0.1907 -0.3304
vn -0.9645 0.1320 -0.2286
vn 0.3894 0.4605 -0.7977
vn 0.9244 0.1908 -0.3304
vn 1.0000 0.0015 -0.0026
vn -0.3894 0.2384 -0.8897
vn -0.9244 0.0987 -0.3685
vn -0.9975 0.0182 -0.0678
vn 0.3894 0.2384 -0.8897
vn 0.9244 0.0987 -0.3685
vn 0.9645 0.0683 -0.2550
vt 0.481716 0.363158
vt 0.481716 0.004872
vt 0.484255 0.004872
vt 0.484255 0.363158
vt 0.653820 0.781728
vt 0.635925 0.781728
vt 0.635925 0.778363
vt 0.653820 0.778363
vt 0.789402 0.800064
vt 0.807297 0.800064
vt 0.807297 0.803946
vt 0.789402 0.803946
vt 0.464245 0.004872
vt 0.464245 0.363158
vt 0.461825 0.363158
vt 0.461825 0.004872
vt 0.653820 0.785779
vt 0.635925 0.785779
vt 0.459242 0.363158
vt 0.459242 0.004872
vt 0.456748 0.363158
vt 0.456748 0.004872
vt 0.789402 0.795690
vt 0.807297 0.795690
vt 0.454587 0.363158
vt 0.454587 0.004872
vt 0.653820 0.790239
vt 0.635925 0.790239
vt 0.506765 0.004872
vt 0.506765 0.363158
vt 0.504871 0.363158
vt 0.504871 0.004872
vt 0.502525 0.363158
vt 0.502525 0.004872
vt 0.789402 0.791122
vt 0.807297 0.791122
vt 0.499958 0.363158
vt 0.499958 0.004872
vt 0.653820 0.794805
vt 0.635925 0.794805
vt 0.497420 0.363158
vt 0.497420 0.004872
vt 0.495159 0.363158
vt 0.495159 0.004872
vt 0.789402 0.786672
vt 0.807297 0.786672
vt 0.515409 0.363158
vt 0.515409 0.004872
vt 0.517303 0.004872
vt 0.517303 0.363158
vt 0.653820 0.799165
vt 0.635925 0.799165
vt 0.519648 0.004872
vt 0.519648 0.363158
vt 0.522216 0.004872
vt 0.522216 0.363158
vt 0.789402 0.782643
vt 0.807297 0.782643
vt 0.524754 0.004872
vt 0.524754 0.363158
vt 0.653820 0.803023
vt 0.635925 0.803023
vt 0.527015 0.004872
vt 0.527015 0.363158
vt 0.474909 0.363158
vt 0.474909 0.004872
vt 0.476803 0.004872
vt 0.476803 0.363158
vt 0.070979 0.692485
vt 0.086428 0.698884
vt 0.088610 0.715462
vt 0.479149 0.004872
vt 0.479149 0.363158
vt 0.807297 0.807071
vt 0.789402 0.807071
vt 0.466265 0.004872
vt 0.466265 0.363158
vt 0.608286 0.791147
vt 0.626181 0.791147
vt 0.626181 0.795607
vt 0.608286 0.795607
vt 0.781491 0.312001
vt 0.780115 0.320685
vt 0.771431 0.322061
vt 0.486515 0.004872
vt 0.486515 0.363158
vt 0.264922 0.716566
vt 0.247027 0.716566
vt 0.247027 0.712709
vt 0.264922 0.712709
vt 0.247027 0.708348
vt 0.264922 0.708348
vt 0.247027 0.703782
vt 0.264922 0.703782
vt 0.247027 0.699322
vt 0.264922 0.699322
vt 0.533827 0.785972
vt 0.533827 0.762242
vt 0.555612 0.762242
vt 0.555612 0.785972
vt 0.247027 0.695271
vt 0.264922 0.695271
vt 0.247027 0.691906
vt 0.264922 0.691906
vt 0.438468 0.789059
vt 0.458308 0.789059
vt 0.458308 0.809520
vt 0.438468 0.809520
vt 0.608286 0.778363
vt 0.626181 0.778363
vt 0.626181 0.782220
vt 0.608286 0.782220
vt 0.626181 0.786581
vt 0.608286 0.786581
vt 0.004872 0.789629
vt 0.004872 0.765899
vt 0.026657 0.765899
vt 0.026657 0.789629
vt 0.137753 0.795071
vt 0.137753 0.814910
vt 0.117905 0.814910
vt 0.117905 0.795070
vt 0.318484 0.797134
vt 0.318484 0.774846
vt 0.338324 0.774846
vt 0.338324 0.797134
vt 0.626181 0.799658
vt 0.608286 0.799658
vt 0.626181 0.803023
vt 0.608286 0.803023
vt 0.076426 0.776479
vt 0.076426 0.776041
vt 0.076876 0.776170
vt 0.076977 0.776557
vt 0.458858 0.809598
vt 0.458757 0.810054
vt 0.458308 0.810115
vt 0.533276 0.762242
vt 0.533377 0.761792
vt 0.533827 0.761692
vt 0.117498 0.795070
vt 0.117631 0.794621
vt 0.117999 0.794520
vt 0.076426 0.798767
vt 0.076977 0.798845
vt 0.076876 0.799302
vt 0.076426 0.799362
vt 0.533827 0.786522
vt 0.533377 0.786421
vt 0.533276 0.785972
vt 0.137846 0.794520
vt 0.138297 0.794621
vt 0.138348 0.795071
vt 0.556162 0.785972
vt 0.556061 0.786421
vt 0.555612 0.786522
vt 0.318484 0.797573
vt 0.318034 0.797443
vt 0.317933 0.797056
vt 0.458308 0.788620
vt 0.458757 0.788749
vt 0.458858 0.789137
vt 0.317933 0.774768
vt 0.318034 0.774311
vt 0.318484 0.774251
vt 0.555612 0.761692
vt 0.556061 0.761792
vt 0.556162 0.762242
vt 0.117999 0.815461
vt 0.117631 0.815360
vt 0.117498 0.814910
vt 0.027207 0.789629
vt 0.027106 0.790078
vt 0.026657 0.790179
vt 0.056587 0.798767
vt 0.056587 0.799362
vt 0.056137 0.799302
vt 0.056036 0.798845
vt 0.438468 0.810115
vt 0.438018 0.810054
vt 0.437917 0.809598
vt 0.056587 0.776479
vt 0.056036 0.776557
vt 0.056137 0.776170
vt 0.056587 0.776041
vt 0.026657 0.765349
vt 0.027106 0.765450
vt 0.027207 0.765899
vt 0.138348 0.814910
vt 0.138297 0.815360
vt 0.137846 0.815461
vt 0.338874 0.797056
vt 0.338773 0.797443
vt 0.338324 0.797573
vt 0.004872 0.790179
vt 0.004423 0.790078
vt 0.004322 0.789629
vt 0.437917 0.789137
vt 0.438018 0.788749
vt 0.438468 0.788620
vt 0.004322 0.765899
vt 0.004423 0.765450
vt 0.004872 0.765349
vt 0.338324 0.774251
vt 0.338773 0.774311
vt 0.338874 0.774768
vt 0.788852 0.806882
vt 0.788852 0.803798
vt 0.056036 0.711318
vt 0.056036 0.706809
vt 0.056584 0.706881
vt 0.056584 0.711246
vt 0.486370 0.363709
vt 0.484174 0.363709
vt 0.270804 0.815228
vt 0.268414 0.816005
vt 0.268327 0.815458
vt 0.270552 0.814735
vt 0.788852 0.791145
vt 0.788852 0.786754
vt 0.066552 0.725022
vt 0.062647 0.722767
vt 0.062983 0.722329
vt 0.066763 0.724512
vt 0.484174 0.004322
vt 0.486370 0.004322
vt 0.769147 0.321076
vt 0.767670 0.319043
vt 0.768163 0.318792
vt 0.769538 0.320685
vt 0.464129 0.004322
vt 0.466092 0.004322
vt 0.265901 0.816005
vt 0.265987 0.815458
vt 0.466092 0.363709
vt 0.464129 0.363709
vt 0.771180 0.322553
vt 0.807847 0.799968
vt 0.807847 0.803798
vt 0.328449 0.725454
vt 0.324544 0.723199
vt 0.324880 0.722761
vt 0.328660 0.724944
vt 0.461778 0.004322
vt 0.263511 0.815228
vt 0.263762 0.814735
vt 0.807847 0.782779
vt 0.807847 0.786754
vt 0.317933 0.711750
vt 0.317933 0.707241
vt 0.318481 0.707313
vt 0.318481 0.711678
vt 0.461778 0.363709
vt 0.773570 0.323330
vt 0.773657 0.322784
vt 0.459268 0.004322
vt 0.261478 0.813751
vt 0.261869 0.813360
vt 0.459268 0.363709
vt 0.776083 0.323330
vt 0.775997 0.322784
vt 0.788852 0.799968
vt 0.057203 0.715674
vt 0.057714 0.715462
vt 0.456844 0.004322
vt 0.260001 0.811718
vt 0.260493 0.811467
vt 0.788852 0.782779
vt 0.070907 0.726189
vt 0.070979 0.725642
vt 0.456844 0.363709
vt 0.778473 0.322553
vt 0.778222 0.322061
vt 0.454745 0.004322
vt 0.259224 0.809328
vt 0.259770 0.809242
vt 0.454745 0.363709
vt 0.780506 0.321076
vt 0.504740 0.004322
vt 0.506580 0.004322
vt 0.259224 0.806815
vt 0.259770 0.806902
vt 0.506580 0.363709
vt 0.504740 0.363708
vt 0.781983 0.319043
vt 0.781491 0.318792
vt 0.807847 0.795652
vt 0.321355 0.720011
vt 0.321793 0.719674
vt 0.502461 0.004322
vt 0.260001 0.804425
vt 0.260493 0.804676
vt 0.626731 0.799524
vt 0.626731 0.802844
vt 0.319101 0.702885
vt 0.319611 0.703096
vt 0.502461 0.363709
vt 0.782760 0.316653
vt 0.782214 0.316567
vt 0.499966 0.004322
vt 0.261478 0.802392
vt 0.261869 0.802783
vt 0.499966 0.363709
vt 0.782760 0.314140
vt 0.782214 0.314227
vt 0.788852 0.795652
vt 0.059458 0.719579
vt 0.059896 0.719243
vt 0.497500 0.004322
vt 0.263511 0.800915
vt 0.263762 0.801408
vt 0.607736 0.802844
vt 0.607736 0.799524
vt 0.075416 0.726189
vt 0.075344 0.725642
vt 0.497500 0.363709
vt 0.781983 0.311750
vt 0.495304 0.004322
vt 0.265901 0.800139
vt 0.265987 0.800685
vt 0.495304 0.363709
vt 0.780506 0.309717
vt 0.780115 0.310108
vt 0.517434 0.363709
vt 0.515594 0.363709
vt 0.268414 0.800139
vt 0.268327 0.800685
vt 0.515594 0.004322
vt 0.517434 0.004322
vt 0.778473 0.308240
vt 0.778222 0.308733
vt 0.807847 0.791145
vt 0.319101 0.716105
vt 0.319611 0.715894
vt 0.519713 0.363709
vt 0.270804 0.800915
vt 0.270552 0.801408
vt 0.519713 0.004322
vt 0.776083 0.307464
vt 0.775997 0.308010
vt 0.522207 0.363709
vt 0.272837 0.802392
vt 0.272445 0.802783
vt 0.626731 0.795527
vt 0.321355 0.698980
vt 0.321793 0.699316
vt 0.522207 0.004322
vt 0.773570 0.307464
vt 0.773657 0.308010
vt 0.524674 0.363709
vt 0.274314 0.804425
vt 0.273821 0.804676
vt 0.524674 0.004322
vt 0.771180 0.308240
vt 0.771431 0.308733
vt 0.526870 0.363709
vt 0.275090 0.806815
vt 0.274544 0.806902
vt 0.526870 0.004322
vt 0.769147 0.309717
vt 0.769538 0.310108
vt 0.476934 0.363709
vt 0.475094 0.363709
vt 0.275090 0.809328
vt 0.274544 0.809242
vt 0.607736 0.795527
vt 0.079772 0.725022
vt 0.079561 0.724512
vt 0.475094 0.004322
vt 0.476934 0.004322
vt 0.767670 0.311750
vt 0.768163 0.312001
vt 0.479213 0.363709
vt 0.274314 0.811718
vt 0.273821 0.811467
vt 0.479213 0.004322
vt 0.766894 0.314140
vt 0.767440 0.314227
vt 0.481708 0.363709
vt 0.272837 0.813751
vt 0.272445 0.813360
vt 0.481708 0.004322
vt 0.766894 0.316653
vt 0.767440 0.316567
vt 0.807847 0.806882
vt 0.332804 0.726621
vt 0.332876 0.726073
vt 0.654370 0.799067
vt 0.654370 0.802873
vt 0.057203 0.702453
vt 0.057714 0.702665
vt 0.635375 0.802873
vt 0.635375 0.799067
vt 0.337314 0.726621
vt 0.337241 0.726073
vt 0.654370 0.794765
vt 0.059458 0.698548
vt 0.059896 0.698884
vt 0.635375 0.794765
vt 0.341669 0.725454
vt 0.341458 0.724944
vt 0.654370 0.790260
vt 0.062647 0.695360
vt 0.062983 0.695798
vt 0.635375 0.790260
vt 0.345574 0.723199
vt 0.345238 0.722761
vt 0.654370 0.785859
vt 0.066552 0.693105
vt 0.066763 0.693615
vt 0.635375 0.785859
vt 0.348763 0.720011
vt 0.348325 0.719674
vt 0.654370 0.781862
vt 0.070907 0.691938
vt 0.635375 0.781862
vt 0.351017 0.716105
vt 0.350507 0.715894
vt 0.654370 0.778541
vt 0.075416 0.691938
vt 0.075344 0.692485
vt 0.635375 0.778541
vt 0.352184 0.711750
vt 0.351637 0.711678
vt 0.265472 0.712611
vt 0.265472 0.716417
vt 0.079772 0.693105
vt 0.079561 0.693615
vt 0.246477 0.716417
vt 0.246477 0.712611
vt 0.352184 0.707241
vt 0.351637 0.707313
vt 0.265472 0.708308
vt 0.083677 0.695360
vt 0.083341 0.695798
vt 0.246477 0.708308
vt 0.351017 0.702885
vt 0.350507 0.703096
vt 0.265472 0.703803
vt 0.086866 0.698548
vt 0.246477 0.703803
vt 0.348763 0.698980
vt 0.348325 0.699316
vt 0.265472 0.699402
vt 0.089120 0.702453
vt 0.088610 0.702665
vt 0.246477 0.699402
vt 0.345574 0.695791
vt 0.345238 0.696230
vt 0.265472 0.695405
vt 0.090287 0.706809
vt 0.089740 0.706881
vt 0.246477 0.695405
vt 0.341669 0.693537
vt 0.341458 0.694047
vt 0.265472 0.692085
vt 0.090287 0.711318
vt 0.089740 0.711246
vt 0.246477 0.692085
vt 0.337314 0.692370
vt 0.337241 0.692917
vt 0.607736 0.782318
vt 0.607736 0.778512
vt 0.089120 0.715674
vt 0.626731 0.778512
vt 0.626731 0.782318
vt 0.332804 0.692370
vt 0.332876 0.692917
vt 0.607736 0.786621
vt 0.086866 0.719579
vt 0.086428 0.719243
vt 0.626731 0.786621
vt 0.328449 0.693537
vt 0.328660 0.694047
vt 0.607736 0.791126
vt 0.083677 0.722767
vt 0.083341 0.722329
vt 0.626731 0.791126
vt 0.324544 0.695791
vt 0.324880 0.696230
s 1
usemtl M416_Final_Metal
f 912/1492/906 915/1493/907 801/1494/908 798/1495/909
f 996/1496/910 999/1497/911 1005/1498/912 1002/1499/913
f 954/1500/914 957/1501/915 963/1502/916 960/1503/917
f 810/1504/918 813/1505/919 819/1506/920 816/1507/921
f 990/1508/922 993/1509/923 999/1497/911 996/1496/910
f 816/1507/921 819/1506/920 825/1510/924 822/1511/925
f 822/1511/925 825/1510/924 831/1512/926 828/1513/927
f 948/1514/928 951/1515/929 957/1501/915 954/1500/914
f 828/1513/927 831/1512/926 837/1516/930 834/1517/931
f 984/1518/932 987/1519/933 993/1509/923 990/1508/922
f 834/1520/931 837/1521/930 843/1522/934 840/1523/935
f 840/1523/935 843/1522/934 849/1524/936 846/1525/937
f 941/1526/938 945/1527/939 951/1515/929 948/1514/928
f 846/1525/937 849/1524/936 855/1528/940 852/1529/941
f 978/1530/942 981/1531/943 987/1519/933 984/1518/932
f 852/1529/941 855/1528/940 861/1532/944 858/1533/945
f 858/1533/945 861/1532/944 867/1534/946 864/1535/947
f 936/1536/948 939/1537/949 945/1527/939 941/1526/938
f 864/1538/947 867/1539/946 873/1540/950 870/1541/951
f 972/1542/952 975/1543/953 981/1531/943 978/1530/942
f 870/1541/951 873/1540/950 879/1544/954 876/1545/955
f 876/1545/955 879/1544/954 885/1546/956 882/1547/957
f 930/1548/958 933/1549/959 939/1537/949 936/1536/948
f 882/1547/957 885/1546/956 891/1550/960 888/1551/961
f 966/1552/962 969/1553/963 975/1543/953 972/1542/952
f 888/1551/961 891/1550/960 897/1554/964 894/1555/965
f 894/1556/965 897/1557/964 903/1558/966 900/1559/967
f 995/1560/968 1019/1561/969 1043/1562/970
f 900/1559/967 903/1558/966 909/1563/971 906/1564/972
f 960/1503/917 963/1502/916 969/1565/963 966/1566/962
f 906/1564/972 909/1563/971 915/1493/907 912/1492/906
f 804/1567/973 807/1568/974 813/1505/919 810/1504/918
f 1056/1569/975 1059/1570/976 921/1571/977 918/1572/978
f 860/1573/979 836/1574/980 812/1575/981
f 798/1495/909 801/1494/908 807/1576/974 804/1577/973
f 1002/1578/913 1005/1579/912 1011/1580/982 1008/1581/983
f 1008/1581/983 1011/1580/982 1017/1582/984 1014/1583/985
f 1014/1583/985 1017/1582/984 1023/1584/986 1020/1585/987
f 1020/1585/987 1023/1584/986 1029/1586/988 1026/1587/989
f 792/1588/990 785/1589/991 1070/1590/992 1062/1591/993
f 1026/1587/989 1029/1586/988 1035/1592/994 1032/1593/995
f 1032/1593/995 1035/1592/994 1041/1594/996 1038/1595/997
f 1096/1596/998 1068/1597/999 784/1598/1000 1082/1599/1001
f 1038/1600/997 1041/1601/996 1047/1602/1002 1044/1603/1003
f 1044/1603/1003 1047/1602/1002 1053/1604/1004 1050/1605/1005
f 1091/1606/1006 1097/1607/1007 1084/1608/1008 1076/1609/1009
f 1050/1605/1005 1053/1604/1004 1059/1570/976 1056/1569/975
f 1061/1610/1010 1089/1611/1011 1075/1612/1012 790/1613/1013
f 1063/1614/1014 1069/1615/1015 1098/1616/1016 1090/1617/1017
f 918/1572/978 921/1571/977 927/1618/1018 924/1619/1019
f 924/1619/1019 927/1618/1018 933/1620/959 930/1621/958
f 783/1622/1020 786/1623/1021 787/1624/1022 789/1625/1023
f 784/1598/1000 788/1626/1024 787/1627/1025 786/1628/1026
f 785/1589/991 789/1629/1027 787/1630/1028 788/1631/1029
f 790/1613/1013 793/1632/1030 794/1633/1031 796/1634/1032
f 791/1635/1033 795/1636/1034 794/1637/1035 793/1638/1036
f 792/1588/990 796/1639/1037 794/1640/1038 795/1641/1039
f 1061/1610/1010 1064/1642/1040 1065/1643/1041 1067/1644/1042
f 1062/1591/993 1066/1645/1043 1065/1646/1044 1064/1647/1045
f 1063/1614/1014 1067/1648/1046 1065/1649/1047 1066/1650/1048
f 1068/1597/999 1071/1651/1049 1072/1652/1050 1074/1653/1051
f 1069/1615/1015 1073/1654/1052 1072/1655/1053 1071/1656/1054
f 1070/1590/992 1074/1657/1055 1072/1658/1056 1073/1659/1057
f 1075/1612/1012 1078/1660/1058 1079/1661/1059 1081/1662/1060
f 1076/1609/1009 1080/1663/1061 1079/1664/1062 1078/1665/1063
f 1077/1666/1064 1081/1667/1065 1079/1668/1066 1080/1669/1067
f 1082/1599/1001 1085/1670/1068 1086/1671/1069 1088/1672/1070
f 1083/1673/1071 1087/1674/1072 1086/1675/1073 1085/1676/1074
f 1084/1608/1008 1088/1677/1075 1086/1678/1076 1087/1679/1077
f 1089/1611/1011 1092/1680/1078 1093/1681/1079 1095/1682/1080
f 1090/1617/1017 1094/1683/1081 1093/1684/1082 1092/1685/1083
f 1091/1606/1006 1095/1686/1084 1093/1687/1085 1094/1688/1086
f 1096/1596/998 1099/1689/1087 1100/1690/1088 1102/1691/1089
f 1097/1607/1007 1101/1692/1090 1100/1693/1091 1099/1694/1092
f 1098/1616/1016 1102/1695/1093 1100/1696/1094 1101/1697/1095
f 960/1503/917 966/1566/962 967/1698/1096 961/1699/1097
f 961/1700/1098 967/1701/1099 965/1702/1100 959/1703/1101
f 798/1495/909 804/1577/973 805/1704/1102 799/1705/1103
f 799/1706/1104 805/1707/1105 803/1708/1106 797/1709/1107
f 936/1536/948 941/1526/938 943/1710/1108 937/1711/1109
f 937/1712/1110 943/1713/1111 942/1714/1112 935/1715/1113
f 807/1576/974 801/1494/908 802/1716/1114 808/1717/1115
f 808/1718/1116 802/1719/1117 800/1720/1118 806/1721/1119
f 804/1567/973 810/1504/918 811/1722/1120 805/1723/1102
f 805/1707/1105 811/1724/1121 809/1725/1122 803/1708/1106
f 813/1505/919 807/1568/974 808/1726/1115 814/1727/1123
f 814/1728/1124 808/1718/1116 806/1721/1119 812/1575/981
f 963/1502/916 957/1501/915 958/1729/1125 964/1730/1126
f 964/1731/1127 958/1732/1128 956/1733/1129 962/1734/1130
f 810/1504/918 816/1507/921 817/1735/1131 811/1722/1120
f 811/1724/1121 817/1736/1132 815/1737/1133 809/1725/1122
f 939/1537/949 933/1549/959 934/1738/1134 940/1739/1135
f 940/1740/1136 934/1741/1137 932/1742/1138 938/1743/1139
f 819/1506/920 813/1505/919 814/1727/1123 820/1744/1140
f 820/1745/1141 814/1728/1124 812/1575/981 818/1746/1142
f 816/1507/921 822/1511/925 823/1747/1143 817/1735/1131
f 817/1736/1132 823/1748/1144 821/1749/1145 815/1737/1133
f 825/1510/924 819/1506/920 820/1744/1140 826/1750/1146
f 826/1751/1147 820/1745/1141 818/1746/1142 824/1752/1148
f 954/1500/914 960/1503/917 961/1699/1097 955/1753/1149
f 955/1754/1150 961/1700/1098 959/1703/1101 953/1755/1151
f 822/1511/925 828/1513/927 829/1756/1152 823/1747/1143
f 823/1748/1144 829/1757/1153 827/1758/1154 821/1749/1145
f 930/1548/958 936/1536/948 937/1711/1109 931/1759/1155
f 931/1760/1156 937/1712/1110 935/1715/1113 929/1761/1157
f 831/1512/926 825/1510/924 826/1750/1146 832/1762/1158
f 832/1763/1159 826/1751/1147 824/1752/1148 830/1764/1160
f 828/1513/927 834/1517/931 835/1765/1161 829/1756/1152
f 829/1757/1153 835/1766/1162 833/1767/1163 827/1758/1154
f 837/1516/930 831/1512/926 832/1762/1158 838/1768/1164
f 838/1769/1165 832/1763/1159 830/1764/1160 836/1574/980
f 834/1520/931 840/1523/935 841/1770/1166 835/1771/1161
f 835/1766/1162 841/1772/1167 839/1773/1168 833/1767/1163
f 843/1522/934 837/1521/930 838/1774/1164 844/1775/1169
f 844/1776/1170 838/1769/1165 836/1574/980 842/1777/1171
f 957/1501/915 951/1515/929 952/1778/1172 958/1729/1125
f 958/1732/1128 952/1779/1173 950/1780/1174 956/1733/1129
f 840/1523/935 846/1525/937 847/1781/1175 841/1770/1166
f 841/1772/1167 847/1782/1176 845/1783/1177 839/1773/1168
f 933/1620/959 927/1618/1018 928/1784/1178 934/1785/1134
f 934/1741/1137 928/1786/1179 926/1787/1180 932/1742/1138
f 849/1524/936 843/1522/934 844/1775/1169 850/1788/1181
f 850/1789/1182 844/1776/1170 842/1777/1171 848/1790/1183
f 846/1525/937 852/1529/941 853/1791/1184 847/1781/1175
f 847/1782/1176 853/1792/1185 851/1793/1186 845/1783/1177
f 855/1528/940 849/1524/936 850/1788/1181 856/1794/1187
f 856/1795/1188 850/1789/1182 848/1790/1183 854/1796/1189
f 948/1514/928 954/1500/914 955/1753/1149 949/1797/1190
f 949/1798/1191 955/1754/1150 953/1755/1151 947/1799/1192
f 852/1529/941 858/1533/945 859/1800/1193 853/1791/1184
f 853/1792/1185 859/1801/1194 857/1802/1195 851/1793/1186
f 924/1619/1019 930/1621/958 931/1803/1155 925/1804/1196
f 925/1805/1197 931/1760/1156 929/1761/1157 923/1806/1198
f 861/1532/944 855/1528/940 856/1794/1187 862/1807/1199
f 862/1808/1200 856/1795/1188 854/1796/1189 860/1573/979
f 858/1533/945 864/1535/947 865/1809/1201 859/1800/1193
f 859/1801/1194 865/1810/1202 863/1811/1203 857/1802/1195
f 867/1534/946 861/1532/944 862/1807/1199 868/1812/1204
f 868/1813/1205 862/1808/1200 860/1573/979 866/1814/1206
f 864/1538/947 870/1541/951 871/1815/1207 865/1816/1201
f 865/1810/1202 871/1817/1208 869/1818/1209 863/1811/1203
f 873/1540/950 867/1539/946 868/1819/1204 874/1820/1210
f 874/1821/1211 868/1813/1205 866/1814/1206 872/1822/1212
f 951/1515/929 945/1527/939 946/1823/1213 952/1778/1172
f 952/1779/1173 946/1824/1214 944/1825/1215 950/1780/1174
f 870/1541/951 876/1545/955 877/1826/1216 871/1815/1207
f 871/1817/1208 877/1827/1217 875/1828/1218 869/1818/1209
f 879/1544/954 873/1540/950 874/1820/1210 880/1829/1219
f 880/1830/1220 874/1821/1211 872/1822/1212 878/1831/1221
f 876/1545/955 882/1547/957 883/1832/1222 877/1826/1216
f 877/1827/1217 883/1833/1223 881/1834/1224 875/1828/1218
f 927/1618/1018 921/1571/977 922/1835/1225 928/1784/1178
f 928/1786/1179 922/1836/1226 920/1837/1227 926/1787/1180
f 885/1546/956 879/1544/954 880/1829/1219 886/1838/1228
f 886/1839/1229 880/1830/1220 878/1831/1221 884/1840/1230
f 941/1526/938 948/1514/928 949/1797/1190 943/1710/1108
f 943/1713/1111 949/1798/1191 947/1799/1192 942/1714/1112
f 882/1547/957 888/1551/961 889/1841/1231 883/1832/1222
f 883/1833/1223 889/1842/1232 887/1843/1233 881/1834/1224
f 891/1550/960 885/1546/956 886/1838/1228 892/1844/1234
f 892/1845/1235 886/1839/1229 884/1840/1230 890/1846/1236
f 888/1551/961 894/1555/965 895/1847/1237 889/1841/1231
f 889/1842/1232 895/1848/1238 893/1849/1239 887/1843/1233
f 897/1554/964 891/1550/960 892/1844/1234 898/1850/1240
f 898/1851/1241 892/1845/1235 890/1846/1236 896/1852/1242
f 894/1556/965 900/1559/967 901/1853/1243 895/1854/1237
f 895/1848/1238 901/1855/1244 899/1856/1245 893/1849/1239
f 918/1572/978 924/1619/1019 925/1804/1196 919/1857/1246
f 919/1858/1247 925/1805/1197 923/1806/1198 917/1859/1248
f 903/1558/966 897/1557/964 898/1860/1240 904/1861/1249
f 904/1862/1250 898/1851/1241 896/1852/1242 902/1863/1251
f 945/1527/939 939/1537/949 940/1739/1135 946/1823/1213
f 946/1824/1214 940/1740/1136 938/1743/1139 944/1825/1215
f 900/1559/967 906/1564/972 907/1864/1252 901/1853/1243
f 901/1855/1244 907/1865/1253 905/1866/1254 899/1856/1245
f 909/1563/971 903/1558/966 904/1861/1249 910/1867/1255
f 910/1868/1256 904/1862/1250 902/1863/1251 908/1869/1257
f 906/1564/972 912/1492/906 913/1870/1258 907/1864/1252
f 907/1865/1253 913/1871/1259 911/1872/1260 905/1866/1254
f 915/1493/907 909/1563/971 910/1867/1255 916/1873/1261
f 916/1874/1262 910/1868/1256 908/1869/1257 914/1875/1263
f 912/1492/906 798/1495/909 799/1705/1103 913/1870/1258
f 913/1871/1259 799/1706/1104 797/1709/1107 911/1872/1260
f 801/1494/908 915/1493/907 916/1873/1261 802/1716/1114
f 802/1719/1117 916/1874/1262 914/1875/1263 800/1720/1118
f 969/1565/963 963/1502/916 964/1730/1126 970/1876/1264
f 970/1877/1265 964/1731/1127 962/1734/1130 968/1878/1266
f 966/1552/962 972/1542/952 973/1879/1267 967/1880/1096
f 967/1701/1099 973/1881/1268 971/1882/1269 965/1702/1100
f 975/1543/953 969/1553/963 970/1883/1264 976/1884/1270
f 976/1885/1271 970/1877/1265 968/1878/1266 974/1886/1272
f 972/1542/952 978/1530/942 979/1887/1273 973/1879/1267
f 973/1881/1268 979/1888/1274 977/1889/1275 971/1882/1269
f 981/1531/943 975/1543/953 976/1884/1270 982/1890/1276
f 982/1891/1277 976/1885/1271 974/1886/1272 980/1892/1278
f 978/1530/942 984/1518/932 985/1893/1279 979/1887/1273
f 979/1888/1274 985/1894/1280 983/1895/1281 977/1889/1275
f 987/1519/933 981/1531/943 982/1890/1276 988/1896/1282
f 988/1897/1283 982/1891/1277 980/1892/1278 986/1898/1284
f 1082/1599/1001 784/1598/1000 786/1628/1026 1085/1670/1068
f 1085/1676/1074 786/1623/1021 783/1622/1020 1083/1673/1071
f 984/1518/932 990/1508/922 991/1899/1285 985/1893/1279
f 985/1894/1280 991/1900/1286 989/1901/1287 983/1895/1281
f 993/1509/923 987/1519/933 988/1896/1282 994/1902/1288
f 994/1903/1289 988/1897/1283 986/1898/1284 992/1904/1290
f 790/1613/1013 1075/1612/1012 1081/1662/1060 793/1632/1030
f 793/1638/1036 1081/1667/1065 1077/1666/1064 791/1635/1033
f 990/1508/922 996/1496/910 997/1905/1291 991/1899/1285
f 991/1900/1286 997/1906/1292 995/1560/968 989/1901/1287
f 999/1497/911 993/1509/923 994/1902/1288 1000/1907/1293
f 1000/1908/1294 994/1903/1289 992/1904/1290 998/1909/1295
f 1083/1673/1071 1077/1666/1064 1080/1669/1067 1087/1674/1072
f 1087/1679/1077 1080/1663/1061 1076/1609/1009 1084/1608/1008
f 996/1496/910 1002/1499/913 1003/1910/1296 997/1905/1291
f 997/1906/1292 1003/1911/1297 1001/1912/1298 995/1560/968
f 1005/1498/912 999/1497/911 1000/1907/1293 1006/1913/1299
f 1006/1914/1300 1000/1908/1294 998/1909/1295 1004/1915/1301
f 1096/1596/998 1082/1599/1001 1088/1672/1070 1099/1689/1087
f 1099/1694/1092 1088/1677/1075 1084/1608/1008 1097/1607/1007
f 1002/1578/913 1008/1581/983 1009/1916/1302 1003/1917/1296
f 1003/1911/1297 1009/1918/1303 1007/1919/1304 1001/1912/1298
f 1011/1580/982 1005/1579/912 1006/1920/1299 1012/1921/1305
f 1012/1922/1306 1006/1914/1300 1004/1915/1301 1010/1923/1307
f 1075/1612/1012 1089/1611/1011 1095/1682/1080 1078/1660/1058
f 1078/1665/1063 1095/1686/1084 1091/1606/1006 1076/1609/1009
f 1008/1581/983 1014/1583/985 1015/1924/1308 1009/1916/1302
f 1009/1918/1303 1015/1925/1309 1013/1926/1310 1007/1919/1304
f 1017/1582/984 1011/1580/982 1012/1921/1305 1018/1927/1311
f 1018/1928/1312 1012/1922/1306 1010/1923/1307 1016/1929/1313
f 1097/1607/1007 1091/1606/1006 1094/1688/1086 1101/1692/1090
f 1101/1697/1095 1094/1683/1081 1090/1617/1017 1098/1616/1016
f 1014/1583/985 1020/1585/987 1021/1930/1314 1015/1924/1308
f 1015/1925/1309 1021/1931/1315 1019/1561/969 1013/1926/1310
f 1023/1584/986 1017/1582/984 1018/1927/1311 1024/1932/1316
f 1024/1933/1317 1018/1928/1312 1016/1929/1313 1022/1934/1318
f 1068/1597/999 1096/1596/998 1102/1691/1089 1071/1651/1049
f 1071/1656/1054 1102/1695/1093 1098/1616/1016 1069/1615/1015
f 1020/1585/987 1026/1587/989 1027/1935/1319 1021/1930/1314
f 1021/1931/1315 1027/1936/1320 1025/1937/1321 1019/1561/969
f 1029/1586/988 1023/1584/986 1024/1932/1316 1030/1938/1322
f 1030/1939/1323 1024/1933/1317 1022/1934/1318 1028/1940/1324
f 1089/1611/1011 1061/1610/1010 1067/1644/1042 1092/1680/1078
f 1092/1685/1083 1067/1648/1046 1063/1614/1014 1090/1617/1017
f 1026/1587/989 1032/1593/995 1033/1941/1325 1027/1935/1319
f 1027/1936/1320 1033/1942/1326 1031/1943/1327 1025/1937/1321
f 1035/1592/994 1029/1586/988 1030/1938/1322 1036/1944/1328
f 1036/1945/1329 1030/1939/1323 1028/1940/1324 1034/1946/1330
f 1069/1615/1015 1063/1614/1014 1066/1650/1048 1073/1654/1052
f 1073/1659/1057 1066/1645/1043 1062/1591/993 1070/1590/992
f 1032/1593/995 1038/1595/997 1039/1947/1331 1033/1941/1325
f 1033/1942/1326 1039/1948/1332 1037/1949/1333 1031/1943/1327
f 1041/1594/996 1035/1592/994 1036/1944/1328 1042/1950/1334
f 1042/1951/1335 1036/1945/1329 1034/1946/1330 1040/1952/1336
f 784/1598/1000 1068/1597/999 1074/1653/1051 788/1626/1024
f 788/1631/1029 1074/1657/1055 1070/1590/992 785/1589/991
f 1038/1600/997 1044/1603/1003 1045/1953/1337 1039/1954/1331
f 1039/1948/1332 1045/1955/1338 1043/1562/970 1037/1949/1333
f 1047/1602/1002 1041/1601/996 1042/1956/1334 1048/1957/1339
f 1048/1958/1340 1042/1951/1335 1040/1952/1336 1046/1959/1341
f 791/1635/1033 783/1622/1020 789/1625/1023 795/1636/1034
f 795/1641/1039 789/1629/1027 785/1589/991 792/1588/990
f 1044/1603/1003 1050/1605/1005 1051/1960/1342 1045/1953/1337
f 1045/1955/1338 1051/1961/1343 1049/1962/1344 1043/1562/970
f 1053/1604/1004 1047/1602/1002 1048/1957/1339 1054/1963/1345
f 1054/1964/1346 1048/1958/1340 1046/1959/1341 1052/1965/1347
f 1061/1610/1010 790/1613/1013 796/1634/1032 1064/1642/1040
f 1064/1647/1045 796/1639/1037 792/1588/990 1062/1591/993
f 1050/1605/1005 1056/1569/975 1057/1966/1348 1051/1960/1342
f 1051/1961/1343 1057/1967/1349 1055/1968/1350 1049/1962/1344
f 1059/1570/976 1053/1604/1004 1054/1963/1345 1060/1969/1351
f 1060/1970/1352 1054/1964/1346 1052/1965/1347 1058/1971/1353
f 1056/1569/975 918/1572/978 919/1857/1246 1057/1966/1348
f 1057/1967/1349 919/1858/1247 917/1859/1248 1055/1968/1350
f 921/1571/977 1059/1570/976 1060/1969/1351 922/1835/1225
f 922/1836/1226 1060/1970/1352 1058/1971/1353 920/1837/1227
f 1077/1666/1064 1083/1673/1071 783/1622/1020 791/1635/1033
f 947/1799/1192 953/1755/1151 971/1882/1269
f 953/1755/1151 959/1703/1101 971/1882/1269
f 959/1703/1101 965/1702/1100 971/1882/1269
f 971/1882/1269 977/1889/1275 983/1895/1281
f 983/1895/1281 989/1901/1287 995/1560/968
f 995/1560/968 1001/1912/1298 1007/1919/1304
f 1007/1919/1304 1013/1926/1310 995/1560/968
f 1013/1926/1310 1019/1561/969 995/1560/968
f 1019/1561/969 1025/1937/1321 1031/1943/1327
f 1031/1943/1327 1037/1949/1333 1019/1561/969
f 1037/1949/1333 1043/1562/970 1019/1561/969
f 1043/1562/970 1049/1962/1344 1055/1968/1350
f 1055/1968/1350 917/1859/1248 923/1806/1198
f 923/1806/1198 929/1761/1157 935/1715/1113
f 935/1715/1113 942/1714/1112 947/1799/1192
f 971/1882/1269 983/1895/1281 995/1560/968
f 1043/1562/970 1055/1968/1350 923/1806/1198
f 923/1806/1198 935/1715/1113 1043/1562/970
f 935/1715/1113 947/1799/1192 1043/1562/970
f 899/1856/1245 911/1872/1260 827/1758/1154 839/1773/1168
f 812/1575/981 806/1721/1119 800/1720/1118
f 800/1720/1118 914/1875/1263 908/1869/1257
f 908/1869/1257 902/1863/1251 896/1852/1242
f 896/1852/1242 890/1846/1236 908/1869/1257
f 890/1846/1236 884/1840/1230 908/1869/1257
f 884/1840/1230 878/1831/1221 872/1822/1212
f 872/1822/1212 866/1814/1206 860/1573/979
f 860/1573/979 854/1796/1189 848/1790/1183
f 848/1790/1183 842/1777/1171 860/1573/979
f 842/1777/1171 836/1574/980 860/1573/979
f 836/1574/980 830/1764/1160 824/1752/1148
f 824/1752/1148 818/1746/1142 836/1574/980
f 818/1746/1142 812/1575/981 836/1574/980
f 1052/1965/1347 1004/1915/1301 956/1733/1129 932/1742/1138
f 800/1720/1118 908/1869/1257 884/1840/1230
f 884/1840/1230 872/1822/1212 860/1573/979
f 911/1872/1260 797/1709/1107 803/1708/1106
f 803/1708/1106 809/1725/1122 911/1872/1260
f 809/1725/1122 815/1737/1133 911/1872/1260
f 815/1737/1133 821/1749/1145 827/1758/1154
f 827/1758/1154 833/1767/1163 839/1773/1168
f 839/1773/1168 845/1783/1177 863/1811/1203
f 845/1783/1177 851/1793/1186 863/1811/1203
f 851/1793/1186 857/1802/1195 863/1811/1203
f 863/1811/1203 869/1818/1209 875/1828/1218
f 875/1828/1218 881/1834/1224 887/1843/1233
f 887/1843/1233 893/1849/1239 899/1856/1245
f 899/1856/1245 905/1866/1254 911/1872/1260
f 815/1737/1133 827/1758/1154 911/1872/1260
f 863/1811/1203 875/1828/1218 839/1773/1168
f 875/1828/1218 887/1843/1233 839/1773/1168
f 887/1843/1233 899/1856/1245 839/1773/1168
f 1004/1915/1301 998/1909/1295 992/1904/1290
f 992/1904/1290 986/1898/1284 1004/1915/1301
f 986/1898/1284 980/1892/1278 1004/1915/1301
f 980/1892/1278 974/1886/1272 956/1733/1129
f 974/1886/1272 968/1878/1266 956/1733/1129
f 968/1878/1266 962/1734/1130 956/1733/1129
f 956/1733/1129 950/1780/1174 944/1825/1215
f 944/1825/1215 938/1743/1139 956/1733/1129
f 938/1743/1139 932/1742/1138 956/1733/1129
f 932/1742/1138 926/1787/1180 1052/1965/1347
f 926/1787/1180 920/1837/1227 1052/1965/1347
f 920/1837/1227 1058/1971/1353 1052/1965/1347
f 1052/1965/1347 1046/1959/1341 1040/1952/1336
f 1040/1952/1336 1034/1946/1330 1028/1940/1324
f 1028/1940/1324 1022/1934/1318 1016/1929/1313
f 1016/1929/1313 1010/1923/1307 1004/1915/1301
f 1052/1965/1347 1040/1952/1336 1028/1940/1324
f 1028/1940/1324 1016/1929/1313 1052/1965/1347
f 1016/1929/1313 1004/1915/1301 1052/1965/1347
f 1004/1915/1301 980/1892/1278 956/1733/1129
f 971/1882/1269 995/1560/968 1043/1562/970 947/1799/1192
f 884/1840/1230 860/1573/979 812/1575/981 800/1720/1118
o Buffer_Tube_low
v -0.290000 0.045000 -0.013693
v -0.289200 0.045000 -0.014500
v -0.289766 0.045000 -0.014261
v -0.090000 0.045000 -0.013693
v -0.090800 0.045000 -0.014500
v -0.090234 0.045000 -0.014261
v -0.290000 0.041456 -0.013227
v -0.289200 0.041247 -0.014006
v -0.289766 0.041309 -0.013775
v -0.090000 0.041456 -0.013227
v -0.090800 0.041247 -0.014006
v -0.090234 0.041309 -0.013775
v -0.290000 0.038153 -0.011859
v -0.289200 0.037750 -0.012557
v -0.289766 0.037870 -0.012350
v -0.090000 0.038153 -0.011859
v -0.090800 0.037750 -0.012557
v -0.090234 0.037870 -0.012350
v -0.290000 0.035318 -0.009682
v -0.289200 0.034747 -0.010253
v -0.289766 0.034916 -0.010084
v -0.090000 0.035318 -0.009682
v -0.090800 0.034747 -0.010253
v -0.090234 0.034916 -0.010084
v -0.290000 0.033141 -0.006847
v -0.289200 0.032443 -0.007250
v -0.289766 0.032650 -0.007130
v -0.090000 0.033141 -0.006847
v -0.090800 0.032443 -0.007250
v -0.090234 0.032650 -0.007130
v -0.290000 0.031773 -0.003544
v -0.289200 0.030994 -0.003753
v -0.289766 0.031225 -0.003691
v -0.090000 0.031773 -0.003544
v -0.090800 0.030994 -0.003753
v -0.090234 0.031225 -0.003691
v -0.290000 0.031307 0.000000
v -0.289200 0.030500 0.000000
v -0.289766 0.030739 0.000000
v -0.090000 0.031307 0.000000
v -0.090800 0.030500 0.000000
v -0.090234 0.030739 -0.000000
v -0.290000 0.031773 0.003544
v -0.289200 0.030994 0.003753
v -0.289766 0.031225 0.003691
v -0.090000 0.031773 0.003544
v -0.090800 0.030994 0.003753
v -0.090234 0.031225 0.003691
v -0.290000 0.033141 0.006847
v -0.289200 0.032443 0.007250
v -0.289766 0.032650 0.007130
v -0.090000 0.033141 0.006847
v -0.090800 0.032443 0.007250
v -0.090234 0.032650 0.007130
v -0.290000 0.035318 0.009682
v -0.289200 0.034747 0.010253
v -0.289766 0.034916 0.010084
v -0.090000 0.035318 0.009682
v -0.090800 0.034747 0.010253
v -0.090234 0.034916 0.010084
v -0.290000 0.038153 0.011859
v -0.289200 0.037750 0.012557
v -0.289766 0.037870 0.012350
v -0.090000 0.038153 0.011859
v -0.090800 0.037750 0.012557
v -0.090234 0.037870 0.012350
v -0.290000 0.041456 0.013227
v -0.289200 0.041247 0.014006
v -0.289766 0.041309 0.013775
v -0.090000 0.041456 0.013227
v -0.090800 0.041247 0.014006
v -0.090234 0.041309 0.013775
v -0.290000 0.045000 0.013693
v -0.289200 0.045000 0.014500
v -0.289766 0.045000 0.014261
v -0.090000 0.045000 0.013693
v -0.090800 0.045000 0.014500
v -0.090234 0.045000 0.014261
v -0.290000 0.048544 0.013227
v -0.289200 0.048753 0.014006
v -0.289766 0.048691 0.013775
v -0.090000 0.048544 0.013227
v -0.090800 0.048753 0.014006
v -0.090234 0.048691 0.013775
v -0.290000 0.051847 0.011859
v -0.289200 0.052250 0.012557
v -0.289766 0.052130 0.012350
v -0.090000 0.051847 0.011859
v -0.090800 0.052250 0.012557
v -0.090234 0.052130 0.012350
v -0.290000 0.054682 0.009682
v -0.289200 0.055253 0.010253
v -0.289766 0.055084 0.010084
v -0.090000 0.054682 0.009682
v -0.090800 0.055253 0.010253
v -0.090234 0.055084 0.010084
v -0.290000 0.056859 0.006847
v -0.289200 0.057557 0.007250
v -0.289766 0.057350 0.007130
v -0.090000 0.056859 0.006847
v -0.090800 0.057557 0.007250
v -0.090234 0.057350 0.007130
v -0.290000 0.058227 0.003544
v -0.289200 0.059006 0.003753
v -0.289766 0.058775 0.003691
v -0.090000 0.058227 0.003544
v -0.090800 0.059006 0.003753
v -0.090234 0.058775 0.003691
v -0.290000 0.058693 0.000000
v -0.289200 0.059500 0.000000
v -0.289766 0.059261 -0.000000
v -0.090000 0.058693 0.000000
v -0.090800 0.059500 0.000000
v -0.090234 0.059261 -0.000000
v -0.290000 0.058227 -0.003544
v -0.289200 0.059006 -0.003753
v -0.289766 0.058775 -0.003691
v -0.090000 0.058227 -0.003544
v -0.090800 0.059006 -0.003753
v -0.090234 0.058775 -0.003691
v -0.290000 0.056859 -0.006847
v -0.289200 0.057557 -0.007250
v -0.289766 0.057350 -0.007130
v -0.090000 0.056859 -0.006847
v -0.090800 0.057557 -0.007250
v -0.090234 0.057350 -0.007130
v -0.290000 0.054682 -0.009682
v -0.289200 0.055253 -0.010253
v -0.289766 0.055084 -0.010084
v -0.090000 0.054682 -0.009682
v -0.090800 0.055253 -0.010253
v -0.090234 0.055084 -0.010084
v -0.290000 0.051847 -0.011859
v -0.289200 0.052250 -0.012557
v -0.289766 0.052130 -0.012350
v -0.090000 0.051847 -0.011859
v -0.090800 0.052250 -0.012557
v -0.090234 0.052130 -0.012350
v -0.290000 0.048544 -0.013227
v -0.289200 0.048753 -0.014006
v -0.289766 0.048691 -0.013775
v -0.090000 0.048544 -0.013227
v -0.090800 0.048753 -0.014006
v -0.090234 0.048691 -0.013775
v -0.110000 0.045000 -0.017172
v -0.109200 0.045000 -0.018000
v -0.109766 0.045000 -0.017746
v -0.102000 0.045000 -0.017172
v -0.102800 0.045000 -0.018000
v -0.102234 0.045000 -0.017746
v -0.110000 0.036414 -0.014871
v -0.109200 0.036000 -0.015588
v -0.109766 0.036127 -0.015368
v -0.102000 0.036414 -0.014871
v -0.102800 0.036000 -0.015588
v -0.102234 0.036127 -0.015368
v -0.110000 0.030129 -0.008586
v -0.109200 0.029412 -0.009000
v -0.109766 0.029632 -0.008873
v -0.102000 0.030129 -0.008586
v -0.102800 0.029412 -0.009000
v -0.102234 0.029632 -0.008873
v -0.110000 0.027828 0.000000
v -0.109200 0.027000 0.000000
v -0.109766 0.027254 -0.000000
v -0.102000 0.027828 0.000000
v -0.102800 0.027000 0.000000
v -0.102234 0.027254 0.000000
v -0.110000 0.030129 0.008586
v -0.109200 0.029412 0.009000
v -0.109766 0.029632 0.008873
v -0.102000 0.030129 0.008586
v -0.102800 0.029412 0.009000
v -0.102234 0.029632 0.008873
v -0.110000 0.036414 0.014871
v -0.109200 0.036000 0.015588
v -0.109766 0.036127 0.015368
v -0.102000 0.036414 0.014871
v -0.102800 0.036000 0.015588
v -0.102234 0.036127 0.015368
v -0.110000 0.045000 0.017172
v -0.109200 0.045000 0.018000
v -0.109766 0.045000 0.017746
v -0.102000 0.045000 0.017172
v -0.102800 0.045000 0.018000
v -0.102234 0.045000 0.017746
v -0.110000 0.053586 0.014871
v -0.109200 0.053227 0.015796
v -0.109200 0.054566 0.015023
v -0.109766 0.053449 0.015493
v -0.109662 0.053884 0.015388
v -0.109200 0.053939 0.015483
v -0.109766 0.054193 0.015064
v -0.102000 0.053586 0.014871
v -0.102800 0.054566 0.015023
v -0.102800 0.053227 0.015796
v -0.102234 0.054193 0.015064
v -0.102338 0.053884 0.015388
v -0.102800 0.053939 0.015483
v -0.102234 0.053449 0.015493
v -0.110000 0.059871 0.008586
v -0.109200 0.060588 0.009000
v -0.109766 0.060368 0.008873
v -0.102000 0.059871 0.008586
v -0.102800 0.060588 0.009000
v -0.102234 0.060368 0.008873
v -0.109200 0.062793 -0.000773
v -0.110000 0.062172 0.000000
v -0.109200 0.062793 0.000773
v -0.109766 0.062642 -0.000429
v -0.109662 0.062768 0.000000
v -0.109766 0.062642 0.000429
v -0.109200 0.062879 0.000000
v -0.102800 0.062793 -0.000773
v -0.102800 0.062793 0.000773
v -0.102000 0.062172 -0.000000
v -0.102800 0.062879 -0.000000
v -0.102338 0.062768 -0.000000
v -0.102234 0.062642 0.000429
v -0.102234 0.062642 -0.000429
v -0.110000 0.059871 -0.008586
v -0.109200 0.060588 -0.009000
v -0.109766 0.060368 -0.008873
v -0.102000 0.059871 -0.008586
v -0.102800 0.060588 -0.009000
v -0.102234 0.060368 -0.008873
v -0.110000 0.053586 -0.014871
v -0.109200 0.054566 -0.015023
v -0.109200 0.053227 -0.015796
v -0.109766 0.054193 -0.015064
v -0.109662 0.053884 -0.015388
v -0.109200 0.053939 -0.015483
v -0.109766 0.053449 -0.015493
v -0.102000 0.053586 -0.014871
v -0.102800 0.053227 -0.015796
v -0.102800 0.054566 -0.015023
v -0.102234 0.053449 -0.015493
v -0.102338 0.053884 -0.015388
v -0.102800 0.053939 -0.015483
v -0.102234 0.054193 -0.015064
vn -0.0012 0.2588 -0.9659
vn 0.0012 0.2588 -0.9659
vn 0.0012 -0.0000 -1.0000
vn -0.0012 -0.0000 -1.0000
vn -0.0012 -0.5000 -0.8660
vn 0.0012 -0.5000 -0.8660
vn 0.0012 -0.7071 -0.7071
vn -0.0012 -0.7071 -0.7071
vn -0.0336 0.6981 0.7152
vn 0.0336 0.6981 0.7152
vn 0.0361 0.8655 0.4997
vn -0.0361 0.8655 0.4997
vn 0.0012 -0.8660 -0.5000
vn -0.0012 -0.8660 -0.5000
vn 0.0012 -0.9659 -0.2588
vn -0.0012 -0.9659 -0.2588
vn 0.0012 -1.0000 -0.0000
vn -0.0012 -1.0000 -0.0000
vn -0.0362 -0.0118 0.9993
vn 0.0362 -0.0118 0.9993
vn 0.0336 0.2704 0.9622
vn -0.0336 0.2704 0.9622
vn 0.0012 -0.9659 0.2588
vn -0.0012 -0.9659 0.2588
vn 0.0012 -0.8660 0.5000
vn -0.0012 -0.8660 0.5000
vn 0.0012 -0.7071 0.7071
vn -0.0012 -0.7071 0.7071
vn -0.0363 -0.4997 0.8655
vn 0.0363 -0.4997 0.8655
vn 0.0012 -0.5000 0.8660
vn -0.0012 -0.5000 0.8660
vn -0.0363 -0.4997 -0.8655
vn 0.0363 -0.4997 -0.8655
vn 0.0363 -0.8655 -0.4997
vn -0.0363 -0.8655 -0.4997
vn 0.0012 -0.2588 0.9659
vn -0.0012 -0.2588 0.9659
vn 1.0000 -0.0030 -0.0052
vn 0.9997 0.0117 -0.0202
vn 1.0000 0.0050 -0.0000
vn 0.0012 -0.0000 1.0000
vn -0.0012 -0.0000 1.0000
vn -0.0363 -0.8655 0.4997
vn 0.0363 -0.8655 0.4997
vn 0.0012 0.2588 0.9659
vn -0.0012 0.2588 0.9659
vn 0.0012 0.5000 0.8660
vn -0.0012 0.5000 0.8660
vn 0.0012 0.7071 0.7071
vn -0.0012 0.7071 0.7071
vn -0.0336 0.2704 -0.9622
vn 0.0336 0.2704 -0.9622
vn 0.0362 -0.0118 -0.9993
vn -0.0362 -0.0118 -0.9993
vn -0.0363 -0.9993 -0.0000
vn 0.0363 -0.9993 -0.0000
vn 0.0012 0.8660 0.5000
vn -0.0012 0.8660 0.5000
vn 0.0012 0.9659 0.2588
vn -0.0012 0.9659 0.2588
vn -0.0361 0.8655 -0.4997
vn 0.0361 0.8655 -0.4997
vn 0.0336 0.6981 -0.7152
vn -0.0336 0.6981 -0.7152
vn 0.0012 1.0000 -0.0000
vn -0.0012 1.0000 -0.0000
vn 0.0012 0.9659 -0.2588
vn -0.0012 0.9659 -0.2588
vn 0.0012 0.8660 -0.5000
vn -0.0012 0.8660 -0.5000
vn -0.0336 0.9685 -0.2469
vn 0.0336 0.9684 -0.2470
vn 0.0012 0.7071 -0.7071
vn -0.0012 0.7071 -0.7071
vn 0.0012 0.5000 -0.8660
vn -0.0012 0.5000 -0.8660
vn -0.0012 -0.2588 -0.9659
vn 0.0012 -0.2588 -0.9659
vn 0.0336 0.9685 0.2469
vn -0.0336 0.9684 0.2469
vn -0.9906 0.0685 0.1187
vn -0.9204 0.1074 0.3758
vn -0.8700 0.2465 0.4270
vn -0.9204 0.2718 0.2809
vn -0.0184 0.4999 0.8659
vn -0.2909 0.4784 0.8286
vn -0.3847 0.2446 0.8901
vn -0.3847 0.6485 0.6569
vn 0.9988 0.0247 0.0427
vn 0.9205 0.2718 0.2809
vn 0.8700 0.2465 0.4270
vn 0.9204 0.1073 0.3758
vn 0.0184 0.4999 0.8659
vn 0.2909 0.4784 0.8286
vn 0.3847 0.6485 0.6569
vn 0.3847 0.2446 0.8901
vn -0.3847 0.8931 -0.2332
vn -0.2909 0.9568 -0.0000
vn -0.0184 0.9998 -0.0000
vn -0.9906 0.1371 -0.0000
vn -0.9205 0.3791 0.0950
vn -0.8700 0.4931 -0.0000
vn -0.9205 0.3791 -0.0949
vn -0.3847 0.8931 0.2332
vn 0.0184 0.9998 -0.0000
vn 0.2909 0.9568 -0.0000
vn 0.3847 0.8931 -0.2332
vn 0.3847 0.8931 0.2332
vn 0.9204 0.3792 -0.0949
vn 0.8700 0.4931 -0.0000
vn 0.9205 0.3791 0.0949
vn -0.9906 0.0686 -0.1187
vn -0.9204 0.2718 -0.2809
vn -0.8700 0.2465 -0.4271
vn -0.9205 0.1073 -0.3758
vn -0.0184 0.4999 -0.8659
vn -0.2909 0.4784 -0.8286
vn -0.3847 0.6485 -0.6569
vn -0.3847 0.2446 -0.8901
vn 0.9205 0.1073 -0.3758
vn 0.8700 0.2465 -0.4271
vn 0.9205 0.2718 -0.2809
vn 0.0184 0.4999 -0.8659
vn 0.2909 0.4784 -0.8286
vn 0.3847 0.2446 -0.8901
vn 0.3847 0.6485 -0.6569
vn 0.4021 0.7929 0.4578
vn 0.9272 0.3244 0.1873
vn 0.9910 0.1156 0.0668
vn -0.3894 -0.2384 -0.8897
vn -0.3894 -0.0000 -0.9211
vn -0.9244 -0.0000 -0.3815
vn -0.9244 -0.0987 -0.3685
vn -0.9875 -0.0408 -0.1524
vn -0.9593 -0.0000 -0.2823
vn 0.3894 -0.0000 -0.9211
vn 0.3894 -0.2384 -0.8897
vn 0.9244 -0.0987 -0.3685
vn 0.9244 -0.0000 -0.3815
vn 0.9875 -0.0000 -0.1578
vn 0.9957 -0.0239 -0.0890
vn -0.3894 -0.4605 -0.7976
vn -0.9244 -0.1907 -0.3304
vn -0.9957 -0.0461 -0.0798
vn 0.4097 -0.9122 -0.0000
vn 0.4097 -0.7900 0.4561
vn 0.9259 -0.3272 0.1889
vn 0.9259 -0.3778 -0.0000
vn 1.0000 -0.0073 -0.0000
vn 0.9907 -0.1179 0.0681
vn 0.3894 -0.4605 -0.7977
vn 0.9244 -0.1908 -0.3304
vn 1.0000 -0.0018 -0.0031
vn -0.4021 0.7929 0.4578
vn -0.9272 0.3244 0.1873
vn -1.0000 0.0062 0.0035
vn -0.3894 -0.6513 -0.6513
vn -0.9244 -0.2698 -0.2698
vn -0.9994 -0.0243 -0.0243
vn 0.3894 -0.6513 -0.6513
vn 0.9244 -0.2698 -0.2698
vn 0.9593 -0.1996 -0.1996
vn -0.3894 -0.7977 -0.4605
vn -0.9244 -0.3304 -0.1908
vn -0.9593 -0.2444 -0.1412
vn -0.4097 -0.7900 0.4561
vn -0.4097 -0.9122 -0.0000
vn -0.9259 -0.3778 -0.0000
vn -0.9259 -0.3272 0.1889
vn -0.9988 -0.0423 0.0244
vn -0.9907 -0.1361 -0.0000
vn 0.3894 -0.7977 -0.4605
vn 0.9244 -0.3304 -0.1908
vn 0.9999 -0.0145 -0.0084
vn -0.3894 -0.8897 -0.2384
vn -0.9244 -0.3685 -0.0987
vn -0.9999 -0.0162 -0.0044
vn 0.3894 -0.8897 -0.2384
vn 0.9244 -0.3685 -0.0987
vn 0.9593 -0.2727 -0.0731
vn -0.3894 -0.9211 -0.0000
vn -0.9244 -0.3815 -0.0000
vn -0.9593 -0.2823 -0.0000
vn 0.3894 -0.9211 -0.0000
vn 0.9244 -0.3815 -0.0000
vn 0.9995 -0.0312 -0.0000
vn -0.3894 -0.8897 0.2384
vn -0.9244 -0.3685 0.0987
vn -1.0000 -0.0033 0.0009
vn 0.4097 -0.7900 -0.4561
vn 0.9259 -0.3272 -0.1889
vn 0.9907 -0.1179 -0.0681
vn 0.3894 -0.8897 0.2384
vn 0.9244 -0.3685 0.0987
vn 0.9593 -0.2727 0.0731
vn -0.3894 -0.7977 0.4605
vn -0.9244 -0.3304 0.1907
vn -0.9593 -0.2445 0.1411
vn 0.3894 -0.7977 0.4605
vn 0.9244 -0.3304 0.1908
vn 0.9964 -0.0733 0.0423
vn -0.3894 -0.6513 0.6513
vn -0.9244 -0.2698 0.2698
vn -0.9875 -0.1116 0.1116
vn -0.4097 -0.7900 -0.4561
vn -0.9259 -0.3272 -0.1889
vn -1.0000 -0.0046 -0.0027
vn 0.3894 -0.6513 0.6513
vn 0.9244 -0.2698 0.2698
vn 0.9593 -0.1996 0.1996
vn -0.3894 -0.4605 0.7976
vn -0.9244 -0.1907 0.3304
vn -0.9957 -0.0461 0.0798
vn 0.3894 -0.4605 0.7977
vn 0.9244 -0.1908 0.3304
vn 1.0000 -0.0019 0.0033
vn 0.4060 -0.0088 0.9138
vn 0.9265 -0.0012 0.3762
vn 0.9997 -0.0001 0.0257
vn -0.3894 -0.2384 0.8897
vn -0.9244 -0.0987 0.3685
vn -0.9994 -0.0089 0.0332
vn 0.3894 -0.2384 0.8897
vn 0.9244 -0.0987 0.3685
vn 0.9957 -0.0238 0.0890
vn -0.3894 -0.0000 0.9211
vn -0.9244 -0.0000 0.3815
vn -0.9593 -0.0000 0.2823
vn 0.4097 -0.4561 -0.7900
vn 0.9259 -0.1889 -0.3272
vn 0.3894 -0.0000 0.9211
vn 0.9244 -0.0000 0.3815
vn 0.9875 -0.0000 0.1578
vn -0.4060 -0.0088 0.9138
vn -0.9265 -0.0014 0.3762
vn -1.0000 -0.0000 0.0064
vn -0.3894 0.2384 0.8897
vn -0.9244 0.0987 0.3685
vn -0.9999 0.0043 0.0162
vn 0.3894 0.2384 0.8897
vn 0.9244 0.0987 0.3685
vn 0.9593 0.0731 0.2727
vn -0.3894 0.4605 0.7977
vn -0.9244 0.1907 0.3304
vn -0.9593 0.1411 0.2445
vn -0.4097 -0.4561 -0.7900
vn -0.9259 -0.1889 -0.3272
vn -0.9997 -0.0130 -0.0226
vn 0.3894 0.4605 0.7977
vn 0.9244 0.1908 0.3304
vn 1.0000 0.0024 0.0041
vn -0.3894 0.6513 0.6513
vn -0.9244 0.2698 0.2697
vn -1.0000 0.0030 0.0030
vn 0.3894 0.6513 0.6513
vn 0.9244 0.2698 0.2698
vn 0.9593 0.1996 0.1996
vn 0.4097 -0.4561 0.7900
vn 0.9259 -0.1889 0.3272
vn 1.0000 -0.0032 0.0056
vn -0.3894 0.7977 0.4605
vn -0.9244 0.3304 0.1907
vn -0.9957 0.0798 0.0461
vn 0.3894 0.7977 0.4605
vn 0.9244 0.3304 0.1908
vn 0.9875 0.1367 0.0789
vn -0.3894 0.8897 0.2384
vn -0.9244 0.3685 0.0987
vn -0.9875 0.1524 0.0408
vn 0.3894 0.8897 0.2384
vn 0.9244 0.3685 0.0987
vn 0.9957 0.0890 0.0238
vn -0.4097 -0.4561 0.7900
vn -0.9259 -0.1889 0.3272
vn -0.9997 -0.0130 0.0225
vn -0.3894 0.9211 -0.0000
vn -0.9244 0.3815 -0.0000
vn -0.9593 0.2823 -0.0000
vn 0.4060 -0.0088 -0.9138
vn 0.9265 -0.0014 -0.3762
vn 0.9909 -0.0005 -0.1348
vn 0.3894 0.9210 -0.0000
vn 0.9244 0.3815 -0.0000
vn 1.0000 0.0040 -0.0000
vn -0.3894 0.8897 -0.2384
vn -0.9244 0.3685 -0.0987
vn -1.0000 0.0047 -0.0012
vn 0.3894 0.8897 -0.2384
vn 0.9244 0.3685 -0.0987
vn 0.9957 0.0890 -0.0239
vn -0.3894 0.7977 -0.4605
vn -0.9244 0.3304 -0.1907
vn -0.9957 0.0798 -0.0461
vn 0.3894 0.7977 -0.4605
vn 0.9244 0.3304 -0.1908
vn 0.9875 0.1367 -0.0789
vn -0.3894 0.6513 -0.6513
vn -0.9244 0.2698 -0.2697
vn -0.9875 0.1116 -0.1116
vn -0.4060 -0.0088 -0.9138
vn -0.9265 -0.0014 -0.3762
vn -0.9988 -0.0002 -0.0483
vn 0.3894 0.6513 -0.6513
vn 0.9244 0.2698 -0.2698
vn 0.9593 0.1996 -0.1996
vn -0.3894 0.4605 -0.7977
vn -0.9244 0.1907 -0.3304
vn -0.9593 0.1411 -0.2444
vn 0.3894 0.4605 -0.7977
vn 0.9244 0.1908 -0.3304
vn 0.9999 0.0072 -0.0126
vn -0.3894 0.2384 -0.8897
vn -0.9244 0.0987 -0.3685
vn -1.0000 0.0010 -0.0036
vn 0.3894 0.2384 -0.8897
vn 0.9244 0.0987 -0.3685
vn 0.9593 0.0731 -0.2727
vn -0.4021 0.7929 -0.4578
vn -0.9272 0.3244 -0.1873
vn -1.0000 0.0049 -0.0028
vn 0.4021 0.7929 -0.4578
vn 0.9272 0.3244 -0.1873
vn 0.9910 0.1156 -0.0668
vt 0.062121 0.433203
vt 0.062121 0.626156
vt 0.058813 0.626156
vt 0.058813 0.433203
vt 0.087686 0.626156
vt 0.087686 0.433203
vt 0.091194 0.433203
vt 0.091194 0.626156
vt 0.291921 0.822398
vt 0.285696 0.822398
vt 0.285696 0.814186
vt 0.291921 0.814186
vt 0.094871 0.433203
vt 0.094871 0.626156
vt 0.098467 0.433203
vt 0.098467 0.626156
vt 0.101737 0.433203
vt 0.101737 0.626156
vt 0.291921 0.830355
vt 0.285696 0.830355
vt 0.285696 0.823786
vt 0.291921 0.823786
vt 0.104457 0.433203
vt 0.104457 0.626156
vt 0.004322 0.627079
vt 0.004322 0.434126
vt 0.007422 0.434126
vt 0.007422 0.627079
vt 0.010930 0.434126
vt 0.010930 0.627079
vt 0.324708 0.814740
vt 0.318484 0.814740
vt 0.318484 0.806217
vt 0.324708 0.806217
vt 0.014608 0.434126
vt 0.014608 0.627079
vt 0.097853 0.812848
vt 0.104077 0.812848
vt 0.104077 0.821768
vt 0.097853 0.821768
vt 0.018204 0.434126
vt 0.018204 0.627079
vt 0.538134 0.724568
vt 0.554264 0.720246
vt 0.566072 0.732056
vt 0.021473 0.434126
vt 0.021473 0.627079
vt 0.324708 0.823660
vt 0.318484 0.823660
vt 0.024194 0.434126
vt 0.024194 0.627079
vt 0.642636 0.004872
vt 0.642636 0.197825
vt 0.639449 0.197825
vt 0.639449 0.004872
vt 0.635893 0.197825
vt 0.635893 0.004872
vt 0.468052 0.824288
vt 0.474276 0.824288
vt 0.474276 0.832142
vt 0.468052 0.832142
vt 0.324708 0.830587
vt 0.318484 0.830587
vt 0.632212 0.197825
vt 0.632212 0.004872
vt 0.628655 0.197825
vt 0.628655 0.004872
vt 0.468052 0.814670
vt 0.474276 0.814670
vt 0.474276 0.822788
vt 0.468052 0.822788
vt 0.625466 0.197825
vt 0.625466 0.004872
vt 0.104077 0.830291
vt 0.097853 0.830291
vt 0.622862 0.197825
vt 0.622862 0.004872
vt 0.075941 0.433203
vt 0.075941 0.626156
vt 0.072888 0.626156
vt 0.072888 0.433203
vt 0.468052 0.808462
vt 0.474276 0.808462
vt 0.069406 0.626156
vt 0.069406 0.433203
vt 0.065734 0.626156
vt 0.065734 0.433203
vt 0.084586 0.626156
vt 0.084586 0.433203
vt 0.097853 0.805921
vt 0.104077 0.805921
vt 0.285696 0.806531
vt 0.291921 0.806531
vt 0.056036 0.626156
vt 0.056036 0.433203
vt 0.163390 0.748023
vt 0.163358 0.748641
vt 0.162975 0.748432
vt 0.162768 0.748051
vt 0.291921 0.823124
vt 0.292370 0.823083
vt 0.292471 0.823421
vt 0.292471 0.822650
vt 0.561750 0.748187
vt 0.562372 0.748215
vt 0.562165 0.748596
vt 0.561782 0.748805
vt 0.285696 0.823124
vt 0.285247 0.823083
vt 0.285146 0.822650
vt 0.285146 0.823421
vt 0.291921 0.805338
vt 0.292471 0.805692
vt 0.292370 0.805949
vt 0.291921 0.805884
vt 0.159068 0.731892
vt 0.158514 0.732176
vt 0.158503 0.731741
vt 0.158731 0.731370
vt 0.292471 0.806355
vt 0.285696 0.805338
vt 0.285696 0.805884
vt 0.285247 0.805949
vt 0.285146 0.805692
vt 0.285146 0.806355
vt 0.566409 0.731533
vt 0.566637 0.731905
vt 0.566625 0.732340
vt 0.170876 0.720083
vt 0.170351 0.719748
vt 0.170721 0.719521
vt 0.171157 0.719532
vt 0.468052 0.823543
vt 0.467603 0.823537
vt 0.467502 0.823113
vt 0.467502 0.823946
vt 0.553983 0.719695
vt 0.554419 0.719685
vt 0.554789 0.719912
vt 0.474276 0.823543
vt 0.474726 0.823537
vt 0.474827 0.823946
vt 0.474827 0.823113
vt 0.285146 0.814218
vt 0.566614 0.740844
vt 0.566072 0.740701
vt 0.056211 0.432652
vt 0.058942 0.432652
vt 0.133058 0.758375
vt 0.136554 0.759312
vt 0.136346 0.759822
vt 0.132989 0.758923
vt 0.058942 0.626706
vt 0.056211 0.626706
vt 0.748509 0.755318
vt 0.752005 0.754381
vt 0.752074 0.754928
vt 0.748717 0.755828
vt 0.087784 0.626706
vt 0.084736 0.626706
vt 0.139690 0.761122
vt 0.139357 0.761561
vt 0.317933 0.830384
vt 0.317933 0.823555
vt 0.537743 0.748580
vt 0.533276 0.740843
vt 0.533813 0.740699
vt 0.538134 0.748186
vt 0.084736 0.432652
vt 0.087784 0.432652
vt 0.745373 0.757128
vt 0.745706 0.757566
vt 0.292471 0.814218
vt 0.158525 0.740681
vt 0.159068 0.740537
vt 0.091235 0.626706
vt 0.142249 0.763682
vt 0.141815 0.764019
vt 0.091235 0.432652
vt 0.742814 0.759688
vt 0.743248 0.760025
vt 0.094852 0.626706
vt 0.144059 0.766818
vt 0.143553 0.767030
vt 0.325258 0.823555
vt 0.325258 0.830384
vt 0.191863 0.740679
vt 0.187397 0.748416
vt 0.187005 0.748022
vt 0.191327 0.740535
vt 0.094852 0.432652
vt 0.741004 0.762824
vt 0.741510 0.763035
vt 0.098388 0.626706
vt 0.144996 0.770315
vt 0.144452 0.770388
vt 0.098388 0.432652
vt 0.740067 0.766321
vt 0.740611 0.766393
vt 0.101604 0.626706
vt 0.144996 0.773936
vt 0.144452 0.773864
vt 0.101604 0.432652
vt 0.740067 0.769942
vt 0.740611 0.769870
vt 0.104279 0.626706
vt 0.144059 0.777433
vt 0.143552 0.777222
vt 0.104627 0.821747
vt 0.104627 0.830150
vt 0.533276 0.731909
vt 0.533813 0.732054
vt 0.104279 0.432652
vt 0.741004 0.773439
vt 0.741511 0.773228
vt 0.007521 0.627630
vt 0.004472 0.627630
vt 0.142249 0.780569
vt 0.141814 0.780233
vt 0.004472 0.433576
vt 0.007521 0.433576
vt 0.742814 0.776574
vt 0.743249 0.776239
vt 0.010971 0.627630
vt 0.139689 0.783129
vt 0.139356 0.782691
vt 0.097303 0.830150
vt 0.097303 0.821747
vt 0.191863 0.731745
vt 0.191327 0.731890
vt 0.010971 0.433576
vt 0.745374 0.779134
vt 0.745707 0.778697
vt 0.014588 0.627630
vt 0.136554 0.784939
vt 0.136346 0.784429
vt 0.014588 0.433576
vt 0.748509 0.780945
vt 0.748717 0.780435
vt 0.285146 0.830159
vt 0.554412 0.753047
vt 0.554264 0.752509
vt 0.018125 0.627630
vt 0.133057 0.785876
vt 0.132988 0.785329
vt 0.018125 0.433576
vt 0.752006 0.781882
vt 0.752075 0.781335
vt 0.021340 0.627630
vt 0.129437 0.785876
vt 0.129512 0.785329
vt 0.104627 0.812953
vt 0.537743 0.724172
vt 0.021340 0.433576
vt 0.755626 0.781882
vt 0.755551 0.781335
vt 0.292471 0.830159
vt 0.170728 0.752884
vt 0.170876 0.752345
vt 0.024016 0.627630
vt 0.125940 0.784939
vt 0.126154 0.784429
vt 0.024016 0.433576
vt 0.759123 0.780945
vt 0.758909 0.780435
vt 0.639359 0.004322
vt 0.642494 0.004322
vt 0.122805 0.783129
vt 0.123144 0.782691
vt 0.097303 0.812953
vt 0.187397 0.724008
vt 0.187005 0.724404
vt 0.642494 0.198376
vt 0.639359 0.198376
vt 0.762258 0.779134
vt 0.761919 0.778697
vt 0.635863 0.004322
vt 0.120245 0.780569
vt 0.120686 0.780233
vt 0.635863 0.198376
vt 0.764818 0.776574
vt 0.764377 0.776239
vt 0.317933 0.814761
vt 0.317933 0.806358
vt 0.545479 0.753047
vt 0.545620 0.752508
vt 0.632242 0.004322
vt 0.118435 0.777433
vt 0.118948 0.777222
vt 0.632242 0.198376
vt 0.766628 0.773439
vt 0.766115 0.773228
vt 0.628744 0.004322
vt 0.117498 0.773936
vt 0.118049 0.773864
vt 0.628744 0.198376
vt 0.767565 0.769942
vt 0.767015 0.769870
vt 0.325258 0.806358
vt 0.325258 0.814761
vt 0.179661 0.752883
vt 0.179519 0.752345
vt 0.625608 0.004322
vt 0.117498 0.770315
vt 0.118049 0.770388
vt 0.104627 0.806124
vt 0.545479 0.719706
vt 0.545620 0.720246
vt 0.625608 0.198376
vt 0.767565 0.766321
vt 0.767014 0.766393
vt 0.623046 0.004322
vt 0.118435 0.766818
vt 0.118948 0.767030
vt 0.623046 0.198376
vt 0.766628 0.762824
vt 0.766115 0.763035
vt 0.072784 0.432652
vt 0.075787 0.432652
vt 0.120245 0.763682
vt 0.120687 0.764019
vt 0.075787 0.626706
vt 0.072784 0.626706
vt 0.764818 0.759688
vt 0.764376 0.760025
vt 0.069360 0.432652
vt 0.122805 0.761122
vt 0.123145 0.761561
vt 0.097303 0.806124
vt 0.179661 0.719542
vt 0.179519 0.720082
vt 0.069360 0.626706
vt 0.762258 0.757128
vt 0.761918 0.757566
vt 0.065748 0.432652
vt 0.125940 0.759312
vt 0.126155 0.759822
vt 0.065748 0.626706
vt 0.759123 0.755318
vt 0.758908 0.755828
vt 0.062195 0.432652
vt 0.129437 0.758375
vt 0.129513 0.758923
vt 0.062195 0.626706
vt 0.755626 0.754381
vt 0.755550 0.754928
vt 0.467502 0.814780
vt 0.467502 0.808399
vt 0.162992 0.724010
vt 0.163390 0.724405
vt 0.474827 0.808399
vt 0.474827 0.814780
vt 0.562148 0.724174
vt 0.561750 0.724569
vt 0.467502 0.832006
vt 0.474827 0.832006
s 1
usemtl M416_Final_Metal
f 1242/1972/1354 1245/1973/1355 1107/1974/1356 1104/1975/1357
f 1116/1976/1358 1119/1977/1359 1125/1978/1360 1122/1979/1361
f 1291/1980/1362 1297/1981/1363 1307/1982/1364 1304/1983/1365
f 1122/1979/1361 1125/1978/1360 1131/1984/1366 1128/1985/1367
f 1128/1985/1367 1131/1984/1366 1137/1986/1368 1134/1987/1369
f 1134/1987/1369 1137/1986/1368 1143/1988/1370 1140/1989/1371
f 1284/1990/1372 1287/1991/1373 1298/1992/1374 1290/1993/1375
f 1140/1989/1371 1143/1988/1370 1149/1994/1376 1146/1995/1377
f 1146/1996/1377 1149/1997/1376 1155/1998/1378 1152/1999/1379
f 1152/1999/1379 1155/1998/1378 1161/2000/1380 1158/2001/1381
f 1278/2002/1382 1281/2003/1383 1287/2004/1373 1284/2005/1372
f 1158/2001/1381 1161/2000/1380 1167/2006/1384 1164/2007/1385
f 1254/2008/1386 1257/2009/1387 1263/2010/1388 1260/2011/1389
f 1164/2007/1385 1167/2006/1384 1173/2012/1390 1170/2013/1391
f 1256/2014/1392 1336/2015/1393 1318/2016/1394
f 1170/2013/1391 1173/2012/1390 1179/2017/1395 1176/2018/1396
f 1272/2019/1397 1275/2020/1398 1281/2003/1383 1278/2002/1382
f 1176/2018/1396 1179/2017/1395 1185/2021/1399 1182/2022/1400
f 1182/2023/1400 1185/2024/1399 1191/2025/1401 1188/2026/1402
f 1188/2026/1402 1191/2025/1401 1197/2027/1403 1194/2028/1404
f 1331/2029/1405 1337/2030/1406 1251/2031/1407 1248/2032/1408
f 1266/2033/1409 1269/2034/1410 1275/2020/1398 1272/2019/1397
f 1194/2028/1404 1197/2027/1403 1203/2035/1411 1200/2036/1412
f 1200/2036/1412 1203/2035/1411 1209/2037/1413 1206/2038/1414
f 1324/2039/1415 1327/2040/1416 1338/2041/1417 1330/2042/1418
f 1206/2038/1414 1209/2037/1413 1215/2043/1419 1212/2044/1420
f 1260/2011/1389 1263/2010/1388 1269/2045/1410 1266/2046/1409
f 1212/2044/1420 1215/2043/1419 1221/2047/1421 1218/2048/1422
f 1218/2049/1422 1221/2050/1421 1227/2051/1423 1224/2052/1424
f 1309/2053/1425 1316/2054/1426 1327/2040/1416 1324/2039/1415
f 1224/2052/1424 1227/2051/1423 1233/2055/1427 1230/2056/1428
f 1230/2056/1428 1233/2055/1427 1239/2057/1429 1236/2058/1430
f 1236/2058/1430 1239/2057/1429 1245/1973/1355 1242/1972/1354
f 1110/2059/1431 1113/2060/1432 1119/1977/1359 1116/1976/1358
f 1248/2061/1408 1251/2062/1407 1257/2009/1387 1254/2008/1386
f 1304/1983/1365 1307/1982/1364 1317/2063/1433 1311/2064/1434
f 1104/1975/1357 1107/1974/1356 1113/2065/1432 1110/2066/1431
f 1289/2067/1435 1292/2068/1436 1293/2069/1437 1295/2070/1438
f 1290/1993/1375 1294/2071/1439 1293/2072/1440 1292/2073/1441
f 1291/1980/1362 1295/2074/1442 1293/2072/1440 1294/2071/1439
f 1296/2075/1443 1299/2076/1444 1300/2077/1445 1302/2078/1446
f 1297/1981/1363 1301/2079/1447 1300/2080/1448 1299/2081/1449
f 1298/1992/1374 1302/2082/1450 1300/2080/1448 1301/2079/1447
f 1309/2083/1425 1312/2084/1451 1313/2085/1452 1315/2086/1453
f 1310/2087/1454 1314/2088/1455 1313/2089/1456 1312/2090/1457
f 1311/2064/1434 1315/2086/1453 1313/2085/1452 1314/2091/1458
f 1316/2092/1426 1319/2093/1459 1320/2094/1460 1322/2095/1461
f 1317/2063/1433 1321/2096/1462 1320/2094/1460 1319/2093/1459
f 1318/2016/1394 1322/2097/1463 1320/2098/1464 1321/2099/1465
f 1329/2100/1466 1332/2101/1467 1333/2102/1468 1335/2103/1469
f 1330/2042/1418 1334/2104/1470 1333/2105/1471 1332/2106/1472
f 1331/2029/1405 1335/2107/1473 1333/2105/1471 1334/2104/1470
f 1336/2015/1393 1339/2108/1474 1340/2109/1475 1342/2110/1476
f 1337/2030/1406 1341/2111/1477 1340/2112/1478 1339/2113/1479
f 1338/2041/1417 1342/2114/1480 1340/2112/1478 1341/2111/1477
f 1316/2092/1426 1309/2083/1425 1315/2086/1453 1319/2093/1459
f 1319/2093/1459 1315/2086/1453 1311/2064/1434 1317/2063/1433
f 1317/2063/1433 1307/1982/1364 1308/2115/1481 1321/2096/1462
f 1321/2099/1465 1308/2116/1482 1306/2117/1483 1318/2016/1394
f 1104/1975/1357 1110/2066/1431 1111/2118/1484 1105/2119/1485
f 1105/2120/1486 1111/2121/1487 1109/2122/1488 1103/2123/1489
f 1113/2065/1432 1107/1974/1356 1108/2124/1490 1114/2125/1491
f 1114/2126/1492 1108/2127/1493 1106/2128/1494 1112/2129/1495
f 1110/2059/1431 1116/1976/1358 1117/2130/1496 1111/2131/1484
f 1111/2121/1487 1117/2132/1497 1115/2133/1498 1109/2122/1488
f 1275/2020/1398 1269/2034/1410 1270/2134/1499 1276/2135/1500
f 1276/2136/1501 1270/2137/1502 1268/2138/1503 1274/2139/1504
f 1119/1977/1359 1113/2060/1432 1114/2140/1491 1120/2141/1505
f 1120/2142/1506 1114/2126/1492 1112/2129/1495 1118/2143/1507
f 1304/1983/1365 1311/2064/1434 1314/2091/1458 1305/2144/1508
f 1305/2145/1509 1314/2088/1455 1310/2087/1454 1303/2146/1510
f 1116/1976/1358 1122/1979/1361 1123/2147/1511 1117/2130/1496
f 1117/2132/1497 1123/2148/1512 1121/2149/1513 1115/2133/1498
f 1125/1978/1360 1119/1977/1359 1120/2141/1505 1126/2150/1514
f 1126/2151/1515 1120/2142/1506 1118/2143/1507 1124/2152/1516
f 1122/1979/1361 1128/1985/1367 1129/2153/1517 1123/2147/1511
f 1123/2148/1512 1129/2154/1518 1127/2155/1519 1121/2149/1513
f 1266/2033/1409 1272/2019/1397 1273/2156/1520 1267/2157/1521
f 1267/2158/1522 1273/2159/1523 1271/2160/1524 1265/2161/1525
f 1131/1984/1366 1125/1978/1360 1126/2150/1514 1132/2162/1526
f 1132/2163/1527 1126/2151/1515 1124/2152/1516 1130/2164/1528
f 1128/1985/1367 1134/1987/1369 1135/2165/1529 1129/2153/1517
f 1129/2154/1518 1135/2166/1530 1133/2167/1531 1127/2155/1519
f 1137/1986/1368 1131/1984/1366 1132/2162/1526 1138/2168/1532
f 1138/2169/1533 1132/2163/1527 1130/2164/1528 1136/2170/1534
f 1307/1982/1364 1297/1981/1363 1299/2081/1449 1308/2115/1481
f 1308/2116/1482 1299/2076/1444 1296/2075/1443 1306/2117/1483
f 1134/1987/1369 1140/1989/1371 1141/2171/1535 1135/2165/1529
f 1135/2166/1530 1141/2172/1536 1139/2173/1537 1133/2167/1531
f 1143/1988/1370 1137/1986/1368 1138/2168/1532 1144/2174/1538
f 1144/2175/1539 1138/2169/1533 1136/2170/1534 1142/2176/1540
f 1140/1989/1371 1146/1995/1377 1147/2177/1541 1141/2171/1535
f 1141/2172/1536 1147/2178/1542 1145/2179/1543 1139/2173/1537
f 1269/2045/1410 1263/2010/1388 1264/2180/1544 1270/2181/1499
f 1270/2137/1502 1264/2182/1545 1262/2183/1546 1268/2138/1503
f 1149/1994/1376 1143/1988/1370 1144/2174/1538 1150/2184/1547
f 1150/2185/1548 1144/2175/1539 1142/2176/1540 1148/2186/1549
f 1291/1980/1362 1304/1983/1365 1305/2144/1508 1295/2074/1442
f 1295/2070/1438 1305/2145/1509 1303/2146/1510 1289/2067/1435
f 1146/1996/1377 1152/1999/1379 1153/2187/1550 1147/2188/1541
f 1147/2178/1542 1153/2189/1551 1151/2190/1552 1145/2179/1543
f 1155/1998/1378 1149/1997/1376 1150/2191/1547 1156/2192/1553
f 1156/2193/1554 1150/2185/1548 1148/2186/1549 1154/2194/1555
f 1152/1999/1379 1158/2001/1381 1159/2195/1556 1153/2187/1550
f 1153/2189/1551 1159/2196/1557 1157/2197/1558 1151/2190/1552
f 1260/2011/1389 1266/2046/1409 1267/2198/1521 1261/2199/1559
f 1261/2200/1560 1267/2158/1522 1265/2161/1525 1259/2201/1561
f 1161/2000/1380 1155/1998/1378 1156/2192/1553 1162/2202/1562
f 1162/2203/1563 1156/2193/1554 1154/2194/1555 1160/2204/1564
f 1297/1981/1363 1291/1980/1362 1294/2071/1439 1301/2079/1447
f 1301/2079/1447 1294/2071/1439 1290/1993/1375 1298/1992/1374
f 1158/2001/1381 1164/2007/1385 1165/2205/1565 1159/2195/1556
f 1159/2196/1557 1165/2206/1566 1163/2207/1567 1157/2197/1558
f 1167/2006/1384 1161/2000/1380 1162/2202/1562 1168/2208/1568
f 1168/2209/1569 1162/2203/1563 1160/2204/1564 1166/2210/1570
f 1298/1992/1374 1287/1991/1373 1288/2211/1571 1302/2082/1450
f 1302/2078/1446 1288/2212/1572 1286/2213/1573 1296/2075/1443
f 1164/2007/1385 1170/2013/1391 1171/2214/1574 1165/2205/1565
f 1165/2206/1566 1171/2215/1575 1169/2216/1576 1163/2207/1567
f 1173/2012/1390 1167/2006/1384 1168/2208/1568 1174/2217/1577
f 1174/2218/1578 1168/2209/1569 1166/2210/1570 1172/2219/1579
f 1170/2013/1391 1176/2018/1396 1177/2220/1580 1171/2214/1574
f 1171/2215/1575 1177/2221/1581 1175/2222/1582 1169/2216/1576
f 1263/2010/1388 1257/2009/1387 1258/2223/1583 1264/2180/1544
f 1264/2182/1545 1258/2224/1584 1256/2014/1392 1262/2183/1546
f 1179/2017/1395 1173/2012/1390 1174/2217/1577 1180/2225/1585
f 1180/2226/1586 1174/2218/1578 1172/2219/1579 1178/2227/1587
f 1284/1990/1372 1290/1993/1375 1292/2073/1441 1285/2228/1588
f 1285/2229/1589 1292/2068/1436 1289/2067/1435 1283/2230/1590
f 1176/2018/1396 1182/2022/1400 1183/2231/1591 1177/2220/1580
f 1177/2221/1581 1183/2232/1592 1181/2233/1593 1175/2222/1582
f 1185/2021/1399 1179/2017/1395 1180/2225/1585 1186/2234/1594
f 1186/2235/1595 1180/2226/1586 1178/2227/1587 1184/2236/1596
f 1182/2023/1400 1188/2026/1402 1189/2237/1597 1183/2238/1591
f 1183/2232/1592 1189/2239/1598 1187/2240/1599 1181/2233/1593
f 1254/2008/1386 1260/2011/1389 1261/2199/1559 1255/2241/1600
f 1255/2242/1601 1261/2200/1560 1259/2201/1561 1253/2243/1602
f 1191/2025/1401 1185/2024/1399 1186/2244/1594 1192/2245/1603
f 1192/2246/1604 1186/2235/1595 1184/2236/1596 1190/2247/1605
f 1188/2026/1402 1194/2028/1404 1195/2248/1606 1189/2237/1597
f 1189/2239/1598 1195/2249/1607 1193/2250/1608 1187/2240/1599
f 1197/2027/1403 1191/2025/1401 1192/2245/1603 1198/2251/1609
f 1198/2252/1610 1192/2246/1604 1190/2247/1605 1196/2253/1611
f 1287/2004/1373 1281/2003/1383 1282/2254/1612 1288/2255/1571
f 1288/2212/1572 1282/2256/1613 1280/2257/1614 1286/2213/1573
f 1194/2028/1404 1200/2036/1412 1201/2258/1615 1195/2248/1606
f 1195/2249/1607 1201/2259/1616 1199/2260/1617 1193/2250/1608
f 1203/2035/1411 1197/2027/1403 1198/2251/1609 1204/2261/1618
f 1204/2262/1619 1198/2252/1610 1196/2253/1611 1202/2263/1620
f 1200/2036/1412 1206/2038/1414 1207/2264/1621 1201/2258/1615
f 1201/2259/1616 1207/2265/1622 1205/2266/1623 1199/2260/1617
f 1209/2037/1413 1203/2035/1411 1204/2261/1618 1210/2267/1624
f 1210/2268/1625 1204/2262/1619 1202/2263/1620 1208/2269/1626
f 1278/2002/1382 1284/2005/1372 1285/2270/1588 1279/2271/1627
f 1279/2272/1628 1285/2229/1589 1283/2230/1590 1277/2273/1629
f 1206/2038/1414 1212/2044/1420 1213/2274/1630 1207/2264/1621
f 1207/2265/1622 1213/2275/1631 1211/2276/1632 1205/2266/1623
f 1257/2009/1387 1251/2062/1407 1252/2277/1633 1258/2223/1583
f 1258/2224/1584 1252/2278/1634 1250/2279/1635 1256/2014/1392
f 1215/2043/1419 1209/2037/1413 1210/2267/1624 1216/2280/1636
f 1216/2281/1637 1210/2268/1625 1208/2269/1626 1214/2282/1638
f 1212/2044/1420 1218/2048/1422 1219/2283/1639 1213/2274/1630
f 1213/2275/1631 1219/2284/1640 1217/2285/1641 1211/2276/1632
f 1221/2047/1421 1215/2043/1419 1216/2280/1636 1222/2286/1642
f 1222/2287/1643 1216/2281/1637 1214/2282/1638 1220/2288/1644
f 1218/2049/1422 1224/2052/1424 1225/2289/1645 1219/2290/1639
f 1219/2284/1640 1225/2291/1646 1223/2292/1647 1217/2285/1641
f 1227/2051/1423 1221/2050/1421 1222/2293/1642 1228/2294/1648
f 1228/2295/1649 1222/2287/1643 1220/2288/1644 1226/2296/1650
f 1281/2003/1383 1275/2020/1398 1276/2135/1500 1282/2254/1612
f 1282/2256/1613 1276/2136/1501 1274/2139/1504 1280/2257/1614
f 1224/2052/1424 1230/2056/1428 1231/2297/1651 1225/2289/1645
f 1225/2291/1646 1231/2298/1652 1229/2299/1653 1223/2292/1647
f 1248/2061/1408 1254/2008/1386 1255/2241/1600 1249/2300/1654
f 1249/2301/1655 1255/2242/1601 1253/2243/1602 1247/2302/1656
f 1233/2055/1427 1227/2051/1423 1228/2294/1648 1234/2303/1657
f 1234/2304/1658 1228/2295/1649 1226/2296/1650 1232/2305/1659
f 1230/2056/1428 1236/2058/1430 1237/2306/1660 1231/2297/1651
f 1231/2298/1652 1237/2307/1661 1235/2308/1662 1229/2299/1653
f 1239/2057/1429 1233/2055/1427 1234/2303/1657 1240/2309/1663
f 1240/2310/1664 1234/2304/1658 1232/2305/1659 1238/2311/1665
f 1272/2019/1397 1278/2002/1382 1279/2271/1627 1273/2156/1520
f 1273/2159/1523 1279/2272/1628 1277/2273/1629 1271/2160/1524
f 1236/2058/1430 1242/1972/1354 1243/2312/1666 1237/2306/1660
f 1237/2307/1661 1243/2313/1667 1241/2314/1668 1235/2308/1662
f 1245/1973/1355 1239/2057/1429 1240/2309/1663 1246/2315/1669
f 1246/2316/1670 1240/2310/1664 1238/2311/1665 1244/2317/1671
f 1242/1972/1354 1104/1975/1357 1105/2119/1485 1243/2312/1666
f 1243/2313/1667 1105/2120/1486 1103/2123/1489 1241/2314/1668
f 1107/1974/1356 1245/1973/1355 1246/2315/1669 1108/2124/1490
f 1108/2127/1493 1246/2316/1670 1244/2317/1671 1106/2128/1494
f 1309/2053/1425 1324/2039/1415 1325/2318/1672 1312/2319/1451
f 1312/2090/1457 1325/2320/1673 1323/2321/1674 1310/2087/1454
f 1327/2040/1416 1316/2054/1426 1322/2322/1461 1328/2323/1675
f 1328/2324/1676 1322/2097/1463 1318/2016/1394 1326/2325/1677
f 1324/2039/1415 1330/2042/1418 1332/2106/1472 1325/2318/1672
f 1325/2320/1673 1332/2101/1467 1329/2100/1466 1323/2321/1674
f 1338/2041/1417 1327/2040/1416 1328/2323/1675 1342/2114/1480
f 1342/2110/1476 1328/2324/1676 1326/2325/1677 1336/2015/1393
f 1337/2030/1406 1331/2029/1405 1334/2104/1470 1341/2111/1477
f 1341/2111/1477 1334/2104/1470 1330/2042/1418 1338/2041/1417
f 1331/2029/1405 1248/2032/1408 1249/2326/1654 1335/2107/1473
f 1335/2103/1469 1249/2301/1655 1247/2302/1656 1329/2100/1466
f 1251/2031/1407 1337/2030/1406 1339/2113/1479 1252/2327/1633
f 1252/2278/1634 1339/2108/1474 1336/2015/1393 1250/2279/1635
f 1318/2016/1394 1306/2117/1483 1296/2075/1443
f 1296/2075/1443 1286/2213/1573 1318/2016/1394
f 1286/2213/1573 1280/2257/1614 1318/2016/1394
f 1280/2257/1614 1274/2139/1504 1268/2138/1503
f 1268/2138/1503 1262/2183/1546 1256/2014/1392
f 1256/2014/1392 1250/2279/1635 1336/2015/1393
f 1336/2015/1393 1326/2325/1677 1318/2016/1394
f 1166/2210/1570 1118/2143/1507 1214/2282/1638 1190/2247/1605
f 1283/2230/1590 1289/2067/1435 1303/2146/1510
f 1303/2146/1510 1310/2087/1454 1323/2321/1674
f 1323/2321/1674 1329/2100/1466 1247/2302/1656
f 1247/2302/1656 1253/2243/1602 1323/2321/1674
f 1253/2243/1602 1259/2201/1561 1323/2321/1674
f 1259/2201/1561 1265/2161/1525 1271/2160/1524
f 1271/2160/1524 1277/2273/1629 1259/2201/1561
f 1277/2273/1629 1283/2230/1590 1259/2201/1561
f 1268/2138/1503 1256/2014/1392 1318/2016/1394 1280/2257/1614
f 1118/2143/1507 1112/2129/1495 1238/2311/1665
f 1112/2129/1495 1106/2128/1494 1238/2311/1665
f 1106/2128/1494 1244/2317/1671 1238/2311/1665
f 1238/2311/1665 1232/2305/1659 1226/2296/1650
f 1226/2296/1650 1220/2288/1644 1238/2311/1665
f 1220/2288/1644 1214/2282/1638 1238/2311/1665
f 1214/2282/1638 1208/2269/1626 1190/2247/1605
f 1208/2269/1626 1202/2263/1620 1190/2247/1605
f 1202/2263/1620 1196/2253/1611 1190/2247/1605
f 1190/2247/1605 1184/2236/1596 1178/2227/1587
f 1178/2227/1587 1172/2219/1579 1190/2247/1605
f 1172/2219/1579 1166/2210/1570 1190/2247/1605
f 1166/2210/1570 1160/2204/1564 1154/2194/1555
f 1154/2194/1555 1148/2186/1549 1142/2176/1540
f 1142/2176/1540 1136/2170/1534 1130/2164/1528
f 1130/2164/1528 1124/2152/1516 1118/2143/1507
f 1166/2210/1570 1154/2194/1555 1142/2176/1540
f 1142/2176/1540 1130/2164/1528 1166/2210/1570
f 1130/2164/1528 1118/2143/1507 1166/2210/1570
f 1118/2143/1507 1238/2311/1665 1214/2282/1638
f 1241/2314/1668 1103/2123/1489 1109/2122/1488
f 1109/2122/1488 1115/2133/1498 1241/2314/1668
f 1115/2133/1498 1121/2149/1513 1241/2314/1668
f 1121/2149/1513 1127/2155/1519 1133/2167/1531
f 1133/2167/1531 1139/2173/1537 1145/2179/1543
f 1145/2179/1543 1151/2190/1552 1157/2197/1558
f 1157/2197/1558 1163/2207/1567 1145/2179/1543
f 1163/2207/1567 1169/2216/1576 1145/2179/1543
f 1169/2216/1576 1175/2222/1582 1181/2233/1593
f 1181/2233/1593 1187/2240/1599 1193/2250/1608
f 1193/2250/1608 1199/2260/1617 1217/2285/1641
f 1199/2260/1617 1205/2266/1623 1217/2285/1641
f 1205/2266/1623 1211/2276/1632 1217/2285/1641
f 1217/2285/1641 1223/2292/1647 1241/2314/1668
f 1223/2292/1647 1229/2299/1653 1241/2314/1668
f 1229/2299/1653 1235/2308/1662 1241/2314/1668
f 1121/2149/1513 1133/2167/1531 1241/2314/1668
f 1133/2167/1531 1145/2179/1543 1241/2314/1668
f 1169/2216/1576 1181/2233/1593 1145/2179/1543
f 1181/2233/1593 1193/2250/1608 1145/2179/1543
f 1323/2321/1674 1259/2201/1561 1283/2230/1590 1303/2146/1510
f 1145/2179/1543 1193/2250/1608 1217/2285/1641 1241/2314/1668
o Charging_Handle_low
v -0.109500 0.060000 0.027500
v -0.109500 0.060500 0.028000
v -0.110000 0.060500 0.027500
v -0.109500 0.060146 0.027854
v -0.109789 0.060211 0.027789
v -0.109854 0.060500 0.027854
v -0.109854 0.060146 0.027500
v -0.109500 0.067500 0.028000
v -0.109500 0.068000 0.027500
v -0.110000 0.067500 0.027500
v -0.109500 0.067854 0.027854
v -0.109789 0.067789 0.027789
v -0.109854 0.067854 0.027500
v -0.109854 0.067500 0.027854
v -0.109500 0.060000 -0.027500
v -0.110000 0.060500 -0.027500
v -0.109500 0.060500 -0.028000
v -0.109854 0.060146 -0.027500
v -0.109789 0.060211 -0.027789
v -0.109854 0.060500 -0.027854
v -0.109500 0.060146 -0.027854
v -0.109500 0.068000 -0.027500
v -0.109500 0.067500 -0.028000
v -0.110000 0.067500 -0.027500
v -0.109500 0.067854 -0.027854
v -0.109789 0.067789 -0.027789
v -0.109854 0.067500 -0.027854
v -0.109854 0.067854 -0.027500
v -0.098500 0.060000 0.027500
v -0.098000 0.060500 0.027500
v -0.098500 0.060500 0.028000
v -0.098146 0.060146 0.027500
v -0.098211 0.060211 0.027789
v -0.098146 0.060500 0.027854
v -0.098500 0.060146 0.027854
v -0.098500 0.068000 0.027500
v -0.098500 0.067500 0.028000
v -0.098000 0.067500 0.027500
v -0.098500 0.067854 0.027854
v -0.098211 0.067789 0.027789
v -0.098146 0.067500 0.027854
v -0.098146 0.067854 0.027500
v -0.098500 0.060000 -0.027500
v -0.098500 0.060500 -0.028000
v -0.098000 0.060500 -0.027500
v -0.098500 0.060146 -0.027854
v -0.098211 0.060211 -0.027789
v -0.098146 0.060500 -0.027854
v -0.098146 0.060146 -0.027500
v -0.098500 0.068000 -0.027500
v -0.098000 0.067500 -0.027500
v -0.098500 0.067500 -0.028000
v -0.098146 0.067854 -0.027500
v -0.098211 0.067789 -0.027789
v -0.098146 0.067500 -0.027854
v -0.098500 0.067854 -0.027854
v -0.103500 0.060000 0.004500
v -0.103500 0.060500 0.005000
v -0.104000 0.060500 0.004500
v -0.103500 0.060146 0.004854
v -0.103789 0.060211 0.004789
v -0.103854 0.060500 0.004854
v -0.103854 0.060146 0.004500
v -0.103500 0.067500 0.005000
v -0.103500 0.068000 0.004500
v -0.104000 0.067500 0.004500
v -0.103500 0.067854 0.004854
v -0.103789 0.067789 0.004789
v -0.103854 0.067854 0.004500
v -0.103854 0.067500 0.004854
v -0.103500 0.060000 -0.004500
v -0.104000 0.060500 -0.004500
v -0.103500 0.060500 -0.005000
v -0.103854 0.060146 -0.004500
v -0.103789 0.060211 -0.004789
v -0.103854 0.060500 -0.004854
v -0.103500 0.060146 -0.004854
v -0.103500 0.068000 -0.004500
v -0.103500 0.067500 -0.005000
v -0.104000 0.067500 -0.004500
v -0.103500 0.067854 -0.004854
v -0.103789 0.067789 -0.004789
v -0.103854 0.067500 -0.004854
v -0.103854 0.067854 -0.004500
v -0.084500 0.060000 0.004500
v -0.084000 0.060500 0.004500
v -0.084500 0.060500 0.005000
v -0.084146 0.060146 0.004500
v -0.084211 0.060211 0.004789
v -0.084146 0.060500 0.004854
v -0.084500 0.060146 0.004854
v -0.084500 0.068000 0.004500
v -0.084500 0.067500 0.005000
v -0.084000 0.067500 0.004500
v -0.084500 0.067854 0.004854
v -0.084211 0.067789 0.004789
v -0.084146 0.067500 0.004854
v -0.084146 0.067854 0.004500
v -0.084500 0.060000 -0.004500
v -0.084500 0.060500 -0.005000
v -0.084000 0.060500 -0.004500
v -0.084500 0.060146 -0.004854
v -0.084211 0.060211 -0.004789
v -0.084146 0.060500 -0.004854
v -0.084146 0.060146 -0.004500
v -0.084500 0.068000 -0.004500
v -0.084000 0.067500 -0.004500
v -0.084500 0.067500 -0.005000
v -0.084146 0.067854 -0.004500
v -0.084211 0.067789 -0.004789
v -0.084146 0.067500 -0.004854
v -0.084500 0.067854 -0.004854
vn 0.0127 -0.0198 0.9997
vn 0.0128 0.0198 0.9997
vn -0.0127 0.0198 0.9997
vn -0.0128 -0.0198 0.9997
vn 0.9998 -0.0199 -0.0026
vn 0.9998 0.0199 -0.0026
vn 0.9998 0.0199 0.0026
vn 0.9998 -0.0199 0.0026
vn -0.0075 -0.9999 -0.0156
vn 0.0075 -0.9999 -0.0156
vn 0.0075 -0.9999 0.0156
vn -0.0075 -0.9999 0.0156
vn 0.0129 0.9999 -0.0026
vn -0.0129 0.9999 -0.0026
vn -0.0129 0.9999 0.0026
vn 0.0129 0.9999 0.0026
vn -0.9998 -0.0199 0.0026
vn -0.9998 0.0199 0.0026
vn -0.9998 0.0199 -0.0026
vn -0.9998 -0.0199 -0.0026
vn -0.0127 -0.0198 -0.9997
vn -0.0128 0.0198 -0.9997
vn 0.0127 0.0198 -0.9997
vn 0.0128 -0.0198 -0.9997
vn 0.0075 -0.0199 0.9998
vn 0.0075 0.0198 0.9998
vn -0.0075 0.0198 0.9998
vn -0.0075 -0.0198 0.9998
vn 0.9997 -0.0197 -0.0155
vn 0.9997 0.0197 -0.0155
vn 0.9997 0.0197 0.0155
vn 0.9997 -0.0197 0.0155
vn 0.0075 0.9999 -0.0156
vn -0.0075 0.9999 -0.0156
vn -0.0075 0.9999 0.0156
vn 0.0075 0.9999 0.0156
vn -0.9997 -0.0197 0.0155
vn -0.9997 0.0197 0.0155
vn -0.9997 0.0197 -0.0155
vn -0.9997 -0.0197 -0.0155
vn -0.0075 -0.0198 -0.9998
vn -0.0075 0.0198 -0.9998
vn 0.0075 0.0199 -0.9998
vn 0.0075 -0.0198 -0.9998
vn -0.0129 -0.9999 0.0027
vn -0.0087 -0.9242 0.3817
vn -0.3251 -0.8881 0.3250
vn -0.3825 -0.9240 0.0018
vn -0.3811 -0.0135 0.9244
vn -0.3251 -0.3251 0.8881
vn -0.0087 -0.3817 0.9243
vn -0.9240 -0.3825 0.0018
vn -0.8881 -0.3251 0.3251
vn -0.9244 -0.0135 0.3811
vn -0.0087 0.3817 0.9242
vn -0.3251 0.3251 0.8881
vn -0.3811 0.0135 0.9244
vn -0.3825 0.9240 0.0018
vn -0.3251 0.8881 0.3251
vn -0.0087 0.9242 0.3817
vn -0.9244 0.0135 0.3811
vn -0.8881 0.3251 0.3251
vn -0.9240 0.3825 0.0018
vn -0.0129 -0.9999 -0.0026
vn -0.3824 -0.9240 -0.0018
vn -0.3251 -0.8881 -0.3250
vn -0.0087 -0.9242 -0.3817
vn -0.9244 -0.0135 -0.3811
vn -0.8881 -0.3251 -0.3251
vn -0.9240 -0.3825 -0.0018
vn -0.0087 -0.3817 -0.9242
vn -0.3251 -0.3251 -0.8881
vn -0.3811 -0.0135 -0.9244
vn -0.0087 0.9242 -0.3817
vn -0.3251 0.8881 -0.3251
vn -0.3825 0.9240 -0.0018
vn -0.3811 0.0135 -0.9244
vn -0.3251 0.3251 -0.8881
vn -0.0087 0.3817 -0.9242
vn -0.9240 0.3824 -0.0018
vn -0.8881 0.3251 -0.3251
vn -0.9244 0.0135 -0.3811
vn 0.0129 -0.9999 0.0026
vn 0.3825 -0.9240 0.0018
vn 0.3251 -0.8881 0.3251
vn 0.0087 -0.9243 0.3817
vn 0.9244 -0.0134 0.3811
vn 0.8881 -0.3251 0.3250
vn 0.9240 -0.3825 0.0018
vn 0.0087 -0.3817 0.9243
vn 0.3251 -0.3251 0.8881
vn 0.3811 -0.0135 0.9244
vn 0.0087 0.9242 0.3817
vn 0.3251 0.8881 0.3251
vn 0.3825 0.9240 0.0018
vn 0.3811 0.0134 0.9244
vn 0.3251 0.3251 0.8881
vn 0.0087 0.3817 0.9243
vn 0.9240 0.3825 0.0018
vn 0.8881 0.3251 0.3251
vn 0.9244 0.0135 0.3811
vn 0.0129 -0.9999 -0.0027
vn 0.0087 -0.9242 -0.3817
vn 0.3251 -0.8881 -0.3251
vn 0.3825 -0.9240 -0.0018
vn 0.3811 -0.0134 -0.9244
vn 0.3251 -0.3251 -0.8881
vn 0.0087 -0.3817 -0.9242
vn 0.9240 -0.3825 -0.0018
vn 0.8881 -0.3251 -0.3250
vn 0.9244 -0.0134 -0.3811
vn 0.3825 0.9239 -0.0018
vn 0.3251 0.8881 -0.3251
vn 0.0087 0.9243 -0.3817
vn 0.9244 0.0135 -0.3811
vn 0.8881 0.3251 -0.3250
vn 0.9240 0.3825 -0.0018
vn 0.0087 0.3817 -0.9242
vn 0.3251 0.3251 -0.8881
vn 0.3811 0.0135 -0.9244
vn -0.0051 -0.9241 0.3821
vn -0.3251 -0.8881 0.3251
vn -0.3815 -0.9243 0.0105
vn -0.0051 -0.3821 0.9241
vn -0.9243 -0.3815 0.0106
vn -0.0051 0.3821 0.9241
vn -0.3815 0.9243 0.0105
vn -0.0051 0.9241 0.3821
vn -0.9244 0.0134 0.3811
vn -0.9243 0.3815 0.0105
vn -0.3815 -0.9243 -0.0105
vn -0.3251 -0.8881 -0.3251
vn -0.0051 -0.9241 -0.3821
vn -0.9243 -0.3815 -0.0105
vn -0.0051 -0.3821 -0.9241
vn -0.0051 0.9241 -0.3822
vn -0.3815 0.9243 -0.0105
vn -0.0051 0.3821 -0.9241
vn -0.9243 0.3815 -0.0105
vn 0.3815 -0.9243 0.0105
vn 0.0051 -0.9241 0.3821
vn 0.9244 -0.0134 0.3812
vn 0.8881 -0.3251 0.3251
vn 0.9243 -0.3815 0.0106
vn 0.0051 -0.3821 0.9241
vn 0.0051 0.9241 0.3822
vn 0.3815 0.9243 0.0105
vn 0.3811 0.0135 0.9244
vn 0.0051 0.3821 0.9241
vn 0.9243 0.3815 0.0105
vn 0.9244 0.0134 0.3812
vn 0.0051 -0.9241 -0.3822
vn 0.3815 -0.9243 -0.0105
vn 0.3811 -0.0135 -0.9244
vn 0.0051 -0.3821 -0.9241
vn 0.9243 -0.3815 -0.0105
vn 0.8881 -0.3251 -0.3251
vn 0.9244 -0.0134 -0.3812
vn 0.3815 0.9243 -0.0105
vn 0.0051 0.9241 -0.3821
vn 0.9244 0.0134 -0.3812
vn 0.8881 0.3251 -0.3251
vn 0.9243 0.3815 -0.0106
vn 0.0051 0.3821 -0.9241
vt 0.307608 0.758754
vt 0.300800 0.758754
vt 0.300800 0.748056
vt 0.307608 0.748056
vt 0.208081 0.789476
vt 0.201273 0.789476
vt 0.201273 0.735985
vt 0.208081 0.735985
vt 0.825396 0.533832
vt 0.825396 0.552310
vt 0.816643 0.552310
vt 0.816643 0.533832
vt 0.777936 0.229086
vt 0.767238 0.229086
vt 0.767238 0.175596
vt 0.777936 0.175596
vt 0.360181 0.789099
vt 0.353373 0.789099
vt 0.353373 0.735609
vt 0.360181 0.735609
vt 0.855016 0.329021
vt 0.848208 0.329021
vt 0.848208 0.318323
vt 0.855016 0.318323
vt 0.839840 0.838807
vt 0.833032 0.838807
vt 0.833032 0.820328
vt 0.839840 0.820328
vt 0.805343 0.553817
vt 0.798535 0.553817
vt 0.798535 0.545064
vt 0.805343 0.545064
vt 0.832546 0.213783
vt 0.832546 0.232261
vt 0.823793 0.232261
vt 0.823793 0.213783
vt 0.817056 0.052625
vt 0.810249 0.052625
vt 0.810249 0.043872
vt 0.817056 0.043872
vt 0.586983 0.840185
vt 0.580175 0.840185
vt 0.580175 0.821707
vt 0.586983 0.821707
vt 0.777936 0.238418
vt 0.777936 0.238074
vt 0.778216 0.238137
vt 0.778279 0.238418
vt 0.307608 0.747712
vt 0.307889 0.747775
vt 0.307952 0.748056
vt 0.360525 0.789099
vt 0.360462 0.789380
vt 0.360181 0.789443
vt 0.300456 0.748056
vt 0.300519 0.747775
vt 0.300800 0.747712
vt 0.766894 0.175596
vt 0.766957 0.175315
vt 0.767238 0.175252
vt 0.353373 0.789443
vt 0.353093 0.789380
vt 0.353029 0.789099
vt 0.777936 0.291908
vt 0.778279 0.291908
vt 0.778216 0.292189
vt 0.777936 0.292252
vt 0.360181 0.735265
vt 0.360462 0.735328
vt 0.360525 0.735609
vt 0.855360 0.329021
vt 0.855297 0.329302
vt 0.855016 0.329365
vt 0.767238 0.229430
vt 0.766957 0.229367
vt 0.766894 0.229086
vt 0.848208 0.329365
vt 0.847928 0.329302
vt 0.847865 0.329021
vt 0.353029 0.735609
vt 0.353093 0.735328
vt 0.353373 0.735265
vt 0.767237 0.238418
vt 0.766894 0.238418
vt 0.766957 0.238137
vt 0.767237 0.238074
vt 0.208081 0.735642
vt 0.208362 0.735705
vt 0.208425 0.735985
vt 0.307952 0.758754
vt 0.307889 0.759034
vt 0.307608 0.759097
vt 0.777936 0.175252
vt 0.778216 0.175315
vt 0.778279 0.175596
vt 0.300800 0.759097
vt 0.300519 0.759034
vt 0.300456 0.758754
vt 0.200929 0.735985
vt 0.200992 0.735705
vt 0.201273 0.735642
vt 0.767237 0.291908
vt 0.767237 0.292252
vt 0.766957 0.292189
vt 0.766894 0.291908
vt 0.855016 0.317979
vt 0.855297 0.318042
vt 0.855360 0.318323
vt 0.208425 0.789476
vt 0.208362 0.789756
vt 0.208081 0.789819
vt 0.778279 0.229086
vt 0.778216 0.229367
vt 0.777936 0.229430
vt 0.201273 0.789819
vt 0.200992 0.789756
vt 0.200929 0.789476
vt 0.847865 0.318323
vt 0.847928 0.318042
vt 0.848208 0.317979
vt 0.816299 0.533832
vt 0.816362 0.533551
vt 0.816643 0.533488
vt 0.839840 0.819984
vt 0.840120 0.820048
vt 0.840184 0.820328
vt 0.817400 0.052625
vt 0.817337 0.052905
vt 0.817056 0.052969
vt 0.832688 0.820328
vt 0.832751 0.820048
vt 0.833032 0.819984
vt 0.823793 0.232605
vt 0.823513 0.232542
vt 0.823450 0.232261
vt 0.810249 0.052969
vt 0.809968 0.052905
vt 0.809905 0.052625
vt 0.825396 0.533488
vt 0.825677 0.533551
vt 0.825740 0.533832
vt 0.817056 0.043528
vt 0.817337 0.043591
vt 0.817400 0.043872
vt 0.587327 0.840185
vt 0.587264 0.840466
vt 0.586983 0.840529
vt 0.832890 0.232261
vt 0.832827 0.232542
vt 0.832546 0.232605
vt 0.580175 0.840529
vt 0.579895 0.840466
vt 0.579831 0.840185
vt 0.809905 0.043872
vt 0.809968 0.043591
vt 0.810249 0.043528
vt 0.816643 0.552654
vt 0.816362 0.552591
vt 0.816299 0.552310
vt 0.805343 0.544721
vt 0.805624 0.544784
vt 0.805687 0.545064
vt 0.840184 0.838807
vt 0.840120 0.839087
vt 0.839840 0.839151
vt 0.823450 0.213783
vt 0.823513 0.213502
vt 0.823793 0.213439
vt 0.833032 0.839151
vt 0.832751 0.839087
vt 0.832688 0.838807
vt 0.798191 0.545064
vt 0.798254 0.544784
vt 0.798535 0.544721
vt 0.825740 0.552310
vt 0.825677 0.552591
vt 0.825396 0.552654
vt 0.586983 0.821363
vt 0.587264 0.821426
vt 0.587327 0.821707
vt 0.805687 0.553817
vt 0.805624 0.554098
vt 0.805343 0.554161
vt 0.832546 0.213439
vt 0.832827 0.213502
vt 0.832890 0.213783
vt 0.798535 0.554161
vt 0.798254 0.554098
vt 0.798191 0.553817
vt 0.579831 0.821707
vt 0.579895 0.821426
vt 0.580175 0.821363
s 1
usemtl M416_Final_Metal
f 1373/2328/1678 1379/2329/1679 1350/2330/1680 1344/2331/1681
f 1387/2332/1682 1393/2333/1683 1380/2334/1684 1372/2335/1685
f 1413/2336/1686 1441/2337/1687 1427/2338/1688 1399/2339/1689
f 1392/2340/1690 1364/2341/1691 1351/2342/1692 1378/2343/1693
f 1345/2344/1694 1352/2345/1695 1366/2346/1696 1358/2347/1697
f 1359/2348/1698 1365/2349/1699 1394/2350/1700 1386/2351/1701
f 1429/2352/1702 1435/2353/1703 1406/2354/1704 1400/2355/1705
f 1443/2356/1706 1449/2357/1707 1436/2358/1708 1428/2359/1709
f 1448/2360/1710 1420/2361/1711 1407/2362/1712 1434/2363/1713
f 1401/2364/1714 1408/2365/1715 1422/2366/1716 1414/2367/1717
f 1415/2368/1718 1421/2369/1719 1450/2370/1720 1442/2371/1721
f 1343/2372/1722 1346/2373/1723 1347/2374/1724 1349/2375/1725
f 1344/2331/1681 1348/2376/1726 1347/2377/1727 1346/2378/1728
f 1345/2344/1694 1349/2379/1729 1347/2380/1730 1348/2381/1731
f 1350/2330/1680 1353/2382/1732 1354/2383/1733 1356/2384/1734
f 1351/2342/1692 1355/2385/1735 1354/2386/1736 1353/2387/1737
f 1352/2345/1695 1356/2388/1738 1354/2389/1739 1355/2390/1740
f 1357/2391/1741 1360/2392/1742 1361/2393/1743 1363/2394/1744
f 1358/2347/1697 1362/2395/1745 1361/2396/1746 1360/2397/1747
f 1359/2348/1698 1363/2398/1748 1361/2399/1749 1362/2400/1750
f 1364/2341/1691 1367/2401/1751 1368/2402/1752 1370/2403/1753
f 1365/2349/1699 1369/2404/1754 1368/2405/1755 1367/2406/1756
f 1366/2346/1696 1370/2407/1757 1368/2408/1758 1369/2409/1759
f 1371/2410/1760 1374/2411/1761 1375/2412/1762 1377/2413/1763
f 1372/2335/1685 1376/2414/1764 1375/2415/1765 1374/2416/1766
f 1373/2328/1678 1377/2417/1767 1375/2418/1768 1376/2419/1769
f 1378/2343/1693 1381/2420/1770 1382/2421/1771 1384/2422/1772
f 1379/2329/1679 1383/2423/1773 1382/2424/1774 1381/2425/1775
f 1380/2334/1684 1384/2426/1776 1382/2427/1777 1383/2428/1778
f 1385/2429/1779 1388/2430/1780 1389/2431/1781 1391/2432/1782
f 1386/2351/1701 1390/2433/1783 1389/2434/1784 1388/2435/1785
f 1387/2332/1682 1391/2436/1786 1389/2437/1787 1390/2438/1788
f 1392/2340/1690 1395/2439/1789 1396/2440/1790 1398/2441/1791
f 1393/2333/1683 1397/2442/1792 1396/2443/1793 1395/2444/1794
f 1394/2350/1700 1398/2445/1795 1396/2446/1796 1397/2447/1797
f 1399/2339/1689 1402/2448/1798 1403/2449/1799 1405/2450/1800
f 1400/2355/1705 1404/2451/1726 1403/2452/1727 1402/2453/1801
f 1401/2364/1714 1405/2454/1802 1403/2455/1730 1404/2456/1731
f 1406/2354/1704 1409/2457/1803 1410/2458/1733 1412/2459/1734
f 1407/2362/1712 1411/2460/1804 1410/2461/1736 1409/2462/1805
f 1408/2365/1715 1412/2463/1806 1410/2464/1739 1411/2465/1807
f 1413/2336/1686 1416/2466/1808 1417/2467/1809 1419/2468/1810
f 1414/2367/1717 1418/2469/1745 1417/2470/1746 1416/2471/1811
f 1415/2368/1718 1419/2472/1812 1417/2473/1749 1418/2474/1750
f 1420/2361/1711 1423/2475/1813 1424/2476/1752 1426/2477/1814
f 1421/2369/1719 1425/2478/1754 1424/2479/1755 1423/2480/1815
f 1422/2366/1716 1426/2481/1816 1424/2482/1758 1425/2483/1759
f 1427/2338/1688 1430/2484/1817 1431/2485/1762 1433/2486/1818
f 1428/2359/1709 1432/2487/1819 1431/2488/1820 1430/2489/1821
f 1429/2352/1702 1433/2490/1822 1431/2491/1768 1432/2492/1769
f 1434/2363/1713 1437/2493/1823 1438/2494/1771 1440/2495/1824
f 1435/2353/1703 1439/2496/1825 1438/2497/1774 1437/2498/1826
f 1436/2358/1708 1440/2499/1827 1438/2500/1777 1439/2501/1828
f 1441/2337/1687 1444/2502/1829 1445/2503/1781 1447/2504/1830
f 1442/2371/1721 1446/2505/1831 1445/2506/1784 1444/2507/1832
f 1443/2356/1706 1447/2508/1833 1445/2509/1834 1446/2510/1835
f 1448/2360/1710 1451/2511/1836 1452/2512/1790 1454/2513/1837
f 1449/2357/1707 1453/2514/1838 1452/2515/1839 1451/2516/1840
f 1450/2370/1720 1454/2517/1841 1452/2518/1796 1453/2519/1797
f 1357/2391/1741 1343/2372/1722 1349/2375/1725 1360/2392/1742
f 1360/2397/1747 1349/2379/1729 1345/2344/1694 1358/2347/1697
f 1344/2331/1681 1350/2330/1680 1356/2384/1734 1348/2376/1726
f 1348/2381/1731 1356/2388/1738 1352/2345/1695 1345/2344/1694
f 1351/2342/1692 1364/2341/1691 1370/2403/1753 1355/2385/1735
f 1355/2390/1740 1370/2407/1757 1366/2346/1696 1352/2345/1695
f 1365/2349/1699 1359/2348/1698 1362/2400/1750 1369/2404/1754
f 1369/2409/1759 1362/2395/1745 1358/2347/1697 1366/2346/1696
f 1385/2429/1779 1357/2391/1741 1363/2394/1744 1388/2430/1780
f 1388/2435/1785 1363/2398/1748 1359/2348/1698 1386/2351/1701
f 1364/2341/1691 1392/2340/1690 1398/2441/1791 1367/2401/1751
f 1367/2406/1756 1398/2445/1795 1394/2350/1700 1365/2349/1699
f 1393/2333/1683 1387/2332/1682 1390/2438/1788 1397/2442/1792
f 1397/2447/1797 1390/2433/1783 1386/2351/1701 1394/2350/1700
f 1371/2410/1760 1385/2429/1779 1391/2432/1782 1374/2411/1761
f 1374/2416/1766 1391/2436/1786 1387/2332/1682 1372/2335/1685
f 1392/2340/1690 1378/2343/1693 1384/2422/1772 1395/2439/1789
f 1395/2444/1794 1384/2426/1776 1380/2334/1684 1393/2333/1683
f 1379/2329/1679 1373/2328/1678 1376/2419/1769 1383/2423/1773
f 1383/2428/1778 1376/2414/1764 1372/2335/1685 1380/2334/1684
f 1343/2372/1722 1371/2410/1760 1377/2413/1763 1346/2373/1723
f 1346/2378/1728 1377/2417/1767 1373/2328/1678 1344/2331/1681
f 1378/2343/1693 1351/2342/1692 1353/2387/1737 1381/2420/1770
f 1381/2425/1775 1353/2382/1732 1350/2330/1680 1379/2329/1679
f 1413/2336/1686 1399/2339/1689 1405/2450/1800 1416/2466/1808
f 1416/2471/1811 1405/2454/1802 1401/2364/1714 1414/2367/1717
f 1400/2355/1705 1406/2354/1704 1412/2459/1734 1404/2451/1726
f 1404/2456/1731 1412/2463/1806 1408/2365/1715 1401/2364/1714
f 1407/2362/1712 1420/2361/1711 1426/2477/1814 1411/2460/1804
f 1411/2465/1807 1426/2481/1816 1422/2366/1716 1408/2365/1715
f 1421/2369/1719 1415/2368/1718 1418/2474/1750 1425/2478/1754
f 1425/2483/1759 1418/2469/1745 1414/2367/1717 1422/2366/1716
f 1441/2337/1687 1413/2336/1686 1419/2468/1810 1444/2502/1829
f 1444/2507/1832 1419/2472/1812 1415/2368/1718 1442/2371/1721
f 1420/2361/1711 1448/2360/1710 1454/2513/1837 1423/2475/1813
f 1423/2480/1815 1454/2517/1841 1450/2370/1720 1421/2369/1719
f 1449/2357/1707 1443/2356/1706 1446/2510/1835 1453/2514/1838
f 1453/2519/1797 1446/2505/1831 1442/2371/1721 1450/2370/1720
f 1427/2338/1688 1441/2337/1687 1447/2504/1830 1430/2484/1817
f 1430/2489/1821 1447/2508/1833 1443/2356/1706 1428/2359/1709
f 1448/2360/1710 1434/2363/1713 1440/2495/1824 1451/2511/1836
f 1451/2516/1840 1440/2499/1827 1436/2358/1708 1449/2357/1707
f 1435/2353/1703 1429/2352/1702 1432/2492/1769 1439/2496/1825
f 1439/2501/1828 1432/2487/1819 1428/2359/1709 1436/2358/1708
f 1399/2339/1689 1427/2338/1688 1433/2486/1818 1402/2448/1798
f 1402/2453/1801 1433/2490/1822 1429/2352/1702 1400/2355/1705
f 1434/2363/1713 1407/2362/1712 1409/2462/1805 1437/2493/1823
f 1437/2498/1826 1409/2457/1803 1406/2354/1704 1435/2353/1703
f 1357/2391/1741 1385/2429/1779 1371/2410/1760 1343/2372/1722
o Ejection_Port_Cover_low
v 0.004500 0.035000 0.025000
v 0.004500 0.035500 0.025500
v 0.004000 0.035500 0.025000
v 0.004500 0.035146 0.025354
v 0.004211 0.035211 0.025289
v 0.004146 0.035500 0.025354
v 0.004146 0.035146 0.025000
v 0.004500 0.054500 0.025500
v 0.004500 0.055000 0.025000
v 0.004000 0.054500 0.025000
v 0.004500 0.054854 0.025354
v 0.004211 0.054789 0.025289
v 0.004146 0.054854 0.025000
v 0.004146 0.054500 0.025354
v 0.004500 0.035000 0.024000
v 0.004000 0.035500 0.024000
v 0.004500 0.035500 0.023500
v 0.004146 0.035146 0.024000
v 0.004211 0.035211 0.023711
v 0.004146 0.035500 0.023646
v 0.004500 0.035146 0.023646
v 0.004500 0.055000 0.024000
v 0.004500 0.054500 0.023500
v 0.004000 0.054500 0.024000
v 0.004500 0.054854 0.023646
v 0.004211 0.054789 0.023711
v 0.004146 0.054500 0.023646
v 0.004146 0.054854 0.024000
v 0.065500 0.035000 0.025000
v 0.066000 0.035500 0.025000
v 0.065500 0.035500 0.025500
v 0.065854 0.035146 0.025000
v 0.065789 0.035211 0.025289
v 0.065854 0.035500 0.025354
v 0.065500 0.035146 0.025354
v 0.065500 0.055000 0.025000
v 0.065500 0.054500 0.025500
v 0.066000 0.054500 0.025000
v 0.065500 0.054854 0.025354
v 0.065789 0.054789 0.025289
v 0.065854 0.054500 0.025354
v 0.065854 0.054854 0.025000
v 0.065500 0.035000 0.024000
v 0.065500 0.035500 0.023500
v 0.066000 0.035500 0.024000
v 0.065500 0.035146 0.023646
v 0.065789 0.035211 0.023711
v 0.065854 0.035500 0.023646
v 0.065854 0.035146 0.024000
v 0.065500 0.055000 0.024000
v 0.066000 0.054500 0.024000
v 0.065500 0.054500 0.023500
v 0.065854 0.054854 0.024000
v 0.065789 0.054789 0.023711
v 0.065854 0.054500 0.023646
v 0.065500 0.054854 0.023646
vn 0.0024 -0.0076 1.0000
vn 0.0024 0.0076 1.0000
vn -0.0024 0.0076 1.0000
vn -0.0024 -0.0076 1.0000
vn 0.9942 -0.0070 -0.1071
vn 0.9942 0.0070 -0.1071
vn 0.9942 0.0070 0.1071
vn 0.9942 -0.0070 0.1071
vn 0.0022 0.9942 -0.1075
vn -0.0022 0.9942 -0.1074
vn -0.0022 0.9942 0.1075
vn 0.0022 0.9942 0.1074
vn -0.9942 -0.0070 0.1071
vn -0.9942 0.0070 0.1071
vn -0.9942 0.0070 -0.1071
vn -0.9942 -0.0070 -0.1071
vn -0.0024 -0.0076 -1.0000
vn -0.0024 0.0076 -1.0000
vn 0.0024 0.0076 -1.0000
vn 0.0024 -0.0076 -1.0000
vn -0.0022 -0.9942 0.1074
vn -0.0017 -0.9240 0.3825
vn -0.3251 -0.8881 0.3251
vn -0.3600 -0.9194 0.1585
vn -0.3821 -0.0051 0.9241
vn -0.3251 -0.3251 0.8881
vn -0.0016 -0.3825 0.9240
vn -0.9194 -0.3600 0.1585
vn -0.8881 -0.3251 0.3251
vn -0.9241 -0.0051 0.3821
vn -0.0017 0.3825 0.9240
vn -0.3251 0.3251 0.8881
vn -0.3821 0.0051 0.9241
vn -0.3600 0.9194 0.1585
vn -0.3250 0.8881 0.3251
vn -0.0016 0.9240 0.3825
vn -0.9241 0.0051 0.3822
vn -0.8881 0.3251 0.3251
vn -0.9194 0.3600 0.1585
vn -0.0022 -0.9942 -0.1074
vn -0.3600 -0.9194 -0.1585
vn -0.3251 -0.8881 -0.3251
vn -0.0017 -0.9240 -0.3825
vn -0.9241 -0.0051 -0.3821
vn -0.8881 -0.3251 -0.3251
vn -0.9194 -0.3600 -0.1585
vn -0.0016 -0.3825 -0.9240
vn -0.3251 -0.3250 -0.8881
vn -0.3821 -0.0051 -0.9241
vn -0.0016 0.9239 -0.3825
vn -0.3250 0.8881 -0.3251
vn -0.3600 0.9194 -0.1585
vn -0.3821 0.0051 -0.9241
vn -0.3251 0.3250 -0.8881
vn -0.0017 0.3825 -0.9240
vn -0.9194 0.3600 -0.1585
vn -0.8881 0.3251 -0.3251
vn -0.9241 0.0051 -0.3821
vn 0.0022 -0.9942 0.1074
vn 0.3600 -0.9194 0.1585
vn 0.3251 -0.8881 0.3251
vn 0.0017 -0.9240 0.3825
vn 0.9241 -0.0051 0.3821
vn 0.8881 -0.3251 0.3251
vn 0.9194 -0.3600 0.1585
vn 0.0016 -0.3825 0.9240
vn 0.3251 -0.3251 0.8881
vn 0.3821 -0.0051 0.9241
vn 0.0016 0.9240 0.3825
vn 0.3250 0.8881 0.3251
vn 0.3600 0.9194 0.1585
vn 0.3821 0.0051 0.9241
vn 0.3251 0.3251 0.8881
vn 0.0017 0.3825 0.9240
vn 0.9194 0.3600 0.1585
vn 0.8881 0.3251 0.3251
vn 0.9241 0.0051 0.3821
vn 0.0022 -0.9942 -0.1074
vn 0.0017 -0.9239 -0.3826
vn 0.3251 -0.8881 -0.3251
vn 0.3600 -0.9194 -0.1585
vn 0.3821 -0.0051 -0.9241
vn 0.3251 -0.3251 -0.8881
vn 0.0016 -0.3825 -0.9240
vn 0.9194 -0.3600 -0.1585
vn 0.8881 -0.3251 -0.3251
vn 0.9241 -0.0051 -0.3821
vn 0.3600 0.9194 -0.1585
vn 0.3250 0.8881 -0.3251
vn 0.0016 0.9240 -0.3825
vn 0.9241 0.0051 -0.3821
vn 0.8881 0.3251 -0.3251
vn 0.9194 0.3600 -0.1585
vn 0.0016 0.3825 -0.9240
vn 0.3251 0.3250 -0.8881
vn 0.3821 0.0051 -0.9241
vt 0.598711 0.743139
vt 0.580232 0.743139
vt 0.580232 0.683813
vt 0.598711 0.683813
vt 0.597738 0.840185
vt 0.597738 0.821707
vt 0.598711 0.821707
vt 0.598711 0.840185
vt 0.812044 0.563702
vt 0.812044 0.622026
vt 0.811072 0.622026
vt 0.811072 0.563702
vt 0.960750 0.807829
vt 0.960750 0.789663
vt 0.961723 0.789663
vt 0.961723 0.807829
vt 0.237489 0.751575
vt 0.219010 0.751575
vt 0.219010 0.692250
vt 0.237489 0.692250
vt 0.706278 0.606636
vt 0.705934 0.606636
vt 0.705997 0.606356
vt 0.706278 0.606292
vt 0.598711 0.683469
vt 0.598991 0.683533
vt 0.599054 0.683813
vt 0.960750 0.808194
vt 0.960469 0.808143
vt 0.960406 0.807856
vt 0.579888 0.683813
vt 0.579952 0.683533
vt 0.580232 0.683469
vt 0.811072 0.622390
vt 0.810791 0.622339
vt 0.810728 0.622052
vt 0.960406 0.789689
vt 0.960469 0.789425
vt 0.960750 0.789351
vt 0.707251 0.606636
vt 0.707251 0.606292
vt 0.707531 0.606356
vt 0.707595 0.606636
vt 0.962066 0.807856
vt 0.962003 0.808143
vt 0.961723 0.808194
vt 0.237832 0.751575
vt 0.237769 0.751856
vt 0.237489 0.751919
vt 0.812388 0.622052
vt 0.812325 0.622339
vt 0.812044 0.622390
vt 0.219010 0.751919
vt 0.218729 0.751856
vt 0.218666 0.751575
vt 0.961723 0.789351
vt 0.962003 0.789425
vt 0.962066 0.789689
vt 0.706278 0.665962
vt 0.706278 0.666306
vt 0.705997 0.666242
vt 0.705934 0.665962
vt 0.599055 0.840185
vt 0.598991 0.840466
vt 0.598711 0.840529
vt 0.599054 0.743139
vt 0.598991 0.743419
vt 0.598711 0.743483
vt 0.810728 0.563728
vt 0.810791 0.563464
vt 0.811072 0.563390
vt 0.580232 0.743483
vt 0.579952 0.743419
vt 0.579888 0.743139
vt 0.598711 0.821363
vt 0.598991 0.821426
vt 0.599055 0.821707
vt 0.707251 0.665962
vt 0.707595 0.665962
vt 0.707531 0.666242
vt 0.707251 0.666306
vt 0.237489 0.691906
vt 0.237769 0.691969
vt 0.237832 0.692250
vt 0.597738 0.840529
vt 0.597457 0.840466
vt 0.597394 0.840185
vt 0.812044 0.563390
vt 0.812325 0.563464
vt 0.812388 0.563728
vt 0.597394 0.821707
vt 0.597457 0.821426
vt 0.597738 0.821363
vt 0.218666 0.692250
vt 0.218729 0.691969
vt 0.219010 0.691906
s 1
usemtl Polymer_Black
f 1485/2520/1842 1491/2521/1843 1462/2522/1844 1456/2523/1845
f 1499/2524/1846 1505/2525/1847 1492/2526/1848 1484/2527/1849
f 1504/2528/1850 1476/2529/1851 1463/2530/1852 1490/2531/1853
f 1457/2532/1854 1464/2533/1855 1478/2534/1856 1470/2535/1857
f 1471/2536/1858 1477/2537/1859 1506/2538/1860 1498/2539/1861
f 1455/2540/1862 1458/2541/1863 1459/2542/1864 1461/2543/1865
f 1456/2523/1845 1460/2544/1866 1459/2545/1867 1458/2546/1868
f 1457/2532/1854 1461/2547/1869 1459/2548/1870 1460/2549/1871
f 1462/2522/1844 1465/2550/1872 1466/2551/1873 1468/2552/1874
f 1463/2530/1852 1467/2553/1875 1466/2554/1876 1465/2555/1877
f 1464/2533/1855 1468/2556/1878 1466/2557/1879 1467/2558/1880
f 1469/2559/1881 1472/2560/1882 1473/2561/1883 1475/2562/1884
f 1470/2535/1857 1474/2563/1885 1473/2564/1886 1472/2565/1887
f 1471/2536/1858 1475/2566/1888 1473/2567/1889 1474/2568/1890
f 1476/2529/1851 1479/2569/1891 1480/2570/1892 1482/2571/1893
f 1477/2537/1859 1481/2572/1894 1480/2573/1895 1479/2574/1896
f 1478/2534/1856 1482/2575/1897 1480/2576/1898 1481/2577/1899
f 1483/2578/1900 1486/2579/1901 1487/2580/1902 1489/2581/1903
f 1484/2527/1849 1488/2582/1904 1487/2583/1905 1486/2584/1906
f 1485/2520/1842 1489/2585/1907 1487/2586/1908 1488/2587/1909
f 1490/2531/1853 1493/2588/1910 1494/2589/1911 1496/2590/1912
f 1491/2521/1843 1495/2591/1913 1494/2592/1914 1493/2593/1915
f 1492/2526/1848 1496/2594/1916 1494/2595/1917 1495/2596/1918
f 1497/2597/1919 1500/2598/1920 1501/2599/1921 1503/2600/1922
f 1498/2539/1861 1502/2601/1923 1501/2602/1924 1500/2603/1925
f 1499/2524/1846 1503/2604/1926 1501/2605/1927 1502/2606/1928
f 1504/2528/1850 1507/2607/1929 1508/2608/1930 1510/2609/1931
f 1505/2525/1847 1509/2610/1932 1508/2611/1933 1507/2612/1934
f 1506/2538/1860 1510/2613/1935 1508/2614/1936 1509/2615/1937
f 1469/2559/1881 1455/2540/1862 1461/2543/1865 1472/2560/1882
f 1472/2565/1887 1461/2547/1869 1457/2532/1854 1470/2535/1857
f 1456/2523/1845 1462/2522/1844 1468/2552/1874 1460/2544/1866
f 1460/2549/1871 1468/2556/1878 1464/2533/1855 1457/2532/1854
f 1463/2530/1852 1476/2529/1851 1482/2571/1893 1467/2553/1875
f 1467/2558/1880 1482/2575/1897 1478/2534/1856 1464/2533/1855
f 1477/2537/1859 1471/2536/1858 1474/2568/1890 1481/2572/1894
f 1481/2577/1899 1474/2563/1885 1470/2535/1857 1478/2534/1856
f 1497/2597/1919 1469/2559/1881 1475/2562/1884 1500/2598/1920
f 1500/2603/1925 1475/2566/1888 1471/2536/1858 1498/2539/1861
f 1476/2529/1851 1504/2528/1850 1510/2609/1931 1479/2569/1891
f 1479/2574/1896 1510/2613/1935 1506/2538/1860 1477/2537/1859
f 1505/2525/1847 1499/2524/1846 1502/2606/1928 1509/2610/1932
f 1509/2615/1937 1502/2601/1923 1498/2539/1861 1506/2538/1860
f 1483/2578/1900 1497/2597/1919 1503/2600/1922 1486/2579/1901
f 1486/2584/1906 1503/2604/1926 1499/2524/1846 1484/2527/1849
f 1504/2528/1850 1490/2531/1853 1496/2590/1912 1507/2607/1929
f 1507/2612/1934 1496/2594/1916 1492/2526/1848 1505/2525/1847
f 1491/2521/1843 1485/2520/1842 1488/2587/1909 1495/2591/1913
f 1495/2596/1918 1488/2582/1904 1484/2527/1849 1492/2526/1848
f 1455/2540/1862 1483/2578/1900 1489/2581/1903 1458/2541/1863
f 1458/2546/1868 1489/2585/1907 1485/2520/1842 1456/2523/1845
f 1490/2531/1853 1463/2530/1852 1465/2555/1877 1493/2588/1910
f 1493/2593/1915 1465/2550/1872 1462/2522/1844 1491/2521/1843
f 1469/2559/1881 1497/2597/1919 1483/2578/1900 1455/2540/1862
o Forward_Assist_low
v -0.047500 0.058000 0.016510
v -0.047000 0.058000 0.016000
v -0.047354 0.058000 0.016153
v -0.022500 0.058000 0.016510
v -0.023000 0.058000 0.016000
v -0.022646 0.058000 0.016153
v -0.047500 0.055899 0.016928
v -0.047000 0.055704 0.016457
v -0.047354 0.055763 0.016598
v -0.022500 0.055899 0.016928
v -0.023000 0.055704 0.016457
v -0.022646 0.055763 0.016598
v -0.047500 0.054118 0.018118
v -0.047000 0.053757 0.017757
v -0.047354 0.053866 0.017866
v -0.022500 0.054118 0.018118
v -0.023000 0.053757 0.017757
v -0.022646 0.053866 0.017866
v -0.047500 0.052928 0.019899
v -0.047000 0.052457 0.019704
v -0.047354 0.052598 0.019763
v -0.022500 0.052928 0.019899
v -0.023000 0.052457 0.019704
v -0.022646 0.052598 0.019763
v -0.047500 0.052510 0.022000
v -0.047000 0.052000 0.022000
v -0.047354 0.052153 0.022000
v -0.022500 0.052510 0.022000
v -0.023000 0.052000 0.022000
v -0.022646 0.052153 0.022000
v -0.047500 0.052928 0.024101
v -0.047000 0.052457 0.024296
v -0.047354 0.052598 0.024237
v -0.022500 0.052928 0.024101
v -0.023000 0.052457 0.024296
v -0.022646 0.052598 0.024237
v -0.047500 0.054118 0.025882
v -0.047000 0.053757 0.026243
v -0.047354 0.053866 0.026134
v -0.022500 0.054118 0.025882
v -0.023000 0.053757 0.026243
v -0.022646 0.053866 0.026134
v -0.047500 0.055899 0.027072
v -0.047000 0.055704 0.027543
v -0.047354 0.055763 0.027402
v -0.022500 0.055899 0.027072
v -0.023000 0.055704 0.027543
v -0.022646 0.055763 0.027402
v -0.047500 0.058000 0.027490
v -0.047000 0.058000 0.028000
v -0.047354 0.058000 0.027847
v -0.022500 0.058000 0.027490
v -0.023000 0.058000 0.028000
v -0.022646 0.058000 0.027847
v -0.047500 0.060101 0.027072
v -0.047000 0.060296 0.027543
v -0.047354 0.060237 0.027402
v -0.022500 0.060101 0.027072
v -0.023000 0.060296 0.027543
v -0.022646 0.060237 0.027402
v -0.047500 0.061882 0.025882
v -0.047000 0.062243 0.026243
v -0.047354 0.062134 0.026134
v -0.022500 0.061882 0.025882
v -0.023000 0.062243 0.026243
v -0.022646 0.062134 0.026134
v -0.047500 0.063072 0.024101
v -0.047000 0.063543 0.024296
v -0.047354 0.063402 0.024237
v -0.022500 0.063072 0.024101
v -0.023000 0.063543 0.024296
v -0.022646 0.063402 0.024237
v -0.047500 0.063490 0.022000
v -0.047000 0.064000 0.022000
v -0.047354 0.063847 0.022000
v -0.022500 0.063490 0.022000
v -0.023000 0.064000 0.022000
v -0.022646 0.063847 0.022000
v -0.047500 0.063072 0.019899
v -0.047000 0.063543 0.019704
v -0.047354 0.063402 0.019763
v -0.022500 0.063072 0.019899
v -0.023000 0.063543 0.019704
v -0.022646 0.063402 0.019763
v -0.047500 0.061882 0.018118
v -0.047000 0.062243 0.017757
v -0.047354 0.062134 0.017866
v -0.022500 0.061882 0.018118
v -0.023000 0.062243 0.017757
v -0.022646 0.062134 0.017866
v -0.047500 0.060101 0.016928
v -0.047000 0.060296 0.016457
v -0.047354 0.060237 0.016598
v -0.022500 0.060101 0.016928
v -0.023000 0.060296 0.016457
v -0.022646 0.060237 0.016598
v -0.053000 0.058000 0.015010
v -0.052500 0.058000 0.014500
v -0.052854 0.058000 0.014653
v -0.047000 0.058000 0.015010
v -0.047500 0.058000 0.014500
v -0.047146 0.058000 0.014653
v -0.053000 0.055325 0.015542
v -0.052500 0.055130 0.015071
v -0.052854 0.055189 0.015213
v -0.047000 0.055325 0.015542
v -0.047500 0.055130 0.015071
v -0.047146 0.055189 0.015213
v -0.053000 0.053057 0.017057
v -0.052500 0.052697 0.016697
v -0.052854 0.052805 0.016805
v -0.047000 0.053057 0.017057
v -0.047500 0.052697 0.016697
v -0.047146 0.052805 0.016805
v -0.052500 0.051071 0.019130
v -0.053000 0.051542 0.019325
v -0.052854 0.051213 0.019189
v -0.047000 0.051542 0.019325
v -0.047500 0.051071 0.019130
v -0.047146 0.051213 0.019189
v -0.053000 0.051010 0.022000
v -0.052500 0.050500 0.022000
v -0.052854 0.050653 0.022000
v -0.047000 0.051010 0.022000
v -0.047500 0.050500 0.022000
v -0.047146 0.050653 0.022000
v -0.053000 0.051542 0.024675
v -0.052500 0.051071 0.024870
v -0.052854 0.051213 0.024811
v -0.047000 0.051542 0.024675
v -0.047500 0.051071 0.024870
v -0.047146 0.051213 0.024811
v -0.053000 0.053057 0.026943
v -0.052500 0.052697 0.027303
v -0.052854 0.052805 0.027195
v -0.047000 0.053057 0.026943
v -0.047500 0.052697 0.027303
v -0.047146 0.052805 0.027195
v -0.053000 0.055325 0.028458
v -0.052500 0.055130 0.028929
v -0.052854 0.055189 0.028787
v -0.047000 0.055325 0.028458
v -0.047500 0.055130 0.028929
v -0.047146 0.055189 0.028787
v -0.053000 0.058000 0.028990
v -0.052500 0.058000 0.029500
v -0.052854 0.058000 0.029347
v -0.047000 0.058000 0.028990
v -0.047500 0.058000 0.029500
v -0.047146 0.058000 0.029347
v -0.053000 0.060675 0.028458
v -0.052500 0.060870 0.028929
v -0.052854 0.060811 0.028787
v -0.047000 0.060675 0.028458
v -0.047500 0.060870 0.028929
v -0.047146 0.060811 0.028787
v -0.053000 0.062943 0.026943
v -0.052500 0.063303 0.027303
v -0.052854 0.063195 0.027195
v -0.047000 0.062943 0.026943
v -0.047500 0.063303 0.027303
v -0.047146 0.063195 0.027195
v -0.053000 0.064458 0.024675
v -0.052500 0.064929 0.024870
v -0.052854 0.064787 0.024811
v -0.047000 0.064458 0.024675
v -0.047500 0.064929 0.024870
v -0.047146 0.064787 0.024811
v -0.053000 0.064990 0.022000
v -0.052500 0.065500 0.022000
v -0.052854 0.065347 0.022000
v -0.047000 0.064990 0.022000
v -0.047500 0.065500 0.022000
v -0.047146 0.065347 0.022000
v -0.053000 0.064458 0.019325
v -0.052500 0.064929 0.019130
v -0.052854 0.064787 0.019189
v -0.047000 0.064458 0.019325
v -0.047500 0.064929 0.019130
v -0.047146 0.064787 0.019189
v -0.053000 0.062943 0.017057
v -0.052500 0.063303 0.016697
v -0.052854 0.063195 0.016805
v -0.047000 0.062943 0.017057
v -0.047500 0.063303 0.016697
v -0.047146 0.063195 0.016805
v -0.053000 0.060675 0.015542
v -0.052500 0.060870 0.015071
v -0.052854 0.060811 0.015213
v -0.047000 0.060675 0.015542
v -0.047500 0.060870 0.015071
v -0.047146 0.060811 0.015213
vn -0.0284 0.7068 0.7068
vn 0.0284 0.7068 0.7068
vn 0.0284 0.9235 0.3825
vn -0.0284 0.9235 0.3825
vn -0.0284 -0.9235 0.3825
vn 0.0284 -0.9235 0.3825
vn 0.0284 -0.7068 0.7068
vn -0.0284 -0.7068 0.7068
vn -0.0062 0.3827 -0.9239
vn 0.0062 0.3827 -0.9239
vn 0.0062 -0.0000 -1.0000
vn -0.0062 -0.0000 -1.0000
vn -0.0062 -0.7071 -0.7071
vn 0.0062 -0.7071 -0.7071
vn 0.0062 -0.9239 -0.3827
vn -0.0062 -0.9239 -0.3827
vn 0.0062 -1.0000 -0.0000
vn -0.0062 -1.0000 -0.0000
vn -0.0284 0.3825 0.9235
vn 0.0284 0.3825 0.9235
vn -0.0284 -0.9996 -0.0000
vn 0.0284 -0.9996 -0.0000
vn 0.0062 -0.9239 0.3827
vn -0.0062 -0.9239 0.3827
vn 0.0062 -0.7071 0.7071
vn -0.0062 -0.7071 0.7071
vn 0.0062 -0.3827 0.9239
vn -0.0062 -0.3827 0.9239
vn -0.0284 -0.0000 0.9996
vn 0.0284 -0.0000 0.9996
vn -0.0284 -0.9235 -0.3825
vn 0.0284 -0.9235 -0.3825
vn 0.0062 -0.0000 1.0000
vn -0.0062 -0.0000 1.0000
vn 0.0062 0.3827 0.9239
vn -0.0062 0.3827 0.9239
vn 0.0063 0.7071 0.7071
vn -0.0062 0.7071 0.7071
vn -0.0284 -0.3825 0.9235
vn 0.0284 -0.3825 0.9235
vn -0.0284 -0.7068 -0.7068
vn 0.0284 -0.7068 -0.7068
vn 0.0063 0.9239 0.3827
vn -0.0063 0.9239 0.3827
vn 0.0063 1.0000 -0.0000
vn -0.0063 1.0000 -0.0000
vn 0.0063 0.9239 -0.3827
vn -0.0063 0.9239 -0.3827
vn 0.0063 0.7071 -0.7071
vn -0.0063 0.7071 -0.7071
vn -0.0062 -0.3827 -0.9239
vn 0.0062 -0.3827 -0.9239
vn -0.0284 0.3825 -0.9235
vn 0.0284 0.3825 -0.9235
vn 0.0284 -0.0000 -0.9996
vn -0.0284 -0.0000 -0.9996
vn 0.0284 0.9996 -0.0000
vn -0.0284 0.9996 -0.0000
vn 0.0284 0.9235 -0.3825
vn -0.0284 0.9235 -0.3825
vn 0.0284 0.7068 -0.7068
vn -0.0284 0.7068 -0.7068
vn -0.0284 -0.3825 -0.9235
vn 0.0284 -0.3825 -0.9235
vn 0.3979 -0.8476 0.3511
vn 0.3979 -0.6487 0.6487
vn 0.9250 -0.2687 0.2687
vn 0.9250 -0.3511 0.1454
vn 0.9729 -0.2137 0.0885
vn 1.0000 -0.0048 0.0047
vn -0.3979 -0.3511 -0.8476
vn -0.3979 -0.0000 -0.9174
vn -0.9250 -0.0000 -0.3800
vn -0.9250 -0.1454 -0.3511
vn -0.9978 -0.0254 -0.0614
vn -0.9673 -0.0000 -0.2535
vn -0.3979 -0.8476 -0.3511
vn -0.3979 -0.6487 -0.6487
vn -0.9250 -0.2687 -0.2687
vn -0.9250 -0.3511 -0.1454
vn -0.9986 -0.0497 -0.0206
vn -0.9729 -0.1636 -0.1636
vn 0.3979 -0.0000 -0.9174
vn 0.3979 -0.3511 -0.8476
vn 0.9250 -0.1454 -0.3511
vn 0.9250 -0.0000 -0.3800
vn 0.9918 -0.0000 -0.1279
vn 0.9973 -0.0280 -0.0676
vn -0.3979 -0.6487 0.6487
vn -0.3979 -0.8476 0.3511
vn -0.9250 -0.3511 0.1454
vn -0.9250 -0.2687 0.2687
vn -0.9729 -0.1636 0.1636
vn -1.0000 -0.0060 0.0025
vn -0.9673 -0.1792 -0.1792
vn 0.3979 -0.6487 -0.6487
vn 0.9250 -0.2687 -0.2687
vn 1.0000 -0.0063 -0.0063
vn -1.0000 -0.0078 -0.0032
vn 0.3979 -0.8476 -0.3511
vn 0.9250 -0.3511 -0.1454
vn 0.9973 -0.0676 -0.0280
vn -0.3979 -0.9174 -0.0000
vn -0.9250 -0.3800 -0.0000
vn -0.9673 -0.2535 -0.0000
vn 0.9982 -0.0227 -0.0549
vn 1.0000 -0.0050 -0.0050
vn 0.3979 -0.9174 -0.0000
vn 0.9250 -0.3800 -0.0000
vn 0.9918 -0.1279 -0.0000
vn 0.9942 -0.1075 -0.0000
vn -0.9978 -0.0614 0.0254
vn 0.9673 -0.2342 0.0970
vn -0.9673 -0.1792 0.1792
vn -1.0000 -0.0025 -0.0060
vn 1.0000 -0.0058 0.0058
vn -0.9729 -0.2313 -0.0000
vn -0.3979 -0.3511 0.8476
vn -0.9250 -0.1454 0.3511
vn -1.0000 -0.0032 0.0078
vn 0.3979 -0.3511 0.8476
vn 0.9250 -0.1454 0.3511
vn 0.9673 -0.0970 0.2342
vn -0.3979 -0.0000 0.9174
vn -0.9250 -0.0000 0.3800
vn -0.9673 -0.0000 0.2535
vn 0.3979 -0.0000 0.9174
vn 0.9250 -0.0000 0.3800
vn 0.9918 -0.0000 0.1279
vn -0.3979 0.3511 0.8476
vn -0.9250 0.1454 0.3511
vn -0.9978 0.0254 0.0614
vn 0.3979 0.3511 0.8476
vn 0.9250 0.1454 0.3511
vn 0.9973 0.0280 0.0676
vn 0.9982 -0.0549 -0.0228
vn -0.3979 0.6487 0.6487
vn -0.9250 0.2687 0.2687
vn -0.9673 0.1792 0.1792
vn 0.9942 -0.0000 -0.1075
vn 0.3979 0.6487 0.6487
vn 0.9250 0.2687 0.2687
vn 1.0000 0.0061 0.0061
vn -0.3979 0.8476 0.3511
vn -0.9250 0.3511 0.1454
vn -1.0000 0.0078 0.0032
vn 0.3979 0.8476 0.3511
vn 0.9250 0.3511 0.1454
vn 0.9673 0.2342 0.0970
vn -0.3979 0.9174 -0.0000
vn -0.9250 0.3800 -0.0000
vn -0.9673 0.2535 -0.0000
vn 0.3979 0.9174 -0.0000
vn 0.9250 0.3800 -0.0000
vn 0.9918 0.1280 -0.0000
vn -0.3979 0.8476 -0.3511
vn -0.9250 0.3511 -0.1454
vn -0.9978 0.0614 -0.0254
vn -0.9729 -0.0000 -0.2313
vn 0.3979 0.8476 -0.3511
vn 0.9250 0.3511 -0.1454
vn 0.9973 0.0676 -0.0280
vn -0.3979 0.6487 -0.6487
vn -0.9250 0.2687 -0.2687
vn -0.9673 0.1792 -0.1792
vn 0.3979 0.6487 -0.6487
vn 0.9250 0.2687 -0.2687
vn 1.0000 0.0061 -0.0061
vn -0.3979 0.3511 -0.8476
vn -0.9250 0.1454 -0.3511
vn -1.0000 0.0032 -0.0078
vn 0.3979 0.3511 -0.8476
vn 0.9250 0.1454 -0.3511
vn 0.9673 0.0970 -0.2342
vn -0.9942 -0.0411 0.0993
vn 0.9982 -0.0227 0.0549
vn -0.9982 -0.0000 0.0595
vn 0.9942 -0.0000 0.1075
vn -1.0000 0.0027 0.0065
vn 0.9729 0.0885 0.2137
vn -0.9982 0.0421 0.0420
vn 1.0000 0.0046 0.0045
vn -0.9942 0.0993 0.0411
vn 0.9729 0.2137 0.0885
vn -0.9729 0.2313 -0.0000
vn 0.9942 0.1075 -0.0000
vn -1.0000 0.0062 -0.0026
vn 0.9982 0.0549 -0.0228
vn -0.9982 0.0420 -0.0421
vn 1.0000 0.0048 -0.0047
vn -0.9942 0.0411 -0.0993
vn 0.9729 0.0885 -0.2137
vt 0.941699 0.317490
vt 0.936836 0.317490
vt 0.936836 0.315478
vt 0.941699 0.315478
vt 0.899433 0.320120
vt 0.894570 0.320120
vt 0.894570 0.317490
vt 0.899433 0.317490
vt 0.414454 0.826254
vt 0.414454 0.802913
vt 0.416731 0.802913
vt 0.416731 0.826254
vt 0.027827 0.824646
vt 0.027827 0.801305
vt 0.029437 0.801305
vt 0.029437 0.824646
vt 0.031541 0.801305
vt 0.031541 0.824646
vt 0.941699 0.320120
vt 0.936836 0.320120
vt 0.899433 0.322966
vt 0.894570 0.322966
vt 0.033817 0.801305
vt 0.033817 0.824646
vt 0.035921 0.801305
vt 0.035921 0.824646
vt 0.037531 0.801305
vt 0.037531 0.824646
vt 0.941699 0.322966
vt 0.936836 0.322966
vt 0.899433 0.325595
vt 0.894570 0.325595
vt 0.690642 0.801437
vt 0.690642 0.824778
vt 0.688538 0.824778
vt 0.688538 0.801437
vt 0.686262 0.824778
vt 0.686262 0.801437
vt 0.684158 0.824778
vt 0.684158 0.801437
vt 0.941699 0.325595
vt 0.936836 0.325595
vt 0.899433 0.327607
vt 0.894570 0.327607
vt 0.682548 0.824778
vt 0.682548 0.801437
vt 0.497733 0.804008
vt 0.497733 0.827349
vt 0.495630 0.827349
vt 0.495630 0.804008
vt 0.493353 0.827349
vt 0.493353 0.804008
vt 0.894570 0.315478
vt 0.899433 0.315478
vt 0.491249 0.827349
vt 0.491249 0.804008
vt 0.412351 0.826254
vt 0.412351 0.802913
vt 0.418835 0.826254
vt 0.418835 0.802913
vt 0.420445 0.802913
vt 0.420445 0.826254
vt 0.232470 0.946665
vt 0.237333 0.946665
vt 0.237333 0.949511
vt 0.232470 0.949511
vt 0.359839 0.946846
vt 0.364702 0.946846
vt 0.364702 0.949476
vt 0.359839 0.949476
vt 0.364702 0.952322
vt 0.359839 0.952322
vt 0.364702 0.954951
vt 0.359839 0.954951
vt 0.232470 0.944035
vt 0.237333 0.944035
vt 0.232470 0.952140
vt 0.237333 0.952140
vt 0.237333 0.954152
vt 0.232470 0.954152
vt 0.894226 0.320149
vt 0.894226 0.317573
vt 0.068234 0.820204
vt 0.065916 0.821752
vt 0.065783 0.821432
vt 0.067988 0.819959
vt 0.418752 0.826598
vt 0.416702 0.826598
vt 0.705742 0.242908
vt 0.705310 0.245084
vt 0.704989 0.244951
vt 0.705396 0.242908
vt 0.899777 0.325512
vt 0.899777 0.327484
vt 0.388782 0.820497
vt 0.386464 0.822046
vt 0.386332 0.821726
vt 0.388537 0.820252
vt 0.416702 0.802569
vt 0.418752 0.802569
vt 0.762751 0.620682
vt 0.764927 0.620250
vt 0.764927 0.620596
vt 0.762884 0.621003
vt 0.899777 0.317573
vt 0.899777 0.320149
vt 0.380996 0.822046
vt 0.378678 0.820497
vt 0.378923 0.820252
vt 0.381128 0.821726
vt 0.420321 0.826598
vt 0.704077 0.246929
vt 0.703832 0.246683
vt 0.420321 0.802569
vt 0.760906 0.621915
vt 0.761151 0.622160
vt 0.029520 0.824990
vt 0.027951 0.824990
vt 0.702232 0.248161
vt 0.702100 0.247841
vt 0.027951 0.800961
vt 0.029520 0.800961
vt 0.759674 0.623760
vt 0.759994 0.623892
vt 0.031570 0.824990
vt 0.700056 0.248594
vt 0.700056 0.248247
vt 0.237677 0.952057
vt 0.237677 0.954028
vt 0.058129 0.820204
vt 0.056580 0.817886
vt 0.056901 0.817753
vt 0.058374 0.819959
vt 0.031570 0.800961
vt 0.759241 0.625936
vt 0.759587 0.625936
vt 0.894226 0.322937
vt 0.063181 0.822296
vt 0.063181 0.821950
vt 0.033788 0.824990
vt 0.697880 0.248161
vt 0.698013 0.247841
vt 0.033788 0.800961
vt 0.759674 0.628112
vt 0.759994 0.627979
vt 0.035838 0.824990
vt 0.696035 0.246929
vt 0.696281 0.246683
vt 0.232127 0.954028
vt 0.232127 0.952057
vt 0.390331 0.818179
vt 0.390011 0.818047
vt 0.035838 0.800961
vt 0.760906 0.629956
vt 0.761151 0.629711
vt 0.899777 0.322937
vt 0.383730 0.822590
vt 0.383730 0.822243
vt 0.037407 0.824990
vt 0.694803 0.245084
vt 0.695123 0.244951
vt 0.037407 0.800961
vt 0.762751 0.631189
vt 0.762884 0.630869
vt 0.688509 0.801093
vt 0.690559 0.801093
vt 0.694370 0.242908
vt 0.694717 0.242908
vt 0.690559 0.825122
vt 0.688509 0.825122
vt 0.764927 0.631622
vt 0.764927 0.631275
vt 0.686291 0.801093
vt 0.694803 0.240732
vt 0.695123 0.240865
vt 0.686291 0.825122
vt 0.767103 0.631189
vt 0.766970 0.630869
vt 0.894226 0.325512
vt 0.060447 0.821752
vt 0.060580 0.821432
vt 0.684241 0.801093
vt 0.696035 0.238887
vt 0.696281 0.239132
vt 0.237677 0.949481
vt 0.056036 0.815151
vt 0.056383 0.815151
vt 0.684241 0.825122
vt 0.768948 0.629956
vt 0.768703 0.629711
vt 0.499343 0.804008
vt 0.497650 0.803664
vt 0.499219 0.803664
vt 0.697880 0.237655
vt 0.698013 0.237975
vt 0.499343 0.827349
vt 0.499219 0.827693
vt 0.497650 0.827693
vt 0.770180 0.628112
vt 0.769860 0.627979
vt 0.495601 0.803664
vt 0.700056 0.237222
vt 0.700056 0.237568
vt 0.495601 0.827693
vt 0.770613 0.625936
vt 0.770266 0.625936
vt 0.493382 0.803664
vt 0.702232 0.237655
vt 0.702100 0.237975
vt 0.232127 0.949481
vt 0.390875 0.815445
vt 0.390528 0.815445
vt 0.493382 0.827693
vt 0.770180 0.623760
vt 0.769860 0.623892
vt 0.491332 0.803664
vt 0.704077 0.238887
vt 0.703832 0.239132
vt 0.491332 0.827693
vt 0.768948 0.621915
vt 0.768703 0.622160
vt 0.894226 0.327484
vt 0.414483 0.826598
vt 0.412434 0.826598
vt 0.705310 0.240732
vt 0.704989 0.240865
vt 0.412434 0.802569
vt 0.414483 0.802569
vt 0.767103 0.620682
vt 0.766970 0.621003
vt 0.899777 0.315602
vt 0.377129 0.818179
vt 0.377449 0.818047
vt 0.894226 0.315602
vt 0.069782 0.817886
vt 0.069462 0.817753
vt 0.942043 0.322937
vt 0.942043 0.325512
vt 0.376585 0.815445
vt 0.376932 0.815445
vt 0.936492 0.325512
vt 0.936492 0.322937
vt 0.070326 0.815151
vt 0.069980 0.815151
vt 0.942043 0.320149
vt 0.377129 0.812711
vt 0.377449 0.812844
vt 0.936492 0.320149
vt 0.069782 0.812417
vt 0.069462 0.812550
vt 0.942043 0.317573
vt 0.378678 0.810393
vt 0.378923 0.810638
vt 0.936492 0.317573
vt 0.068234 0.810099
vt 0.067988 0.810344
vt 0.359839 0.944834
vt 0.359495 0.946929
vt 0.359495 0.944958
vt 0.380996 0.808844
vt 0.381128 0.809164
vt 0.364702 0.944834
vt 0.365046 0.944958
vt 0.365046 0.946929
vt 0.065916 0.808550
vt 0.065783 0.808871
vt 0.359495 0.949505
vt 0.383730 0.808300
vt 0.383730 0.808647
vt 0.365046 0.949505
vt 0.063181 0.808006
vt 0.063181 0.808353
vt 0.359495 0.952293
vt 0.386464 0.808844
vt 0.386332 0.809164
vt 0.365046 0.952293
vt 0.060447 0.808550
vt 0.060580 0.808871
vt 0.359495 0.954868
vt 0.388782 0.810393
vt 0.388537 0.810638
vt 0.365046 0.954868
vt 0.058129 0.810099
vt 0.058374 0.810344
vt 0.232127 0.946694
vt 0.232127 0.944118
vt 0.390331 0.812711
vt 0.390011 0.812844
vt 0.237677 0.944118
vt 0.237677 0.946694
vt 0.056580 0.812417
vt 0.056901 0.812550
s 1
usemtl Polymer_Black
f 1668/2616/1938 1671/2617/1939 1677/2618/1940 1674/2619/1941
f 1638/2620/1942 1641/2621/1943 1647/2622/1944 1644/2623/1945
f 1602/2624/1946 1605/2625/1947 1515/2626/1948 1512/2627/1949
f 1524/2628/1950 1527/2629/1951 1533/2630/1952 1530/2631/1953
f 1530/2631/1953 1533/2630/1952 1539/2632/1954 1536/2633/1955
f 1662/2634/1956 1665/2635/1957 1671/2617/1939 1668/2616/1938
f 1632/2636/1958 1635/2637/1959 1641/2621/1943 1638/2620/1942
f 1536/2633/1955 1539/2632/1954 1545/2638/1960 1542/2639/1961
f 1542/2639/1961 1545/2638/1960 1551/2640/1962 1548/2641/1963
f 1548/2641/1963 1551/2640/1962 1557/2642/1964 1554/2643/1965
f 1656/2644/1966 1659/2645/1967 1665/2635/1957 1662/2634/1956
f 1625/2646/1968 1629/2647/1969 1635/2637/1959 1632/2636/1958
f 1554/2648/1965 1557/2649/1964 1563/2650/1970 1560/2651/1971
f 1560/2651/1971 1563/2650/1970 1569/2652/1972 1566/2653/1973
f 1566/2653/1973 1569/2652/1972 1575/2654/1974 1572/2655/1975
f 1650/2656/1976 1653/2657/1977 1659/2645/1967 1656/2644/1966
f 1620/2658/1978 1623/2659/1979 1629/2647/1969 1625/2646/1968
f 1572/2655/1975 1575/2654/1974 1581/2660/1980 1578/2661/1981
f 1578/2662/1981 1581/2663/1980 1587/2664/1982 1584/2665/1983
f 1584/2665/1983 1587/2664/1982 1593/2666/1984 1590/2667/1985
f 1644/2623/1945 1647/2622/1944 1653/2668/1977 1650/2669/1976
f 1590/2667/1985 1593/2666/1984 1599/2670/1986 1596/2671/1987
f 1596/2672/1987 1599/2673/1986 1605/2625/1947 1602/2624/1946
f 1518/2674/1988 1521/2675/1989 1527/2676/1951 1524/2677/1950
f 1698/2678/1990 1701/2679/1991 1611/2680/1992 1608/2681/1993
f 1512/2627/1949 1515/2626/1948 1521/2675/1989 1518/2674/1988
f 1674/2682/1941 1677/2683/1940 1683/2684/1994 1680/2685/1995
f 1680/2685/1995 1683/2684/1994 1689/2686/1996 1686/2687/1997
f 1686/2687/1997 1689/2686/1996 1695/2688/1998 1692/2689/1999
f 1692/2690/1999 1695/2691/1998 1701/2679/1991 1698/2678/1990
f 1614/2692/2000 1617/2693/2001 1623/2694/1979 1620/2695/1978
f 1608/2681/1993 1611/2680/1992 1617/2693/2001 1614/2692/2000
f 1647/2622/1944 1641/2621/1943 1642/2696/2002 1648/2697/2003
f 1648/2698/2004 1642/2699/2005 1640/2700/2006 1646/2701/2007
f 1512/2627/1949 1518/2674/1988 1519/2702/2008 1513/2703/2009
f 1513/2704/2010 1519/2705/2011 1517/2706/2012 1511/2707/2013
f 1620/2658/1978 1625/2646/1968 1627/2708/2014 1621/2709/2015
f 1621/2710/2016 1627/2711/2017 1626/2712/2018 1619/2713/2019
f 1521/2675/1989 1515/2626/1948 1516/2714/2020 1522/2715/2021
f 1522/2716/2022 1516/2717/2023 1514/2718/2024 1520/2719/2025
f 1638/2620/1942 1644/2623/1945 1645/2720/2026 1639/2721/2027
f 1639/2722/2028 1645/2723/2029 1643/2724/2030 1637/2725/2031
f 1518/2674/1988 1524/2677/1950 1525/2726/2015 1519/2702/2008
f 1519/2705/2011 1525/2727/2016 1523/2728/2032 1517/2706/2012
f 1527/2676/1951 1521/2675/1989 1522/2715/2021 1528/2729/2033
f 1528/2730/2034 1522/2716/2022 1520/2719/2025 1526/2731/2035
f 1524/2628/1950 1530/2631/1953 1531/2732/2014 1525/2733/2015
f 1525/2727/2016 1531/2734/2017 1529/2735/2036 1523/2728/2032
f 1533/2630/1952 1527/2629/1951 1528/2736/2033 1534/2737/2037
f 1534/2738/2038 1528/2730/2034 1526/2731/2035 1532/2739/2039
f 1530/2631/1953 1536/2633/1955 1537/2740/2040 1531/2732/2014
f 1531/2734/2017 1537/2741/2041 1535/2742/2042 1529/2735/2036
f 1623/2694/1979 1617/2693/2001 1618/2743/2021 1624/2744/2033
f 1624/2745/2034 1618/2746/2022 1616/2747/2043 1622/2748/2044
f 1539/2632/1954 1533/2630/1952 1534/2737/2037 1540/2749/2045
f 1540/2750/2046 1534/2738/2038 1532/2739/2039 1538/2751/2047
f 1641/2621/1943 1635/2637/1959 1636/2752/2045 1642/2696/2002
f 1642/2699/2005 1636/2753/2046 1634/2754/2048 1640/2700/2006
f 1536/2633/1955 1542/2639/1961 1543/2755/2027 1537/2740/2040
f 1537/2741/2041 1543/2756/2028 1541/2757/2049 1535/2742/2042
f 1545/2638/1960 1539/2632/1954 1540/2749/2045 1546/2758/2002
f 1546/2759/2005 1540/2750/2046 1538/2751/2047 1544/2760/2050
f 1542/2639/1961 1548/2641/1963 1549/2761/2026 1543/2755/2027
f 1543/2756/2028 1549/2762/2029 1547/2763/2051 1541/2757/2049
f 1614/2692/2000 1620/2695/1978 1621/2764/2015 1615/2765/2008
f 1615/2766/2011 1621/2710/2016 1619/2713/2019 1613/2767/2052
f 1551/2640/1962 1545/2638/1960 1546/2758/2002 1552/2768/2003
f 1552/2769/2004 1546/2759/2005 1544/2760/2050 1550/2770/2053
f 1632/2636/1958 1638/2620/1942 1639/2721/2027 1633/2771/2040
f 1633/2772/2041 1639/2722/2028 1637/2725/2031 1631/2773/2054
f 1548/2641/1963 1554/2643/1965 1555/2774/2055 1549/2761/2026
f 1549/2762/2029 1555/2775/2056 1553/2776/2057 1547/2763/2051
f 1557/2642/1964 1551/2640/1962 1552/2768/2003 1558/2777/2058
f 1558/2778/2059 1552/2769/2004 1550/2770/2053 1556/2779/2060
f 1554/2648/1965 1560/2651/1971 1561/2780/2061 1555/2781/2055
f 1555/2775/2056 1561/2782/2062 1559/2783/2063 1553/2776/2057
f 1563/2650/1970 1557/2649/1964 1558/2784/2058 1564/2785/2064
f 1564/2786/2065 1558/2778/2059 1556/2779/2060 1562/2787/2066
f 1560/2651/1971 1566/2653/1973 1567/2788/2067 1561/2780/2061
f 1561/2782/2062 1567/2789/2068 1565/2790/2069 1559/2783/2063
f 1569/2652/1972 1563/2650/1970 1564/2785/2064 1570/2791/2070
f 1570/2792/2071 1564/2786/2065 1562/2787/2066 1568/2793/2072
f 1635/2637/1959 1629/2647/1969 1630/2794/2037 1636/2752/2045
f 1636/2753/2046 1630/2795/2038 1628/2796/2073 1634/2754/2048
f 1566/2653/1973 1572/2655/1975 1573/2797/2074 1567/2788/2067
f 1567/2789/2068 1573/2798/2075 1571/2799/2076 1565/2790/2069
f 1617/2693/2001 1611/2680/1992 1612/2800/2020 1618/2743/2021
f 1618/2746/2022 1612/2801/2023 1610/2802/2077 1616/2747/2043
f 1575/2654/1974 1569/2652/1972 1570/2791/2070 1576/2803/2078
f 1576/2804/2079 1570/2792/2071 1568/2793/2072 1574/2805/2080
f 1572/2806/1975 1578/2662/1981 1579/2807/2081 1573/2808/2074
f 1573/2798/2075 1579/2809/2082 1577/2810/2083 1571/2799/2076
f 1581/2663/1980 1575/2811/1974 1576/2812/2078 1582/2813/2084
f 1582/2814/2085 1576/2804/2079 1574/2805/2080 1580/2815/2086
f 1625/2646/1968 1632/2636/1958 1633/2771/2040 1627/2708/2014
f 1627/2711/2017 1633/2772/2041 1631/2773/2054 1626/2712/2018
f 1578/2662/1981 1584/2665/1983 1585/2816/2087 1579/2807/2081
f 1579/2809/2082 1585/2817/2088 1583/2818/2089 1577/2810/2083
f 1587/2664/1982 1581/2663/1980 1582/2813/2084 1588/2819/2090
f 1588/2820/2091 1582/2814/2085 1580/2815/2086 1586/2821/2092
f 1584/2665/1983 1590/2667/1985 1591/2822/2093 1585/2816/2087
f 1585/2817/2088 1591/2823/2094 1589/2824/2095 1583/2818/2089
f 1608/2681/1993 1614/2692/2000 1615/2765/2008 1609/2825/2009
f 1609/2826/2010 1615/2766/2011 1613/2767/2052 1607/2827/2096
f 1593/2666/1984 1587/2664/1982 1588/2819/2090 1594/2828/2097
f 1594/2829/2098 1588/2820/2091 1586/2821/2092 1592/2830/2099
f 1590/2667/1985 1596/2671/1987 1597/2831/2100 1591/2822/2093
f 1591/2823/2094 1597/2832/2101 1595/2833/2102 1589/2824/2095
f 1599/2670/1986 1593/2666/1984 1594/2828/2097 1600/2834/2103
f 1600/2835/2104 1594/2829/2098 1592/2830/2099 1598/2836/2105
f 1629/2647/1969 1623/2659/1979 1624/2837/2033 1630/2794/2037
f 1630/2795/2038 1624/2745/2034 1622/2748/2044 1628/2796/2073
f 1596/2672/1987 1602/2624/1946 1603/2838/2106 1597/2839/2100
f 1597/2832/2101 1603/2840/2107 1601/2841/2108 1595/2833/2102
f 1605/2625/1947 1599/2673/1986 1600/2842/2103 1606/2843/2109
f 1606/2844/2110 1600/2835/2104 1598/2836/2105 1604/2845/2111
f 1602/2624/1946 1512/2627/1949 1513/2703/2009 1603/2838/2106
f 1603/2840/2107 1513/2704/2010 1511/2707/2013 1601/2841/2108
f 1515/2626/1948 1605/2625/1947 1606/2843/2109 1516/2714/2020
f 1516/2717/2023 1606/2844/2110 1604/2845/2111 1514/2718/2024
f 1644/2623/1945 1650/2669/1976 1651/2846/2055 1645/2720/2026
f 1645/2723/2029 1651/2847/2056 1649/2848/2112 1643/2724/2030
f 1653/2668/1977 1647/2622/1944 1648/2697/2003 1654/2849/2058
f 1654/2850/2059 1648/2698/2004 1646/2701/2007 1652/2851/2113
f 1650/2656/1976 1656/2644/1966 1657/2852/2061 1651/2853/2055
f 1651/2847/2056 1657/2854/2062 1655/2855/2114 1649/2848/2112
f 1659/2645/1967 1653/2657/1977 1654/2856/2058 1660/2857/2064
f 1660/2858/2065 1654/2850/2059 1652/2851/2113 1658/2859/2115
f 1656/2644/1966 1662/2634/1956 1663/2860/2067 1657/2852/2061
f 1657/2854/2062 1663/2861/2068 1661/2862/2116 1655/2855/2114
f 1665/2635/1957 1659/2645/1967 1660/2857/2064 1666/2863/2070
f 1666/2864/2071 1660/2858/2065 1658/2859/2115 1664/2865/2117
f 1662/2634/1956 1668/2616/1938 1669/2866/2074 1663/2860/2067
f 1663/2861/2068 1669/2867/2075 1667/2868/2118 1661/2862/2116
f 1671/2617/1939 1665/2635/1957 1666/2863/2070 1672/2869/2078
f 1672/2870/2079 1666/2864/2071 1664/2865/2117 1670/2871/2119
f 1668/2872/1938 1674/2682/1941 1675/2873/2081 1669/2874/2074
f 1669/2867/2075 1675/2875/2082 1673/2876/2120 1667/2868/2118
f 1677/2683/1940 1671/2877/1939 1672/2878/2078 1678/2879/2084
f 1678/2880/2085 1672/2870/2079 1670/2871/2119 1676/2881/2121
f 1674/2682/1941 1680/2685/1995 1681/2882/2087 1675/2873/2081
f 1675/2875/2082 1681/2883/2088 1679/2884/2122 1673/2876/2120
f 1683/2684/1994 1677/2683/1940 1678/2879/2084 1684/2885/2090
f 1684/2886/2091 1678/2880/2085 1676/2881/2121 1682/2887/2123
f 1680/2685/1995 1686/2687/1997 1687/2888/2093 1681/2882/2087
f 1681/2883/2088 1687/2889/2094 1685/2890/2124 1679/2884/2122
f 1689/2686/1996 1683/2684/1994 1684/2885/2090 1690/2891/2097
f 1690/2892/2098 1684/2886/2091 1682/2887/2123 1688/2893/2125
f 1686/2687/1997 1692/2689/1999 1693/2894/2100 1687/2888/2093
f 1687/2889/2094 1693/2895/2101 1691/2896/2126 1685/2890/2124
f 1695/2688/1998 1689/2686/1996 1690/2891/2097 1696/2897/2103
f 1696/2898/2104 1690/2892/2098 1688/2893/2125 1694/2899/2127
f 1692/2690/1999 1698/2678/1990 1699/2900/2106 1693/2901/2100
f 1693/2895/2101 1699/2902/2107 1697/2903/2128 1691/2896/2126
f 1701/2679/1991 1695/2691/1998 1696/2904/2103 1702/2905/2109
f 1702/2906/2110 1696/2898/2104 1694/2899/2127 1700/2907/2129
f 1698/2678/1990 1608/2681/1993 1609/2825/2009 1699/2900/2106
f 1699/2902/2107 1609/2826/2010 1607/2827/2096 1697/2903/2128
f 1611/2680/1992 1701/2679/1991 1702/2905/2109 1612/2800/2020
f 1612/2801/2023 1702/2906/2110 1700/2907/2129 1610/2802/2077
f 1661/2862/2116 1667/2868/2118 1685/2890/2124
f 1667/2868/2118 1673/2876/2120 1685/2890/2124
f 1673/2876/2120 1679/2884/2122 1685/2890/2124
f 1685/2890/2124 1691/2896/2126 1613/2767/2052
f 1691/2896/2126 1697/2903/2128 1613/2767/2052
f 1697/2903/2128 1607/2827/2096 1613/2767/2052
f 1613/2767/2052 1619/2713/2019 1626/2712/2018
f 1626/2712/2018 1631/2773/2054 1637/2725/2031
f 1637/2725/2031 1643/2724/2030 1649/2848/2112
f 1649/2848/2112 1655/2855/2114 1637/2725/2031
f 1655/2855/2114 1661/2862/2116 1637/2725/2031
f 1613/2767/2052 1626/2712/2018 1637/2725/2031
f 1694/2899/2127 1670/2871/2119 1646/2701/2007 1622/2748/2044
f 1526/2731/2035 1520/2719/2025 1598/2836/2105
f 1520/2719/2025 1514/2718/2024 1598/2836/2105
f 1514/2718/2024 1604/2845/2111 1598/2836/2105
f 1598/2836/2105 1592/2830/2099 1574/2805/2080
f 1592/2830/2099 1586/2821/2092 1574/2805/2080
f 1586/2821/2092 1580/2815/2086 1574/2805/2080
f 1574/2805/2080 1568/2793/2072 1550/2770/2053
f 1568/2793/2072 1562/2787/2066 1550/2770/2053
f 1562/2787/2066 1556/2779/2060 1550/2770/2053
f 1550/2770/2053 1544/2760/2050 1538/2751/2047
f 1538/2751/2047 1532/2739/2039 1550/2770/2053
f 1532/2739/2039 1526/2731/2035 1550/2770/2053
f 1685/2890/2124 1613/2767/2052 1637/2725/2031 1661/2862/2116
f 1646/2701/2007 1640/2700/2006 1634/2754/2048
f 1634/2754/2048 1628/2796/2073 1646/2701/2007
f 1628/2796/2073 1622/2748/2044 1646/2701/2007
f 1622/2748/2044 1616/2747/2043 1694/2899/2127
f 1616/2747/2043 1610/2802/2077 1694/2899/2127
f 1610/2802/2077 1700/2907/2129 1694/2899/2127
f 1694/2899/2127 1688/2893/2125 1670/2871/2119
f 1688/2893/2125 1682/2887/2123 1670/2871/2119
f 1682/2887/2123 1676/2881/2121 1670/2871/2119
f 1670/2871/2119 1664/2865/2117 1658/2859/2115
f 1658/2859/2115 1652/2851/2113 1670/2871/2119
f 1652/2851/2113 1646/2701/2007 1670/2871/2119
f 1529/2735/2036 1553/2776/2057 1577/2810/2083 1601/2841/2108
f 1601/2841/2108 1511/2707/2013 1517/2706/2012
f 1517/2706/2012 1523/2728/2032 1529/2735/2036
f 1529/2735/2036 1535/2742/2042 1541/2757/2049
f 1541/2757/2049 1547/2763/2051 1553/2776/2057
f 1553/2776/2057 1559/2783/2063 1565/2790/2069
f 1565/2790/2069 1571/2799/2076 1577/2810/2083
f 1577/2810/2083 1583/2818/2089 1589/2824/2095
f 1589/2824/2095 1595/2833/2102 1601/2841/2108
f 1601/2841/2108 1517/2706/2012 1529/2735/2036
f 1529/2735/2036 1541/2757/2049 1553/2776/2057
f 1553/2776/2057 1565/2790/2069 1577/2810/2083
f 1577/2810/2083 1589/2824/2095 1601/2841/2108
f 1574/2805/2080 1550/2770/2053 1526/2731/2035 1598/2836/2105
o Handguard_Rail_Bottom_low
v 0.145000 0.019100 -0.010500
v 0.145000 0.016100 -0.010500
v 0.145000 0.019100 0.010500
v 0.145000 0.016100 0.010500
v 0.147500 0.016100 -0.010300
v 0.147500 0.013100 -0.010300
v 0.147500 0.016100 0.010300
v 0.147500 0.013100 0.010300
v 0.152500 0.016100 -0.010300
v 0.152500 0.013100 -0.010300
v 0.152500 0.016100 0.010300
v 0.152500 0.013100 0.010300
v 0.155000 0.019100 -0.010500
v 0.155000 0.016100 -0.010500
v 0.155000 0.019100 0.010500
v 0.155000 0.016100 0.010500
v 0.165000 0.019100 -0.010500
v 0.165000 0.016100 -0.010500
v 0.165000 0.019100 0.010500
v 0.165000 0.016100 0.010500
v 0.157500 0.016100 -0.010300
v 0.157500 0.013100 -0.010300
v 0.157500 0.016100 0.010300
v 0.157500 0.013100 0.010300
v 0.162500 0.016100 -0.010300
v 0.162500 0.013100 -0.010300
v 0.162500 0.016100 0.010300
v 0.162500 0.013100 0.010300
v 0.175000 0.016100 -0.010500
v 0.167500 0.016100 -0.010300
v 0.167500 0.013100 -0.010300
v 0.167500 0.016100 0.010300
v 0.167500 0.013100 0.010300
v 0.172500 0.016100 -0.010300
v 0.172500 0.013100 -0.010300
v 0.172500 0.016100 0.010300
v 0.172500 0.013100 0.010300
v 0.175000 0.019100 -0.010500
v 0.175000 0.019100 0.010500
v 0.175000 0.016100 0.010500
v 0.185000 0.019100 -0.010500
v 0.185000 0.016100 -0.010500
v 0.185000 0.019100 0.010500
v 0.185000 0.016100 0.010500
v 0.177500 0.016100 -0.010300
v 0.177500 0.013100 -0.010300
v 0.177500 0.016100 0.010300
v 0.177500 0.013100 0.010300
v 0.182500 0.016100 -0.010300
v 0.182500 0.013100 -0.010300
v 0.182500 0.016100 0.010300
v 0.182500 0.013100 0.010300
v 0.195000 0.019100 0.010500
v 0.187500 0.016100 -0.010300
v 0.187500 0.013100 -0.010300
v 0.187500 0.016100 0.010300
v 0.187500 0.013100 0.010300
v 0.192500 0.016100 -0.010300
v 0.192500 0.013100 -0.010300
v 0.192500 0.016100 0.010300
v 0.192500 0.013100 0.010300
v 0.195000 0.019100 -0.010500
v 0.195000 0.016100 -0.010500
v 0.195000 0.016100 0.010500
v 0.205000 0.016100 -0.010500
v 0.205000 0.019100 0.010500
v 0.197500 0.016100 -0.010300
v 0.197500 0.013100 -0.010300
v 0.197500 0.016100 0.010300
v 0.197500 0.013100 0.010300
v 0.202500 0.016100 -0.010300
v 0.202500 0.013100 -0.010300
v 0.202500 0.016100 0.010300
v 0.202500 0.013100 0.010300
v 0.205000 0.019100 -0.010500
v 0.205000 0.016100 0.010500
v 0.215000 0.019100 -0.010500
v 0.215000 0.016100 -0.010500
v 0.215000 0.016100 0.010500
v 0.207500 0.016100 -0.010300
v 0.207500 0.013100 -0.010300
v 0.207500 0.016100 0.010300
v 0.207500 0.013100 0.010300
v 0.212500 0.016100 -0.010300
v 0.212500 0.013100 -0.010300
v 0.212500 0.016100 0.010300
v 0.212500 0.013100 0.010300
v 0.215000 0.019100 0.010500
v 0.225000 0.019100 -0.010500
v 0.225000 0.019100 0.010500
v 0.225000 0.016100 0.010500
v 0.217500 0.016100 -0.010300
v 0.217500 0.013100 -0.010300
v 0.217500 0.016100 0.010300
v 0.217500 0.013100 0.010300
v 0.222500 0.016100 -0.010300
v 0.222500 0.013100 -0.010300
v 0.222500 0.016100 0.010300
v 0.222500 0.013100 0.010300
v 0.225000 0.016100 -0.010500
v 0.235000 0.016100 -0.010500
v 0.235000 0.019100 0.010500
v 0.235000 0.016100 0.010500
v 0.227500 0.016100 -0.010300
v 0.227500 0.013100 -0.010300
v 0.227500 0.016100 0.010300
v 0.227500 0.013100 0.010300
v 0.232500 0.016100 -0.010300
v 0.232500 0.013100 -0.010300
v 0.232500 0.016100 0.010300
v 0.232500 0.013100 0.010300
v 0.235000 0.019100 -0.010500
v 0.245000 0.019100 -0.010500
v 0.245000 0.019100 0.010500
v 0.237500 0.016100 -0.010300
v 0.237500 0.013100 -0.010300
v 0.237500 0.016100 0.010300
v 0.237500 0.013100 0.010300
v 0.242500 0.016100 -0.010300
v 0.242500 0.013100 -0.010300
v 0.242500 0.016100 0.010300
v 0.242500 0.013100 0.010300
v 0.245000 0.016100 -0.010500
v 0.245000 0.016100 0.010500
v 0.255000 0.016100 -0.010500
v 0.255000 0.019100 0.010500
v 0.255000 0.016100 0.010500
v 0.247500 0.016100 -0.010300
v 0.247500 0.013100 -0.010300
v 0.247500 0.016100 0.010300
v 0.247500 0.013100 0.010300
v 0.252500 0.016100 -0.010300
v 0.252500 0.013100 -0.010300
v 0.252500 0.016100 0.010300
v 0.252500 0.013100 0.010300
v 0.255000 0.019100 -0.010500
v 0.265000 0.016100 -0.010500
v 0.257500 0.016100 -0.010300
v 0.257500 0.013100 -0.010300
v 0.257500 0.016100 0.010300
v 0.257500 0.013100 0.010300
v 0.262500 0.016100 -0.010300
v 0.262500 0.013100 -0.010300
v 0.262500 0.016100 0.010300
v 0.262500 0.013100 0.010300
v 0.265000 0.019100 -0.010500
v 0.265000 0.019100 0.010500
v 0.265000 0.016100 0.010500
v 0.275000 0.019100 -0.010500
v 0.275000 0.016100 -0.010500
v 0.275000 0.019100 0.010500
v 0.275000 0.016100 0.010500
v 0.267500 0.016100 -0.010300
v 0.267500 0.013100 -0.010300
v 0.267500 0.016100 0.010300
v 0.267500 0.013100 0.010300
v 0.272500 0.016100 -0.010300
v 0.272500 0.013100 -0.010300
v 0.272500 0.016100 0.010300
v 0.272500 0.013100 0.010300
v 0.285000 0.019100 -0.010500
v 0.285000 0.016100 0.010500
v 0.277500 0.016100 -0.010300
v 0.277500 0.013100 -0.010300
v 0.277500 0.016100 0.010300
v 0.277500 0.013100 0.010300
v 0.282500 0.016100 -0.010300
v 0.282500 0.013100 -0.010300
v 0.282500 0.016100 0.010300
v 0.282500 0.013100 0.010300
v 0.285000 0.016100 -0.010500
v 0.285000 0.019100 0.010500
v 0.295000 0.019100 -0.010500
v 0.295000 0.016100 -0.010500
v 0.287500 0.016100 -0.010300
v 0.287500 0.013100 -0.010300
v 0.287500 0.016100 0.010300
v 0.287500 0.013100 0.010300
v 0.292500 0.016100 -0.010300
v 0.292500 0.013100 -0.010300
v 0.292500 0.016100 0.010300
v 0.292500 0.013100 0.010300
v 0.295000 0.019100 0.010500
v 0.295000 0.016100 0.010500
v 0.305000 0.019100 -0.010500
v 0.305000 0.019100 0.010500
v 0.297500 0.016100 -0.010300
v 0.297500 0.013100 -0.010300
v 0.297500 0.016100 0.010300
v 0.297500 0.013100 0.010300
v 0.302500 0.016100 -0.010300
v 0.302500 0.013100 -0.010300
v 0.302500 0.016100 0.010300
v 0.302500 0.013100 0.010300
v 0.305000 0.016100 -0.010500
v 0.305000 0.016100 0.010500
v 0.315000 0.016100 -0.010500
v 0.315000 0.016100 0.010500
v 0.307500 0.016100 -0.010300
v 0.307500 0.013100 -0.010300
v 0.307500 0.016100 0.010300
v 0.307500 0.013100 0.010300
v 0.312500 0.016100 -0.010300
v 0.312500 0.013100 -0.010300
v 0.312500 0.016100 0.010300
v 0.312500 0.013100 0.010300
v 0.315000 0.019100 -0.010500
v 0.315000 0.019100 0.010500
v 0.325000 0.019100 -0.010500
v 0.325000 0.016100 -0.010500
v 0.325000 0.016100 0.010500
v 0.317500 0.016100 -0.010300
v 0.317500 0.013100 -0.010300
v 0.317500 0.016100 0.010300
v 0.317500 0.013100 0.010300
v 0.322500 0.016100 -0.010300
v 0.322500 0.013100 -0.010300
v 0.322500 0.016100 0.010300
v 0.322500 0.013100 0.010300
v 0.325000 0.019100 0.010500
v 0.335000 0.019100 -0.010500
v 0.335000 0.019100 0.010500
v 0.327500 0.016100 -0.010300
v 0.327500 0.013100 -0.010300
v 0.327500 0.016100 0.010300
v 0.327500 0.013100 0.010300
v 0.332500 0.016100 -0.010300
v 0.332500 0.013100 -0.010300
v 0.332500 0.016100 0.010300
v 0.332500 0.013100 0.010300
v 0.335000 0.016100 -0.010500
v 0.335000 0.016100 0.010500
v 0.337500 0.016100 -0.010300
v 0.337500 0.013100 -0.010300
v 0.337500 0.016100 0.010300
v 0.337500 0.013100 0.010300
v 0.342500 0.016100 -0.010300
v 0.342500 0.013100 -0.010300
v 0.342500 0.016100 0.010300
v 0.342500 0.013100 0.010300
v 0.345000 0.019100 -0.010500
v 0.345000 0.016100 -0.010500
v 0.345000 0.019100 0.010500
v 0.345000 0.016100 0.010500
v 0.355000 0.019100 -0.010500
v 0.355000 0.016100 -0.010500
v 0.355000 0.019100 0.010500
v 0.355000 0.016100 0.010500
v 0.347500 0.016100 -0.010300
v 0.347500 0.013100 -0.010300
v 0.347500 0.016100 0.010300
v 0.347500 0.013100 0.010300
v 0.352500 0.016100 -0.010300
v 0.352500 0.013100 -0.010300
v 0.352500 0.016100 0.010300
v 0.352500 0.013100 0.010300
vn -1.0000 -0.0000 -0.0000
vn -0.0000 -0.0000 1.0000
vn -0.0000 -0.0000 -1.0000
vn -0.0000 1.0000 -0.0000
vn -0.0000 -1.0000 -0.0000
vn 1.0000 -0.0000 -0.0000
vt 0.362413 0.907511
vt 0.359495 0.907511
vt 0.359495 0.887088
vt 0.362413 0.887088
vt 0.717697 0.421436
vt 0.714779 0.421436
vt 0.714779 0.411710
vt 0.717697 0.411710
vt 0.719404 0.459256
vt 0.716486 0.459256
vt 0.716486 0.449531
vt 0.719404 0.449531
vt 0.585150 0.004322
vt 0.585150 0.014048
vt 0.564726 0.014048
vt 0.564726 0.004322
vt 0.585150 0.431161
vt 0.585150 0.440887
vt 0.564727 0.440887
vt 0.564727 0.431161
vt 0.147964 0.927305
vt 0.145047 0.927305
vt 0.145047 0.907270
vt 0.147964 0.907270
vt 0.973508 0.457703
vt 0.970591 0.457703
vt 0.970591 0.452841
vt 0.973508 0.452841
vt 0.927737 0.116841
vt 0.924819 0.116841
vt 0.924819 0.096806
vt 0.927737 0.096806
vt 0.973508 0.471210
vt 0.970591 0.471210
vt 0.970591 0.466348
vt 0.973508 0.466348
vt 0.458749 0.868606
vt 0.453886 0.868606
vt 0.453886 0.848571
vt 0.458749 0.848571
vt 0.853691 0.868698
vt 0.848828 0.868698
vt 0.848828 0.848663
vt 0.853691 0.848663
vt 0.714779 0.401985
vt 0.717697 0.401985
vt 0.719404 0.468982
vt 0.716486 0.468982
vt 0.585150 0.023773
vt 0.564726 0.023773
vt 0.585150 0.421436
vt 0.564727 0.421436
vt 0.928158 0.274128
vt 0.925241 0.274128
vt 0.925241 0.254094
vt 0.928158 0.254094
vt 0.971986 0.044312
vt 0.969068 0.044312
vt 0.969068 0.039449
vt 0.971986 0.039449
vt 0.928223 0.357371
vt 0.925305 0.357371
vt 0.925305 0.337337
vt 0.928223 0.337337
vt 0.971986 0.057818
vt 0.969068 0.057818
vt 0.969068 0.052956
vt 0.971986 0.052956
vt 0.270537 0.864640
vt 0.265674 0.864640
vt 0.265674 0.844606
vt 0.270537 0.844606
vt 0.864801 0.516043
vt 0.859939 0.516043
vt 0.859939 0.496009
vt 0.864801 0.496009
vt 0.714779 0.392259
vt 0.717697 0.392259
vt 0.719404 0.478707
vt 0.716486 0.478707
vt 0.585150 0.033498
vt 0.564726 0.033498
vt 0.585150 0.411710
vt 0.564727 0.411710
vt 0.928249 0.554174
vt 0.925331 0.554174
vt 0.925331 0.534140
vt 0.928249 0.534140
vt 0.494167 0.972339
vt 0.491249 0.972339
vt 0.491249 0.967476
vt 0.494167 0.967476
vt 0.928273 0.474237
vt 0.925355 0.474237
vt 0.925355 0.454202
vt 0.928273 0.454202
vt 0.972546 0.132266
vt 0.969628 0.132266
vt 0.969628 0.127403
vt 0.972546 0.127403
vt 0.538139 0.864970
vt 0.533276 0.864970
vt 0.533276 0.844935
vt 0.538139 0.844935
vt 0.551646 0.864970
vt 0.546783 0.864970
vt 0.546783 0.844935
vt 0.551646 0.844935
vt 0.714779 0.382534
vt 0.717697 0.382534
vt 0.719404 0.488433
vt 0.716486 0.488433
vt 0.585150 0.043224
vt 0.564726 0.043224
vt 0.585150 0.401985
vt 0.564727 0.401985
vt 0.743207 0.928328
vt 0.740289 0.928328
vt 0.740289 0.908294
vt 0.743207 0.908294
vt 0.100442 0.974937
vt 0.097525 0.974937
vt 0.097525 0.970075
vt 0.100442 0.970075
vt 0.928446 0.516043
vt 0.925528 0.516043
vt 0.925528 0.496009
vt 0.928446 0.496009
vt 0.288064 0.975001
vt 0.285146 0.975001
vt 0.285146 0.970139
vt 0.288064 0.970139
vt 0.875567 0.024357
vt 0.870704 0.024357
vt 0.870704 0.004322
vt 0.875567 0.004322
vt 0.876103 0.651069
vt 0.871241 0.651069
vt 0.871241 0.631034
vt 0.876103 0.631034
vt 0.714779 0.372809
vt 0.717697 0.372809
vt 0.719404 0.498158
vt 0.716486 0.498158
vt 0.585150 0.052949
vt 0.564726 0.052949
vt 0.585150 0.392260
vt 0.564727 0.392260
vt 0.928638 0.809386
vt 0.925721 0.809386
vt 0.925721 0.789351
vt 0.928638 0.789351
vt 0.304033 0.975042
vt 0.301115 0.975042
vt 0.301115 0.970179
vt 0.304033 0.970179
vt 0.928897 0.839630
vt 0.925979 0.839630
vt 0.925979 0.819596
vt 0.928897 0.819596
vt 0.975144 0.972800
vt 0.972227 0.972800
vt 0.972227 0.967937
vt 0.975144 0.967937
vt 0.876142 0.162957
vt 0.871280 0.162957
vt 0.871280 0.142922
vt 0.876142 0.142922
vt 0.876612 0.059483
vt 0.871750 0.059483
vt 0.871750 0.039449
vt 0.876612 0.039449
vt 0.714779 0.363083
vt 0.717697 0.363083
vt 0.719404 0.507884
vt 0.716486 0.507884
vt 0.585150 0.062675
vt 0.564726 0.062675
vt 0.585150 0.382534
vt 0.564727 0.382534
vt 0.928897 0.868309
vt 0.925979 0.868309
vt 0.925979 0.848274
vt 0.928897 0.848274
vt 0.325036 0.975233
vt 0.322118 0.975233
vt 0.322118 0.970370
vt 0.325036 0.970370
vt 0.928897 0.897765
vt 0.925979 0.897765
vt 0.925979 0.877731
vt 0.928897 0.877731
vt 0.174927 0.975587
vt 0.172010 0.975587
vt 0.172010 0.970724
vt 0.174927 0.970724
vt 0.876612 0.088162
vt 0.871750 0.088162
vt 0.871750 0.068127
vt 0.876612 0.068127
vt 0.223529 0.877517
vt 0.218666 0.877517
vt 0.218666 0.857482
vt 0.223529 0.857482
vt 0.714779 0.353358
vt 0.717697 0.353358
vt 0.719404 0.517609
vt 0.716486 0.517609
vt 0.585150 0.072400
vt 0.564726 0.072400
vt 0.585150 0.372809
vt 0.564727 0.372809
vt 0.928897 0.926444
vt 0.925979 0.926444
vt 0.925979 0.906410
vt 0.928897 0.906410
vt 0.163365 0.975587
vt 0.160448 0.975587
vt 0.160448 0.970724
vt 0.163365 0.970724
vt 0.120320 0.930175
vt 0.117402 0.930175
vt 0.117402 0.910141
vt 0.120320 0.910141
vt 0.472659 0.976788
vt 0.469742 0.976788
vt 0.469742 0.971926
vt 0.472659 0.971926
vt 0.877599 0.116841
vt 0.872737 0.116841
vt 0.872737 0.096806
vt 0.877599 0.096806
vt 0.246606 0.878034
vt 0.241743 0.878034
vt 0.241743 0.857999
vt 0.246606 0.857999
vt 0.714779 0.343632
vt 0.717697 0.343632
vt 0.719404 0.527335
vt 0.716486 0.527335
vt 0.585150 0.082126
vt 0.564726 0.082126
vt 0.585150 0.363083
vt 0.564727 0.363083
vt 0.085964 0.930570
vt 0.083046 0.930570
vt 0.083046 0.910535
vt 0.085964 0.910535
vt 0.968192 0.598311
vt 0.965274 0.598311
vt 0.965274 0.593448
vt 0.968192 0.593448
vt 0.161420 0.932040
vt 0.158503 0.932040
vt 0.158503 0.912005
vt 0.161420 0.912005
vt 0.968192 0.568253
vt 0.965274 0.568253
vt 0.965274 0.563390
vt 0.968192 0.563390
vt 0.381448 0.851269
vt 0.376585 0.851269
vt 0.376585 0.831234
vt 0.381448 0.831234
vt 0.851294 0.516043
vt 0.846432 0.516043
vt 0.846432 0.496009
vt 0.851294 0.496009
vt 0.714779 0.333907
vt 0.717697 0.333907
vt 0.719404 0.537060
vt 0.716486 0.537060
vt 0.585150 0.091851
vt 0.564726 0.091851
vt 0.585150 0.353358
vt 0.564727 0.353358
vt 0.174927 0.932040
vt 0.172010 0.932040
vt 0.172010 0.912005
vt 0.174927 0.912005
vt 0.968192 0.611817
vt 0.965274 0.611817
vt 0.965274 0.606955
vt 0.968192 0.606955
vt 0.932117 0.304168
vt 0.929199 0.304168
vt 0.929199 0.284134
vt 0.932117 0.284134
vt 0.968192 0.584804
vt 0.965274 0.584804
vt 0.965274 0.579941
vt 0.968192 0.579941
vt 0.851487 0.809386
vt 0.846624 0.809386
vt 0.846624 0.789351
vt 0.851487 0.789351
vt 0.852727 0.358044
vt 0.847865 0.358044
vt 0.847865 0.338009
vt 0.852727 0.338009
vt 0.714779 0.324181
vt 0.717697 0.324181
vt 0.719404 0.546786
vt 0.716486 0.546786
vt 0.585150 0.101577
vt 0.564726 0.101577
vt 0.585150 0.343632
vt 0.564727 0.343632
vt 0.932280 0.386722
vt 0.929362 0.386722
vt 0.929362 0.366688
vt 0.932280 0.366688
vt 0.874869 0.968240
vt 0.871951 0.968240
vt 0.871951 0.963378
vt 0.874869 0.963378
vt 0.932354 0.195287
vt 0.929437 0.195287
vt 0.929437 0.175252
vt 0.932354 0.175252
vt 0.851745 0.968241
vt 0.848828 0.968241
vt 0.848828 0.963378
vt 0.851745 0.963378
vt 0.205792 0.852795
vt 0.200929 0.852795
vt 0.200929 0.832760
vt 0.205792 0.832760
vt 0.852952 0.275490
vt 0.848089 0.275490
vt 0.848089 0.255455
vt 0.852952 0.255455
vt 0.714779 0.314456
vt 0.717697 0.314456
vt 0.719404 0.556511
vt 0.716486 0.556511
vt 0.585150 0.111302
vt 0.564726 0.111302
vt 0.585150 0.333907
vt 0.564727 0.333907
vt 0.932540 0.417060
vt 0.929622 0.417060
vt 0.929622 0.397025
vt 0.932540 0.397025
vt 0.886431 0.968240
vt 0.883513 0.968240
vt 0.883513 0.963378
vt 0.886431 0.963378
vt 0.934444 0.583425
vt 0.931526 0.583425
vt 0.931526 0.563390
vt 0.934444 0.563390
vt 0.863307 0.968240
vt 0.860390 0.968240
vt 0.860390 0.963378
vt 0.863307 0.963378
vt 0.853042 0.554174
vt 0.848180 0.554174
vt 0.848180 0.534140
vt 0.853042 0.534140
vt 0.853066 0.474237
vt 0.848203 0.474237
vt 0.848203 0.454202
vt 0.853066 0.454202
vt 0.714779 0.304730
vt 0.717697 0.304730
vt 0.719404 0.566237
vt 0.716486 0.566237
vt 0.585150 0.121028
vt 0.564726 0.121028
vt 0.585150 0.324181
vt 0.564727 0.324181
vt 0.934444 0.612104
vt 0.931526 0.612104
vt 0.931526 0.592069
vt 0.934444 0.592069
vt 0.030745 0.968262
vt 0.027827 0.968262
vt 0.027827 0.963400
vt 0.030745 0.963400
vt 0.221584 0.934874
vt 0.218666 0.934874
vt 0.218666 0.914840
vt 0.221584 0.914840
vt 0.698973 0.968312
vt 0.696055 0.968312
vt 0.696055 0.963450
vt 0.698973 0.963450
vt 0.009185 0.853155
vt 0.004322 0.853155
vt 0.004322 0.833120
vt 0.009185 0.833120
vt 0.032690 0.853669
vt 0.027827 0.853669
vt 0.027827 0.833634
vt 0.032690 0.833634
vt 0.714779 0.295005
vt 0.717697 0.295005
vt 0.719404 0.575962
vt 0.716486 0.575962
vt 0.585150 0.130753
vt 0.564726 0.130753
vt 0.585150 0.314456
vt 0.564727 0.314456
vt 0.935111 0.232605
vt 0.932193 0.232605
vt 0.932193 0.212570
vt 0.935111 0.212570
vt 0.686438 0.968312
vt 0.683521 0.968312
vt 0.683521 0.963449
vt 0.686438 0.963449
vt 0.246606 0.935391
vt 0.243688 0.935391
vt 0.243688 0.915356
vt 0.246606 0.915356
vt 0.191977 0.968378
vt 0.189060 0.968378
vt 0.189060 0.963515
vt 0.191977 0.963515
vt 0.853690 0.840019
vt 0.848828 0.840019
vt 0.848828 0.819984
vt 0.853690 0.819984
vt 0.191977 0.853784
vt 0.187115 0.853784
vt 0.187115 0.833750
vt 0.191977 0.833750
vt 0.714779 0.285279
vt 0.717697 0.285279
vt 0.719404 0.585688
vt 0.716486 0.585688
vt 0.585150 0.140479
vt 0.564726 0.140479
vt 0.585150 0.304730
vt 0.564727 0.304730
vt 0.235044 0.935391
vt 0.232127 0.935391
vt 0.232127 0.915356
vt 0.235044 0.915356
vt 0.053487 0.993217
vt 0.050569 0.993217
vt 0.050569 0.988355
vt 0.053487 0.988355
vt 0.935588 0.766403
vt 0.932671 0.766403
vt 0.932671 0.746368
vt 0.935588 0.746368
vt 0.481275 0.993217
vt 0.478358 0.993217
vt 0.478358 0.988355
vt 0.481275 0.988355
vt 0.270537 0.893319
vt 0.265674 0.893319
vt 0.265674 0.873284
vt 0.270537 0.873284
vt 0.893473 0.275490
vt 0.888610 0.275490
vt 0.888610 0.255455
vt 0.893473 0.255455
vt 0.714779 0.275554
vt 0.717697 0.275554
vt 0.719404 0.595413
vt 0.716486 0.595413
vt 0.585150 0.150204
vt 0.564726 0.150204
vt 0.585150 0.295005
vt 0.564727 0.295005
vt 0.362413 0.936190
vt 0.359495 0.936190
vt 0.359495 0.916155
vt 0.362413 0.916155
vt 0.492837 0.993217
vt 0.489919 0.993217
vt 0.489919 0.988355
vt 0.492837 0.988355
vt 0.936292 0.698473
vt 0.933374 0.698473
vt 0.933374 0.678438
vt 0.936292 0.678438
vt 0.504399 0.993217
vt 0.501481 0.993217
vt 0.501481 0.988355
vt 0.504399 0.988355
vt 0.893563 0.554174
vt 0.888700 0.554174
vt 0.888700 0.534140
vt 0.893563 0.534140
vt 0.893587 0.474237
vt 0.888724 0.474237
vt 0.888724 0.454202
vt 0.893587 0.454202
vt 0.714779 0.265828
vt 0.717697 0.265828
vt 0.719404 0.605138
vt 0.716486 0.605138
vt 0.585150 0.159930
vt 0.564726 0.159930
vt 0.585150 0.285279
vt 0.564727 0.285279
vt 0.936292 0.727151
vt 0.933374 0.727151
vt 0.933374 0.707117
vt 0.936292 0.707117
vt 0.515961 0.993217
vt 0.513043 0.993217
vt 0.513043 0.988355
vt 0.515961 0.988355
vt 0.937266 0.024357
vt 0.934349 0.024357
vt 0.934349 0.004322
vt 0.937266 0.004322
vt 0.065049 0.993217
vt 0.062131 0.993217
vt 0.062131 0.988355
vt 0.065049 0.988355
vt 0.551646 0.893649
vt 0.546783 0.893649
vt 0.546783 0.873614
vt 0.551646 0.873614
vt 0.538139 0.893649
vt 0.533276 0.893649
vt 0.533276 0.873614
vt 0.538139 0.873614
vt 0.714779 0.256103
vt 0.717697 0.256103
vt 0.719404 0.614864
vt 0.716486 0.614864
vt 0.585150 0.169655
vt 0.564726 0.169655
vt 0.585150 0.275554
vt 0.564727 0.275554
vt 0.381448 0.937305
vt 0.378530 0.937305
vt 0.378530 0.917270
vt 0.381448 0.917270
vt 0.527523 0.993217
vt 0.524605 0.993217
vt 0.524605 0.988355
vt 0.527523 0.988355
vt 0.070326 0.937400
vt 0.067409 0.937400
vt 0.067409 0.917366
vt 0.070326 0.917366
vt 0.539084 0.993217
vt 0.536167 0.993217
vt 0.536167 0.988355
vt 0.539084 0.988355
vt 0.894211 0.840019
vt 0.889349 0.840019
vt 0.889349 0.819984
vt 0.894211 0.819984
vt 0.894211 0.868698
vt 0.889349 0.868698
vt 0.889349 0.848663
vt 0.894211 0.848663
vt 0.714779 0.246377
vt 0.717697 0.246377
vt 0.719404 0.624589
vt 0.716486 0.624589
vt 0.585150 0.179380
vt 0.564726 0.179380
vt 0.585150 0.265828
vt 0.564727 0.265828
vt 0.058764 0.937400
vt 0.055847 0.937400
vt 0.055847 0.917366
vt 0.058764 0.917366
vt 0.550646 0.993217
vt 0.547729 0.993217
vt 0.547729 0.988355
vt 0.550646 0.988355
vt 0.045257 0.937400
vt 0.042340 0.937400
vt 0.042340 0.917366
vt 0.045257 0.917366
vt 0.562208 0.993217
vt 0.559290 0.993217
vt 0.559290 0.988355
vt 0.562208 0.988355
vt 0.773631 0.894389
vt 0.768768 0.894389
vt 0.768768 0.874355
vt 0.773631 0.874355
vt 0.402209 0.894606
vt 0.397346 0.894606
vt 0.397346 0.874571
vt 0.402209 0.874571
vt 0.714779 0.236652
vt 0.717697 0.236652
vt 0.719404 0.634315
vt 0.716486 0.634315
vt 0.585150 0.189106
vt 0.564726 0.189106
vt 0.585150 0.256103
vt 0.564727 0.256103
vt 0.564061 0.937501
vt 0.561144 0.937501
vt 0.561144 0.917467
vt 0.564061 0.917467
vt 0.573770 0.993217
vt 0.570852 0.993217
vt 0.570852 0.988355
vt 0.573770 0.988355
vt 0.937803 0.651069
vt 0.934885 0.651069
vt 0.934885 0.631034
vt 0.937803 0.631034
vt 0.585332 0.993217
vt 0.582414 0.993217
vt 0.582414 0.988355
vt 0.585332 0.988355
vt 0.442780 0.895339
vt 0.437917 0.895339
vt 0.437917 0.875305
vt 0.442780 0.875305
vt 0.837551 0.896508
vt 0.832688 0.896508
vt 0.832688 0.876473
vt 0.837551 0.876473
vt 0.714779 0.226927
vt 0.717697 0.226927
vt 0.719404 0.644040
vt 0.716486 0.644040
vt 0.585150 0.198831
vt 0.564726 0.198831
vt 0.585150 0.246378
vt 0.564727 0.246378
vt 0.937842 0.162957
vt 0.934924 0.162957
vt 0.934924 0.142922
vt 0.937842 0.142922
vt 0.596894 0.993217
vt 0.593976 0.993217
vt 0.593976 0.988355
vt 0.596894 0.988355
vt 0.938312 0.059483
vt 0.935394 0.059483
vt 0.935394 0.039449
vt 0.938312 0.039449
vt 0.608455 0.993217
vt 0.605538 0.993217
vt 0.605538 0.988355
vt 0.608455 0.988355
vt 0.821354 0.896565
vt 0.816491 0.896565
vt 0.816491 0.876530
vt 0.821354 0.876530
vt 0.756714 0.896805
vt 0.751851 0.896805
vt 0.751851 0.876770
vt 0.756714 0.876770
vt 0.714779 0.217201
vt 0.717697 0.217201
vt 0.070326 0.908721
vt 0.067409 0.908721
vt 0.067409 0.888298
vt 0.070326 0.888298
vt 0.719404 0.653766
vt 0.716486 0.653766
vt 0.585150 0.208557
vt 0.564726 0.208557
vt 0.585150 0.236652
vt 0.564727 0.236652
vt 0.938312 0.088162
vt 0.935394 0.088162
vt 0.935394 0.068127
vt 0.938312 0.068127
vt 0.620017 0.993217
vt 0.617100 0.993217
vt 0.617100 0.988355
vt 0.620017 0.988355
vt 0.205792 0.938831
vt 0.202874 0.938831
vt 0.202874 0.918796
vt 0.205792 0.918796
vt 0.631579 0.993217
vt 0.628661 0.993217
vt 0.628661 0.988355
vt 0.631579 0.988355
vt 0.458749 0.897284
vt 0.453886 0.897284
vt 0.453886 0.877250
vt 0.458749 0.877250
vt 0.853691 0.897376
vt 0.848828 0.897376
vt 0.848828 0.877342
vt 0.853691 0.877342
s 1
usemtl M416_Final_Metal
f 1703/2908/2130 1704/2909/2130 1706/2910/2130 1705/2911/2130
f 1705/2912/2131 1706/2913/2131 1718/2914/2131 1717/2915/2131
f 1715/2916/2132 1716/2917/2132 1704/2918/2132 1703/2919/2132
f 1705/2920/2133 1717/2921/2133 1715/2922/2133 1703/2923/2133
f 1718/2924/2134 1706/2925/2134 1704/2926/2134 1716/2927/2134
f 1707/2928/2130 1708/2929/2130 1710/2930/2130 1709/2931/2130
f 1709/2932/2131 1710/2933/2131 1714/2934/2131 1713/2935/2131
f 1713/2936/2135 1714/2937/2135 1712/2938/2135 1711/2939/2135
f 1711/2940/2132 1712/2941/2132 1708/2942/2132 1707/2943/2132
f 1709/2944/2133 1713/2945/2133 1711/2946/2133 1707/2947/2133
f 1714/2948/2134 1710/2949/2134 1708/2950/2134 1712/2951/2134
f 1717/2915/2131 1718/2914/2131 1722/2952/2131 1721/2953/2131
f 1719/2954/2132 1720/2955/2132 1716/2917/2132 1715/2916/2132
f 1717/2921/2133 1721/2956/2133 1719/2957/2133 1715/2922/2133
f 1722/2958/2134 1718/2924/2134 1716/2927/2134 1720/2959/2134
f 1723/2960/2130 1724/2961/2130 1726/2962/2130 1725/2963/2130
f 1725/2964/2131 1726/2965/2131 1730/2966/2131 1729/2967/2131
f 1729/2968/2135 1730/2969/2135 1728/2970/2135 1727/2971/2135
f 1727/2972/2132 1728/2973/2132 1724/2974/2132 1723/2975/2132
f 1725/2976/2133 1729/2977/2133 1727/2978/2133 1723/2979/2133
f 1730/2980/2134 1726/2981/2134 1724/2982/2134 1728/2983/2134
f 1721/2953/2131 1722/2952/2131 1742/2984/2131 1741/2985/2131
f 1740/2986/2132 1731/2987/2132 1720/2955/2132 1719/2954/2132
f 1721/2956/2133 1741/2988/2133 1740/2989/2133 1719/2957/2133
f 1742/2990/2134 1722/2958/2134 1720/2959/2134 1731/2991/2134
f 1732/2992/2130 1733/2993/2130 1735/2994/2130 1734/2995/2130
f 1734/2996/2131 1735/2997/2131 1739/2998/2131 1738/2999/2131
f 1738/3000/2135 1739/3001/2135 1737/3002/2135 1736/3003/2135
f 1736/3004/2132 1737/3005/2132 1733/3006/2132 1732/3007/2132
f 1734/3008/2133 1738/3009/2133 1736/3010/2133 1732/3011/2133
f 1739/3012/2134 1735/3013/2134 1733/3014/2134 1737/3015/2134
f 1741/2985/2131 1742/2984/2131 1746/3016/2131 1745/3017/2131
f 1743/3018/2132 1744/3019/2132 1731/2987/2132 1740/2986/2132
f 1741/2988/2133 1745/3020/2133 1743/3021/2133 1740/2989/2133
f 1746/3022/2134 1742/2990/2134 1731/2991/2134 1744/3023/2134
f 1747/3024/2130 1748/3025/2130 1750/3026/2130 1749/3027/2130
f 1749/3028/2131 1750/3029/2131 1754/3030/2131 1753/3031/2131
f 1753/3032/2135 1754/3033/2135 1752/3034/2135 1751/3035/2135
f 1751/3036/2132 1752/3037/2132 1748/3038/2132 1747/3039/2132
f 1749/3040/2133 1753/3041/2133 1751/3042/2133 1747/3043/2133
f 1754/3044/2134 1750/3045/2134 1748/3046/2134 1752/3047/2134
f 1745/3017/2131 1746/3016/2131 1766/3048/2131 1755/3049/2131
f 1764/3050/2132 1765/3051/2132 1744/3019/2132 1743/3018/2132
f 1745/3020/2133 1755/3052/2133 1764/3053/2133 1743/3021/2133
f 1766/3054/2134 1746/3022/2134 1744/3023/2134 1765/3055/2134
f 1756/3056/2130 1757/3057/2130 1759/3058/2130 1758/3059/2130
f 1758/3060/2131 1759/3061/2131 1763/3062/2131 1762/3063/2131
f 1762/3064/2135 1763/3065/2135 1761/3066/2135 1760/3067/2135
f 1760/3068/2132 1761/3069/2132 1757/3070/2132 1756/3071/2132
f 1758/3072/2133 1762/3073/2133 1760/3074/2133 1756/3075/2133
f 1763/3076/2134 1759/3077/2134 1757/3078/2134 1761/3079/2134
f 1755/3049/2131 1766/3048/2131 1778/3080/2131 1768/3081/2131
f 1777/3082/2132 1767/3083/2132 1765/3051/2132 1764/3050/2132
f 1755/3052/2133 1768/3084/2133 1777/3085/2133 1764/3053/2133
f 1778/3086/2134 1766/3054/2134 1765/3055/2134 1767/3087/2134
f 1769/3088/2130 1770/3089/2130 1772/3090/2130 1771/3091/2130
f 1771/3092/2131 1772/3093/2131 1776/3094/2131 1775/3095/2131
f 1775/3096/2135 1776/3097/2135 1774/3098/2135 1773/3099/2135
f 1773/3100/2132 1774/3101/2132 1770/3102/2132 1769/3103/2132
f 1771/3104/2133 1775/3105/2133 1773/3106/2133 1769/3107/2133
f 1776/3108/2134 1772/3109/2134 1770/3110/2134 1774/3111/2134
f 1768/3081/2131 1778/3080/2131 1781/3112/2131 1790/3113/2131
f 1779/3114/2132 1780/3115/2132 1767/3083/2132 1777/3082/2132
f 1768/3084/2133 1790/3116/2133 1779/3117/2133 1777/3085/2133
f 1781/3118/2134 1778/3086/2134 1767/3087/2134 1780/3119/2134
f 1782/3120/2130 1783/3121/2130 1785/3122/2130 1784/3123/2130
f 1784/3124/2131 1785/3125/2131 1789/3126/2131 1788/3127/2131
f 1788/3128/2135 1789/3129/2135 1787/3130/2135 1786/3131/2135
f 1786/3132/2132 1787/3133/2132 1783/3134/2132 1782/3135/2132
f 1784/3136/2133 1788/3137/2133 1786/3138/2133 1782/3139/2133
f 1789/3140/2134 1785/3141/2134 1783/3142/2134 1787/3143/2134
f 1790/3113/2131 1781/3112/2131 1793/3144/2131 1792/3145/2131
f 1791/3146/2132 1802/3147/2132 1780/3115/2132 1779/3114/2132
f 1790/3116/2133 1792/3148/2133 1791/3149/2133 1779/3117/2133
f 1793/3150/2134 1781/3118/2134 1780/3119/2134 1802/3151/2134
f 1794/3152/2130 1795/3153/2130 1797/3154/2130 1796/3155/2130
f 1796/3156/2131 1797/3157/2131 1801/3158/2131 1800/3159/2131
f 1800/3160/2135 1801/3161/2135 1799/3162/2135 1798/3163/2135
f 1798/3164/2132 1799/3165/2132 1795/3166/2132 1794/3167/2132
f 1796/3168/2133 1800/3169/2133 1798/3170/2133 1794/3171/2133
f 1801/3172/2134 1797/3173/2134 1795/3174/2134 1799/3175/2134
f 1792/3145/2131 1793/3144/2131 1805/3176/2131 1804/3177/2131
f 1814/3178/2132 1803/3179/2132 1802/3147/2132 1791/3146/2132
f 1792/3148/2133 1804/3180/2133 1814/3181/2133 1791/3149/2133
f 1805/3182/2134 1793/3150/2134 1802/3151/2134 1803/3183/2134
f 1806/3184/2130 1807/3185/2130 1809/3186/2130 1808/3187/2130
f 1808/3188/2131 1809/3189/2131 1813/3190/2131 1812/3191/2131
f 1812/3192/2135 1813/3193/2135 1811/3194/2135 1810/3195/2135
f 1810/3196/2132 1811/3197/2132 1807/3198/2132 1806/3199/2132
f 1808/3200/2133 1812/3201/2133 1810/3202/2133 1806/3203/2133
f 1813/3204/2134 1809/3205/2134 1807/3206/2134 1811/3207/2134
f 1804/3177/2131 1805/3176/2131 1826/3208/2131 1816/3209/2131
f 1815/3210/2132 1825/3211/2132 1803/3179/2132 1814/3178/2132
f 1804/3180/2133 1816/3212/2133 1815/3213/2133 1814/3181/2133
f 1826/3214/2134 1805/3182/2134 1803/3183/2134 1825/3215/2134
f 1817/3216/2130 1818/3217/2130 1820/3218/2130 1819/3219/2130
f 1819/3220/2131 1820/3221/2131 1824/3222/2131 1823/3223/2131
f 1823/3224/2135 1824/3225/2135 1822/3226/2135 1821/3227/2135
f 1821/3228/2132 1822/3229/2132 1818/3230/2132 1817/3231/2132
f 1819/3232/2133 1823/3233/2133 1821/3234/2133 1817/3235/2133
f 1824/3236/2134 1820/3237/2134 1818/3238/2134 1822/3239/2134
f 1816/3209/2131 1826/3208/2131 1829/3240/2131 1828/3241/2131
f 1838/3242/2132 1827/3243/2132 1825/3211/2132 1815/3210/2132
f 1816/3212/2133 1828/3244/2133 1838/3245/2133 1815/3213/2133
f 1829/3246/2134 1826/3214/2134 1825/3215/2134 1827/3247/2134
f 1830/3248/2130 1831/3249/2130 1833/3250/2130 1832/3251/2130
f 1832/3252/2131 1833/3253/2131 1837/3254/2131 1836/3255/2131
f 1836/3256/2135 1837/3257/2135 1835/3258/2135 1834/3259/2135
f 1834/3260/2132 1835/3261/2132 1831/3262/2132 1830/3263/2132
f 1832/3264/2133 1836/3265/2133 1834/3266/2133 1830/3267/2133
f 1837/3268/2134 1833/3269/2134 1831/3270/2134 1835/3271/2134
f 1828/3241/2131 1829/3240/2131 1850/3272/2131 1849/3273/2131
f 1848/3274/2132 1839/3275/2132 1827/3243/2132 1838/3242/2132
f 1828/3244/2133 1849/3276/2133 1848/3277/2133 1838/3245/2133
f 1850/3278/2134 1829/3246/2134 1827/3247/2134 1839/3279/2134
f 1840/3280/2130 1841/3281/2130 1843/3282/2130 1842/3283/2130
f 1842/3284/2131 1843/3285/2131 1847/3286/2131 1846/3287/2131
f 1846/3288/2135 1847/3289/2135 1845/3290/2135 1844/3291/2135
f 1844/3292/2132 1845/3293/2132 1841/3294/2132 1840/3295/2132
f 1842/3296/2133 1846/3297/2133 1844/3298/2133 1840/3299/2133
f 1847/3300/2134 1843/3301/2134 1841/3302/2134 1845/3303/2134
f 1849/3273/2131 1850/3272/2131 1854/3304/2131 1853/3305/2131
f 1851/3306/2132 1852/3307/2132 1839/3275/2132 1848/3274/2132
f 1849/3276/2133 1853/3308/2133 1851/3309/2133 1848/3277/2133
f 1854/3310/2134 1850/3278/2134 1839/3279/2134 1852/3311/2134
f 1855/3312/2130 1856/3313/2130 1858/3314/2130 1857/3315/2130
f 1857/3316/2131 1858/3317/2131 1862/3318/2131 1861/3319/2131
f 1861/3320/2135 1862/3321/2135 1860/3322/2135 1859/3323/2135
f 1859/3324/2132 1860/3325/2132 1856/3326/2132 1855/3327/2132
f 1857/3328/2133 1861/3329/2133 1859/3330/2133 1855/3331/2133
f 1862/3332/2134 1858/3333/2134 1856/3334/2134 1860/3335/2134
f 1853/3305/2131 1854/3304/2131 1864/3336/2131 1874/3337/2131
f 1863/3338/2132 1873/3339/2132 1852/3307/2132 1851/3306/2132
f 1853/3308/2133 1874/3340/2133 1863/3341/2133 1851/3309/2133
f 1864/3342/2134 1854/3310/2134 1852/3311/2134 1873/3343/2134
f 1865/3344/2130 1866/3345/2130 1868/3346/2130 1867/3347/2130
f 1867/3348/2131 1868/3349/2131 1872/3350/2131 1871/3351/2131
f 1871/3352/2135 1872/3353/2135 1870/3354/2135 1869/3355/2135
f 1869/3356/2132 1870/3357/2132 1866/3358/2132 1865/3359/2132
f 1867/3360/2133 1871/3361/2133 1869/3362/2133 1865/3363/2133
f 1872/3364/2134 1868/3365/2134 1866/3366/2134 1870/3367/2134
f 1874/3337/2131 1864/3336/2131 1886/3368/2131 1885/3369/2131
f 1875/3370/2132 1876/3371/2132 1873/3339/2132 1863/3338/2132
f 1874/3340/2133 1885/3372/2133 1875/3373/2133 1863/3341/2133
f 1886/3374/2134 1864/3342/2134 1873/3343/2134 1876/3375/2134
f 1877/3376/2130 1878/3377/2130 1880/3378/2130 1879/3379/2130
f 1879/3380/2131 1880/3381/2131 1884/3382/2131 1883/3383/2131
f 1883/3384/2135 1884/3385/2135 1882/3386/2135 1881/3387/2135
f 1881/3388/2132 1882/3389/2132 1878/3390/2132 1877/3391/2132
f 1879/3392/2133 1883/3393/2133 1881/3394/2133 1877/3395/2133
f 1884/3396/2134 1880/3397/2134 1878/3398/2134 1882/3399/2134
f 1885/3369/2131 1886/3368/2131 1898/3400/2131 1888/3401/2131
f 1887/3402/2132 1897/3403/2132 1876/3371/2132 1875/3370/2132
f 1885/3372/2133 1888/3404/2133 1887/3405/2133 1875/3373/2133
f 1898/3406/2134 1886/3374/2134 1876/3375/2134 1897/3407/2134
f 1889/3408/2130 1890/3409/2130 1892/3410/2130 1891/3411/2130
f 1891/3412/2131 1892/3413/2131 1896/3414/2131 1895/3415/2131
f 1895/3416/2135 1896/3417/2135 1894/3418/2135 1893/3419/2135
f 1893/3420/2132 1894/3421/2132 1890/3422/2132 1889/3423/2132
f 1891/3424/2133 1895/3425/2133 1893/3426/2133 1889/3427/2133
f 1896/3428/2134 1892/3429/2134 1890/3430/2134 1894/3431/2134
f 1888/3401/2131 1898/3400/2131 1900/3432/2131 1910/3433/2131
f 1909/3434/2132 1899/3435/2132 1897/3403/2132 1887/3402/2132
f 1888/3404/2133 1910/3436/2133 1909/3437/2133 1887/3405/2133
f 1900/3438/2134 1898/3406/2134 1897/3407/2134 1899/3439/2134
f 1901/3440/2130 1902/3441/2130 1904/3442/2130 1903/3443/2130
f 1903/3444/2131 1904/3445/2131 1908/3446/2131 1907/3447/2131
f 1907/3448/2135 1908/3449/2135 1906/3450/2135 1905/3451/2135
f 1905/3452/2132 1906/3453/2132 1902/3454/2132 1901/3455/2132
f 1903/3456/2133 1907/3457/2133 1905/3458/2133 1901/3459/2133
f 1908/3460/2134 1904/3461/2134 1902/3462/2134 1906/3463/2134
f 1910/3433/2131 1900/3432/2131 1913/3464/2131 1922/3465/2131
f 1911/3466/2132 1912/3467/2132 1899/3435/2132 1909/3434/2132
f 1910/3436/2133 1922/3468/2133 1911/3469/2133 1909/3437/2133
f 1913/3470/2134 1900/3438/2134 1899/3439/2134 1912/3471/2134
f 1914/3472/2130 1915/3473/2130 1917/3474/2130 1916/3475/2130
f 1916/3476/2131 1917/3477/2131 1921/3478/2131 1920/3479/2131
f 1920/3480/2135 1921/3481/2135 1919/3482/2135 1918/3483/2135
f 1918/3484/2132 1919/3485/2132 1915/3486/2132 1914/3487/2132
f 1916/3488/2133 1920/3489/2133 1918/3490/2133 1914/3491/2133
f 1921/3492/2134 1917/3493/2134 1915/3494/2134 1919/3495/2134
f 1922/3465/2131 1913/3464/2131 1934/3496/2131 1924/3497/2131
f 1923/3498/2132 1933/3499/2132 1912/3467/2132 1911/3466/2132
f 1922/3468/2133 1924/3500/2133 1923/3501/2133 1911/3469/2133
f 1934/3502/2134 1913/3470/2134 1912/3471/2134 1933/3503/2134
f 1925/3504/2130 1926/3505/2130 1928/3506/2130 1927/3507/2130
f 1927/3508/2131 1928/3509/2131 1932/3510/2131 1931/3511/2131
f 1931/3512/2135 1932/3513/2135 1930/3514/2135 1929/3515/2135
f 1929/3516/2132 1930/3517/2132 1926/3518/2132 1925/3519/2132
f 1927/3520/2133 1931/3521/2133 1929/3522/2133 1925/3523/2133
f 1932/3524/2134 1928/3525/2134 1926/3526/2134 1930/3527/2134
f 1924/3497/2131 1934/3496/2131 1946/3528/2131 1945/3529/2131
f 1943/3530/2132 1944/3531/2132 1933/3499/2132 1923/3498/2132
f 1924/3500/2133 1945/3532/2133 1943/3533/2133 1923/3501/2133
f 1946/3534/2134 1934/3502/2134 1933/3503/2134 1944/3535/2134
f 1935/3536/2130 1936/3537/2130 1938/3538/2130 1937/3539/2130
f 1937/3540/2131 1938/3541/2131 1942/3542/2131 1941/3543/2131
f 1941/3544/2135 1942/3545/2135 1940/3546/2135 1939/3547/2135
f 1939/3548/2132 1940/3549/2132 1936/3550/2132 1935/3551/2132
f 1937/3552/2133 1941/3553/2133 1939/3554/2133 1935/3555/2133
f 1942/3556/2134 1938/3557/2134 1936/3558/2134 1940/3559/2134
f 1945/3529/2131 1946/3528/2131 1950/3560/2131 1949/3561/2131
f 1949/3562/2135 1950/3563/2135 1948/3564/2135 1947/3565/2135
f 1947/3566/2132 1948/3567/2132 1944/3531/2132 1943/3530/2132
f 1945/3532/2133 1949/3568/2133 1947/3569/2133 1943/3533/2133
f 1950/3570/2134 1946/3534/2134 1944/3535/2134 1948/3571/2134
f 1951/3572/2130 1952/3573/2130 1954/3574/2130 1953/3575/2130
f 1953/3576/2131 1954/3577/2131 1958/3578/2131 1957/3579/2131
f 1957/3580/2135 1958/3581/2135 1956/3582/2135 1955/3583/2135
f 1955/3584/2132 1956/3585/2132 1952/3586/2132 1951/3587/2132
f 1953/3588/2133 1957/3589/2133 1955/3590/2133 1951/3591/2133
f 1958/3592/2134 1954/3593/2134 1952/3594/2134 1956/3595/2134
o Handguard_Rail_Left_low
v 0.145000 0.055500 -0.025900
v 0.145000 0.055500 -0.028900
v 0.145000 0.034500 -0.025900
v 0.145000 0.034500 -0.028900
v 0.147500 0.055300 -0.028900
v 0.147500 0.055300 -0.031900
v 0.147500 0.034700 -0.028900
v 0.147500 0.034700 -0.031900
v 0.152500 0.055300 -0.028900
v 0.152500 0.055300 -0.031900
v 0.152500 0.034700 -0.028900
v 0.152500 0.034700 -0.031900
v 0.155000 0.055500 -0.025900
v 0.155000 0.055500 -0.028900
v 0.155000 0.034500 -0.025900
v 0.155000 0.034500 -0.028900
v 0.165000 0.055500 -0.025900
v 0.165000 0.055500 -0.028900
v 0.165000 0.034500 -0.025900
v 0.165000 0.034500 -0.028900
v 0.157500 0.055300 -0.028900
v 0.157500 0.055300 -0.031900
v 0.157500 0.034700 -0.028900
v 0.157500 0.034700 -0.031900
v 0.162500 0.055300 -0.028900
v 0.162500 0.055300 -0.031900
v 0.162500 0.034700 -0.028900
v 0.162500 0.034700 -0.031900
v 0.175000 0.055500 -0.028900
v 0.167500 0.055300 -0.028900
v 0.167500 0.055300 -0.031900
v 0.167500 0.034700 -0.028900
v 0.167500 0.034700 -0.031900
v 0.172500 0.055300 -0.028900
v 0.172500 0.055300 -0.031900
v 0.172500 0.034700 -0.028900
v 0.172500 0.034700 -0.031900
v 0.175000 0.055500 -0.025900
v 0.175000 0.034500 -0.025900
v 0.175000 0.034500 -0.028900
v 0.185000 0.055500 -0.025900
v 0.185000 0.055500 -0.028900
v 0.185000 0.034500 -0.025900
v 0.185000 0.034500 -0.028900
v 0.177500 0.055300 -0.028900
v 0.177500 0.055300 -0.031900
v 0.177500 0.034700 -0.028900
v 0.177500 0.034700 -0.031900
v 0.182500 0.055300 -0.028900
v 0.182500 0.055300 -0.031900
v 0.182500 0.034700 -0.028900
v 0.182500 0.034700 -0.031900
v 0.195000 0.034500 -0.025900
v 0.187500 0.055300 -0.028900
v 0.187500 0.055300 -0.031900
v 0.187500 0.034700 -0.028900
v 0.187500 0.034700 -0.031900
v 0.192500 0.055300 -0.028900
v 0.192500 0.055300 -0.031900
v 0.192500 0.034700 -0.028900
v 0.192500 0.034700 -0.031900
v 0.195000 0.055500 -0.025900
v 0.195000 0.055500 -0.028900
v 0.195000 0.034500 -0.028900
v 0.205000 0.055500 -0.028900
v 0.205000 0.034500 -0.025900
v 0.197500 0.055300 -0.028900
v 0.197500 0.055300 -0.031900
v 0.197500 0.034700 -0.028900
v 0.197500 0.034700 -0.031900
v 0.202500 0.055300 -0.028900
v 0.202500 0.055300 -0.031900
v 0.202500 0.034700 -0.028900
v 0.202500 0.034700 -0.031900
v 0.205000 0.055500 -0.025900
v 0.205000 0.034500 -0.028900
v 0.215000 0.055500 -0.025900
v 0.215000 0.055500 -0.028900
v 0.215000 0.034500 -0.028900
v 0.207500 0.055300 -0.028900
v 0.207500 0.055300 -0.031900
v 0.207500 0.034700 -0.028900
v 0.207500 0.034700 -0.031900
v 0.212500 0.055300 -0.028900
v 0.212500 0.055300 -0.031900
v 0.212500 0.034700 -0.028900
v 0.212500 0.034700 -0.031900
v 0.215000 0.034500 -0.025900
v 0.225000 0.055500 -0.025900
v 0.225000 0.034500 -0.025900
v 0.225000 0.034500 -0.028900
v 0.217500 0.055300 -0.028900
v 0.217500 0.055300 -0.031900
v 0.217500 0.034700 -0.028900
v 0.217500 0.034700 -0.031900
v 0.222500 0.055300 -0.028900
v 0.222500 0.055300 -0.031900
v 0.222500 0.034700 -0.028900
v 0.222500 0.034700 -0.031900
v 0.225000 0.055500 -0.028900
v 0.235000 0.055500 -0.028900
v 0.235000 0.034500 -0.025900
v 0.235000 0.034500 -0.028900
v 0.227500 0.055300 -0.028900
v 0.227500 0.055300 -0.031900
v 0.227500 0.034700 -0.028900
v 0.227500 0.034700 -0.031900
v 0.232500 0.055300 -0.028900
v 0.232500 0.055300 -0.031900
v 0.232500 0.034700 -0.028900
v 0.232500 0.034700 -0.031900
v 0.235000 0.055500 -0.025900
v 0.245000 0.055500 -0.025900
v 0.245000 0.034500 -0.025900
v 0.237500 0.055300 -0.028900
v 0.237500 0.055300 -0.031900
v 0.237500 0.034700 -0.028900
v 0.237500 0.034700 -0.031900
v 0.242500 0.055300 -0.028900
v 0.242500 0.055300 -0.031900
v 0.242500 0.034700 -0.028900
v 0.242500 0.034700 -0.031900
v 0.245000 0.055500 -0.028900
v 0.245000 0.034500 -0.028900
v 0.255000 0.055500 -0.028900
v 0.255000 0.034500 -0.025900
v 0.255000 0.034500 -0.028900
v 0.247500 0.055300 -0.028900
v 0.247500 0.055300 -0.031900
v 0.247500 0.034700 -0.028900
v 0.247500 0.034700 -0.031900
v 0.252500 0.055300 -0.028900
v 0.252500 0.055300 -0.031900
v 0.252500 0.034700 -0.028900
v 0.252500 0.034700 -0.031900
v 0.255000 0.055500 -0.025900
v 0.265000 0.055500 -0.028900
v 0.257500 0.055300 -0.028900
v 0.257500 0.055300 -0.031900
v 0.257500 0.034700 -0.028900
v 0.257500 0.034700 -0.031900
v 0.262500 0.055300 -0.028900
v 0.262500 0.055300 -0.031900
v 0.262500 0.034700 -0.028900
v 0.262500 0.034700 -0.031900
v 0.265000 0.055500 -0.025900
v 0.265000 0.034500 -0.025900
v 0.265000 0.034500 -0.028900
v 0.275000 0.055500 -0.025900
v 0.275000 0.055500 -0.028900
v 0.275000 0.034500 -0.025900
v 0.275000 0.034500 -0.028900
v 0.267500 0.055300 -0.028900
v 0.267500 0.055300 -0.031900
v 0.267500 0.034700 -0.028900
v 0.267500 0.034700 -0.031900
v 0.272500 0.055300 -0.028900
v 0.272500 0.055300 -0.031900
v 0.272500 0.034700 -0.028900
v 0.272500 0.034700 -0.031900
v 0.285000 0.055500 -0.025900
v 0.285000 0.034500 -0.028900
v 0.277500 0.055300 -0.028900
v 0.277500 0.055300 -0.031900
v 0.277500 0.034700 -0.028900
v 0.277500 0.034700 -0.031900
v 0.282500 0.055300 -0.028900
v 0.282500 0.055300 -0.031900
v 0.282500 0.034700 -0.028900
v 0.282500 0.034700 -0.031900
v 0.285000 0.055500 -0.028900
v 0.285000 0.034500 -0.025900
v 0.295000 0.055500 -0.025900
v 0.295000 0.055500 -0.028900
v 0.287500 0.055300 -0.028900
v 0.287500 0.055300 -0.031900
v 0.287500 0.034700 -0.028900
v 0.287500 0.034700 -0.031900
v 0.292500 0.055300 -0.028900
v 0.292500 0.055300 -0.031900
v 0.292500 0.034700 -0.028900
v 0.292500 0.034700 -0.031900
v 0.295000 0.034500 -0.025900
v 0.295000 0.034500 -0.028900
v 0.305000 0.055500 -0.025900
v 0.305000 0.034500 -0.025900
v 0.297500 0.055300 -0.028900
v 0.297500 0.055300 -0.031900
v 0.297500 0.034700 -0.028900
v 0.297500 0.034700 -0.031900
v 0.302500 0.055300 -0.028900
v 0.302500 0.055300 -0.031900
v 0.302500 0.034700 -0.028900
v 0.302500 0.034700 -0.031900
v 0.305000 0.055500 -0.028900
v 0.305000 0.034500 -0.028900
v 0.315000 0.055500 -0.028900
v 0.315000 0.034500 -0.028900
v 0.307500 0.055300 -0.028900
v 0.307500 0.055300 -0.031900
v 0.307500 0.034700 -0.028900
v 0.307500 0.034700 -0.031900
v 0.312500 0.055300 -0.028900
v 0.312500 0.055300 -0.031900
v 0.312500 0.034700 -0.028900
v 0.312500 0.034700 -0.031900
v 0.315000 0.055500 -0.025900
v 0.315000 0.034500 -0.025900
v 0.325000 0.055500 -0.025900
v 0.325000 0.055500 -0.028900
v 0.325000 0.034500 -0.028900
v 0.317500 0.055300 -0.028900
v 0.317500 0.055300 -0.031900
v 0.317500 0.034700 -0.028900
v 0.317500 0.034700 -0.031900
v 0.322500 0.055300 -0.028900
v 0.322500 0.055300 -0.031900
v 0.322500 0.034700 -0.028900
v 0.322500 0.034700 -0.031900
v 0.325000 0.034500 -0.025900
v 0.335000 0.055500 -0.025900
v 0.335000 0.034500 -0.025900
v 0.327500 0.055300 -0.028900
v 0.327500 0.055300 -0.031900
v 0.327500 0.034700 -0.028900
v 0.327500 0.034700 -0.031900
v 0.332500 0.055300 -0.028900
v 0.332500 0.055300 -0.031900
v 0.332500 0.034700 -0.028900
v 0.332500 0.034700 -0.031900
v 0.335000 0.055500 -0.028900
v 0.335000 0.034500 -0.028900
v 0.337500 0.055300 -0.028900
v 0.337500 0.055300 -0.031900
v 0.337500 0.034700 -0.028900
v 0.337500 0.034700 -0.031900
v 0.342500 0.055300 -0.028900
v 0.342500 0.055300 -0.031900
v 0.342500 0.034700 -0.028900
v 0.342500 0.034700 -0.031900
v 0.345000 0.055500 -0.025900
v 0.345000 0.055500 -0.028900
v 0.345000 0.034500 -0.025900
v 0.345000 0.034500 -0.028900
v 0.355000 0.055500 -0.025900
v 0.355000 0.055500 -0.028900
v 0.355000 0.034500 -0.025900
v 0.355000 0.034500 -0.028900
v 0.347500 0.055300 -0.028900
v 0.347500 0.055300 -0.031900
v 0.347500 0.034700 -0.028900
v 0.347500 0.034700 -0.031900
v 0.352500 0.055300 -0.028900
v 0.352500 0.055300 -0.031900
v 0.352500 0.034700 -0.028900
v 0.352500 0.034700 -0.031900
vn -1.0000 -0.0000 -0.0000
vn -0.0000 -1.0000 -0.0000
vn -0.0000 1.0000 -0.0000
vn -0.0000 -0.0000 1.0000
vn -0.0000 -0.0000 -1.0000
vn 1.0000 -0.0000 -0.0000
vt 0.564061 0.908823
vt 0.561144 0.908823
vt 0.561144 0.888399
vt 0.564061 0.888399
vt 0.730965 0.653766
vt 0.728048 0.653766
vt 0.728048 0.644040
vt 0.730965 0.644040
vt 0.740820 0.014048
vt 0.737903 0.014048
vt 0.737903 0.004322
vt 0.740820 0.004322
vt 0.239090 0.427770
vt 0.239090 0.437495
vt 0.218666 0.437495
vt 0.218666 0.427770
vt 0.291787 0.624682
vt 0.291787 0.634407
vt 0.271364 0.634407
vt 0.271364 0.624682
vt 0.624786 0.949495
vt 0.621868 0.949495
vt 0.621868 0.929460
vt 0.624786 0.929460
vt 0.973628 0.807721
vt 0.970711 0.807721
vt 0.970711 0.802858
vt 0.973628 0.802858
vt 0.652425 0.949495
vt 0.649507 0.949495
vt 0.649507 0.929460
vt 0.652425 0.929460
vt 0.973681 0.517405
vt 0.970764 0.517405
vt 0.970764 0.512542
vt 0.973681 0.512542
vt 0.610534 0.869294
vt 0.605671 0.869294
vt 0.605671 0.849260
vt 0.610534 0.849260
vt 0.640238 0.869294
vt 0.635375 0.869294
vt 0.635375 0.849260
vt 0.640238 0.849260
vt 0.728048 0.634315
vt 0.730965 0.634315
vt 0.740820 0.023773
vt 0.737903 0.023773
vt 0.239090 0.447221
vt 0.218666 0.447221
vt 0.291787 0.614956
vt 0.271364 0.614956
vt 0.795094 0.949685
vt 0.792176 0.949685
vt 0.792176 0.929651
vt 0.795094 0.929651
vt 0.510683 0.973369
vt 0.507765 0.973369
vt 0.507765 0.968506
vt 0.510683 0.968506
vt 0.806656 0.949685
vt 0.803738 0.949685
vt 0.803738 0.929651
vt 0.806656 0.929651
vt 0.221869 0.973372
vt 0.218951 0.973372
vt 0.218951 0.968510
vt 0.221869 0.968510
vt 0.866459 0.275490
vt 0.861596 0.275490
vt 0.861596 0.255455
vt 0.866459 0.255455
vt 0.866549 0.554174
vt 0.861687 0.554174
vt 0.861687 0.534140
vt 0.866549 0.534140
vt 0.728048 0.624589
vt 0.730965 0.624589
vt 0.740820 0.033498
vt 0.737903 0.033498
vt 0.239090 0.456946
vt 0.218666 0.456946
vt 0.291787 0.605231
vt 0.271364 0.605231
vt 0.949874 0.059483
vt 0.946956 0.059483
vt 0.946956 0.039449
vt 0.949874 0.039449
vt 0.973394 0.258956
vt 0.970476 0.258956
vt 0.970476 0.254094
vt 0.973394 0.254094
vt 0.949874 0.088162
vt 0.946956 0.088162
vt 0.946956 0.068127
vt 0.949874 0.068127
vt 0.973394 0.275490
vt 0.970476 0.275490
vt 0.970476 0.270627
vt 0.973394 0.270627
vt 0.866573 0.474237
vt 0.861710 0.474237
vt 0.861710 0.454202
vt 0.866573 0.454202
vt 0.442780 0.866661
vt 0.437917 0.866661
vt 0.437917 0.846626
vt 0.442780 0.846626
vt 0.728048 0.614864
vt 0.730965 0.614864
vt 0.740820 0.043224
vt 0.737903 0.043224
vt 0.239090 0.466672
vt 0.218666 0.466672
vt 0.291787 0.595505
vt 0.271364 0.595505
vt 0.270537 0.950676
vt 0.267619 0.950676
vt 0.267619 0.930642
vt 0.270537 0.930642
vt 0.978142 0.304168
vt 0.975224 0.304168
vt 0.975224 0.299306
vt 0.978142 0.299306
vt 0.258975 0.950676
vt 0.256057 0.950676
vt 0.256057 0.930642
vt 0.258975 0.930642
vt 0.978142 0.290661
vt 0.975224 0.290661
vt 0.975224 0.285799
vt 0.978142 0.285799
vt 0.879966 0.275490
vt 0.875103 0.275490
vt 0.875103 0.255455
vt 0.879966 0.255455
vt 0.880056 0.554174
vt 0.875194 0.554174
vt 0.875194 0.534140
vt 0.880056 0.534140
vt 0.728048 0.605138
vt 0.730965 0.605138
vt 0.740820 0.052949
vt 0.737903 0.052949
vt 0.239090 0.476397
vt 0.218666 0.476397
vt 0.291787 0.585780
vt 0.271364 0.585780
vt 0.950861 0.116841
vt 0.947943 0.116841
vt 0.947943 0.096806
vt 0.950861 0.096806
vt 0.624564 0.979426
vt 0.621646 0.979426
vt 0.621646 0.974563
vt 0.624564 0.974563
vt 0.536194 0.951006
vt 0.533276 0.951006
vt 0.533276 0.930971
vt 0.536194 0.930971
vt 0.652203 0.979426
vt 0.649285 0.979426
vt 0.649285 0.974563
vt 0.652203 0.974563
vt 0.880080 0.474237
vt 0.875217 0.474237
vt 0.875217 0.454202
vt 0.880080 0.454202
vt 0.880704 0.868698
vt 0.875842 0.868698
vt 0.875842 0.848663
vt 0.880704 0.848663
vt 0.728048 0.595413
vt 0.730965 0.595413
vt 0.740820 0.062675
vt 0.737903 0.062675
vt 0.239090 0.486123
vt 0.218666 0.486123
vt 0.291787 0.576054
vt 0.271364 0.576054
vt 0.551646 0.951006
vt 0.548728 0.951006
vt 0.548728 0.930971
vt 0.551646 0.930971
vt 0.806656 0.979617
vt 0.803738 0.979617
vt 0.803738 0.974754
vt 0.806656 0.974754
vt 0.951282 0.274128
vt 0.948364 0.274128
vt 0.948364 0.254094
vt 0.951282 0.254094
vt 0.794872 0.979617
vt 0.791954 0.979617
vt 0.791954 0.974754
vt 0.794872 0.974754
vt 0.880704 0.840019
vt 0.875842 0.840019
vt 0.875842 0.819984
vt 0.880704 0.819984
vt 0.205792 0.881473
vt 0.200929 0.881473
vt 0.200929 0.861439
vt 0.205792 0.861439
vt 0.728048 0.585688
vt 0.730965 0.585688
vt 0.740820 0.072400
vt 0.737903 0.072400
vt 0.239090 0.495848
vt 0.218666 0.495848
vt 0.291787 0.566329
vt 0.271364 0.566329
vt 0.951346 0.357371
vt 0.948429 0.357371
vt 0.948429 0.337337
vt 0.951346 0.337337
vt 0.440835 0.979710
vt 0.437917 0.979710
vt 0.437917 0.974848
vt 0.440835 0.974848
vt 0.951373 0.554174
vt 0.948455 0.554174
vt 0.948455 0.534140
vt 0.951373 0.534140
vt 0.979753 0.584804
vt 0.976836 0.584804
vt 0.976836 0.579941
vt 0.979753 0.579941
vt 0.009185 0.881833
vt 0.004322 0.881833
vt 0.004322 0.861799
vt 0.009185 0.861799
vt 0.032690 0.882347
vt 0.027827 0.882347
vt 0.027827 0.862313
vt 0.032690 0.862313
vt 0.728048 0.575962
vt 0.730965 0.575962
vt 0.740820 0.082126
vt 0.737903 0.082126
vt 0.239090 0.505574
vt 0.218666 0.505574
vt 0.291787 0.556603
vt 0.271364 0.556603
vt 0.951396 0.474237
vt 0.948479 0.474237
vt 0.948479 0.454202
vt 0.951396 0.454202
vt 0.969966 0.729874
vt 0.967048 0.729874
vt 0.967048 0.725012
vt 0.969966 0.725012
vt 0.951569 0.516043
vt 0.948652 0.516043
vt 0.948652 0.496009
vt 0.951569 0.496009
vt 0.969966 0.683301
vt 0.967048 0.683301
vt 0.967048 0.678438
vt 0.969966 0.678438
vt 0.290009 0.859034
vt 0.285146 0.859034
vt 0.285146 0.838999
vt 0.290009 0.838999
vt 0.305978 0.859075
vt 0.301115 0.859075
vt 0.301115 0.839040
vt 0.305978 0.839040
vt 0.728048 0.566237
vt 0.730965 0.566237
vt 0.740820 0.091851
vt 0.737903 0.091851
vt 0.239090 0.515299
vt 0.218666 0.515299
vt 0.291787 0.546878
vt 0.271364 0.546878
vt 0.783248 0.951747
vt 0.780330 0.951747
vt 0.780330 0.931712
vt 0.783248 0.931712
vt 0.969966 0.713341
vt 0.967048 0.713341
vt 0.967048 0.708478
vt 0.969966 0.708478
vt 0.771686 0.951747
vt 0.768768 0.951747
vt 0.768768 0.931712
vt 0.771686 0.931712
vt 0.969966 0.699834
vt 0.967048 0.699834
vt 0.967048 0.694972
vt 0.969966 0.694972
vt 0.859237 0.583425
vt 0.854375 0.583425
vt 0.854375 0.563390
vt 0.859237 0.563390
vt 0.859237 0.612104
vt 0.854375 0.612104
vt 0.854375 0.592069
vt 0.859237 0.592069
vt 0.728048 0.556511
vt 0.730965 0.556511
vt 0.740820 0.101577
vt 0.737903 0.101577
vt 0.239090 0.525025
vt 0.218666 0.525025
vt 0.291787 0.537152
vt 0.271364 0.537152
vt 0.951762 0.809386
vt 0.948844 0.809386
vt 0.948844 0.789351
vt 0.951762 0.789351
vt 0.637281 0.970199
vt 0.634363 0.970199
vt 0.634363 0.965336
vt 0.637281 0.965336
vt 0.400264 0.951963
vt 0.397346 0.951963
vt 0.397346 0.931929
vt 0.400264 0.931929
vt 0.609601 0.970199
vt 0.606683 0.970199
vt 0.606683 0.965336
vt 0.609601 0.965336
vt 0.325258 0.859266
vt 0.320395 0.859266
vt 0.320395 0.839231
vt 0.325258 0.839231
vt 0.859904 0.232605
vt 0.855041 0.232605
vt 0.855041 0.212570
vt 0.859904 0.212570
vt 0.728048 0.546786
vt 0.730965 0.546786
vt 0.740820 0.111302
vt 0.737903 0.111302
vt 0.239090 0.534750
vt 0.218666 0.534750
vt 0.291787 0.527427
vt 0.271364 0.527427
vt 0.952021 0.869087
vt 0.949103 0.869087
vt 0.949103 0.849052
vt 0.952021 0.849052
vt 0.905773 0.970380
vt 0.902856 0.970380
vt 0.902856 0.965517
vt 0.905773 0.965517
vt 0.952021 0.840408
vt 0.949103 0.840408
vt 0.949103 0.820374
vt 0.952021 0.820374
vt 0.381199 0.970443
vt 0.378282 0.970443
vt 0.378282 0.965580
vt 0.381199 0.965580
vt 0.860382 0.766403
vt 0.855519 0.766403
vt 0.855519 0.746368
vt 0.860382 0.746368
vt 0.474827 0.860821
vt 0.469964 0.860821
vt 0.469964 0.840786
vt 0.474827 0.840786
vt 0.728048 0.537060
vt 0.730965 0.537060
vt 0.740820 0.121028
vt 0.737903 0.121028
vt 0.239090 0.544475
vt 0.218666 0.544475
vt 0.291787 0.517701
vt 0.271364 0.517701
vt 0.952021 0.926444
vt 0.949103 0.926444
vt 0.949103 0.906410
vt 0.952021 0.906410
vt 0.668099 0.970469
vt 0.665181 0.970469
vt 0.665181 0.965606
vt 0.668099 0.965606
vt 0.952021 0.897765
vt 0.949103 0.897765
vt 0.949103 0.877731
vt 0.952021 0.877731
vt 0.970755 0.666876
vt 0.967837 0.666876
vt 0.967837 0.662014
vt 0.970755 0.662014
vt 0.861085 0.698473
vt 0.856223 0.698473
vt 0.856223 0.678438
vt 0.861085 0.678438
vt 0.861085 0.727151
vt 0.856223 0.727151
vt 0.856223 0.707117
vt 0.861085 0.707117
vt 0.728048 0.527335
vt 0.730965 0.527335
vt 0.740820 0.130753
vt 0.737903 0.130753
vt 0.239090 0.554201
vt 0.218666 0.554201
vt 0.291787 0.507976
vt 0.271364 0.507976
vt 0.440835 0.952697
vt 0.437917 0.952697
vt 0.437917 0.932662
vt 0.440835 0.932662
vt 0.146953 0.970852
vt 0.144035 0.970852
vt 0.144035 0.965989
vt 0.146953 0.965989
vt 0.350327 0.953371
vt 0.347409 0.953371
vt 0.347409 0.933336
vt 0.350327 0.933336
vt 0.135391 0.970852
vt 0.132473 0.970852
vt 0.132473 0.965989
vt 0.135391 0.965989
vt 0.338765 0.861639
vt 0.333902 0.861639
vt 0.333902 0.841604
vt 0.338765 0.841604
vt 0.862060 0.024357
vt 0.857197 0.024357
vt 0.857197 0.004322
vt 0.862060 0.004322
vt 0.728048 0.517609
vt 0.730965 0.517609
vt 0.740820 0.140479
vt 0.737903 0.140479
vt 0.239090 0.563926
vt 0.218666 0.563926
vt 0.291787 0.498251
vt 0.271364 0.498251
vt 0.524412 0.953485
vt 0.521494 0.953485
vt 0.521494 0.933450
vt 0.524412 0.933450
vt 0.099735 0.993217
vt 0.096817 0.993217
vt 0.096817 0.988355
vt 0.099735 0.988355
vt 0.835606 0.953865
vt 0.832688 0.953865
vt 0.832688 0.933831
vt 0.835606 0.933831
vt 0.805007 0.993217
vt 0.802089 0.993217
vt 0.802089 0.988355
vt 0.805007 0.988355
vt 0.122265 0.901497
vt 0.117402 0.901497
vt 0.117402 0.881462
vt 0.122265 0.881462
vt 0.901606 0.698473
vt 0.896743 0.698473
vt 0.896743 0.678438
vt 0.901606 0.678438
vt 0.728048 0.507884
vt 0.730965 0.507884
vt 0.740820 0.150204
vt 0.737903 0.150204
vt 0.239090 0.573652
vt 0.218666 0.573652
vt 0.291787 0.488525
vt 0.271364 0.488525
vt 0.819409 0.953922
vt 0.816491 0.953922
vt 0.816491 0.933888
vt 0.819409 0.933888
vt 0.816568 0.993217
vt 0.813651 0.993217
vt 0.813651 0.988355
vt 0.816568 0.988355
vt 0.756714 0.954162
vt 0.753796 0.954162
vt 0.753796 0.934128
vt 0.756714 0.934128
vt 0.828130 0.993217
vt 0.825213 0.993217
vt 0.825213 0.988355
vt 0.828130 0.988355
vt 0.901606 0.727151
vt 0.896743 0.727151
vt 0.896743 0.707117
vt 0.901606 0.707117
vt 0.087909 0.901891
vt 0.083046 0.901891
vt 0.083046 0.881857
vt 0.087909 0.881857
vt 0.728048 0.498158
vt 0.730965 0.498158
vt 0.740820 0.159930
vt 0.737903 0.159930
vt 0.239090 0.583377
vt 0.218666 0.583377
vt 0.291787 0.478800
vt 0.271364 0.478800
vt 0.458749 0.954642
vt 0.455831 0.954642
vt 0.455831 0.934607
vt 0.458749 0.934607
vt 0.839692 0.993217
vt 0.836774 0.993217
vt 0.836774 0.988355
vt 0.839692 0.988355
vt 0.878759 0.954734
vt 0.875842 0.954734
vt 0.875842 0.934699
vt 0.878759 0.934699
vt 0.111296 0.993217
vt 0.108379 0.993217
vt 0.108379 0.988355
vt 0.111296 0.988355
vt 0.902581 0.024357
vt 0.897718 0.024357
vt 0.897718 0.004322
vt 0.902581 0.004322
vt 0.903117 0.651069
vt 0.898255 0.651069
vt 0.898255 0.631034
vt 0.903117 0.631034
vt 0.728048 0.488433
vt 0.730965 0.488433
vt 0.740820 0.169655
vt 0.737903 0.169655
vt 0.239090 0.593103
vt 0.218666 0.593103
vt 0.291787 0.469074
vt 0.271364 0.469074
vt 0.863307 0.954734
vt 0.860390 0.954734
vt 0.860390 0.934699
vt 0.863307 0.934699
vt 0.851254 0.993217
vt 0.848336 0.993217
vt 0.848336 0.988355
vt 0.851254 0.988355
vt 0.851745 0.954734
vt 0.848828 0.954734
vt 0.848828 0.934699
vt 0.851745 0.934699
vt 0.862816 0.993217
vt 0.859898 0.993217
vt 0.859898 0.988355
vt 0.862816 0.988355
vt 0.903156 0.162957
vt 0.898293 0.162957
vt 0.898293 0.142922
vt 0.903156 0.142922
vt 0.163365 0.903361
vt 0.158503 0.903361
vt 0.158503 0.883327
vt 0.163365 0.883327
vt 0.728048 0.478707
vt 0.730965 0.478707
vt 0.740820 0.179380
vt 0.737903 0.179380
vt 0.239090 0.602828
vt 0.218666 0.602828
vt 0.291787 0.459349
vt 0.271364 0.459349
vt 0.890321 0.954734
vt 0.887403 0.954734
vt 0.887403 0.934699
vt 0.890321 0.934699
vt 0.874377 0.993217
vt 0.871460 0.993217
vt 0.871460 0.988355
vt 0.874377 0.988355
vt 0.940459 0.955123
vt 0.937541 0.955123
vt 0.937541 0.935088
vt 0.940459 0.935088
vt 0.885939 0.993217
vt 0.883022 0.993217
vt 0.883022 0.988355
vt 0.885939 0.988355
vt 0.176872 0.903361
vt 0.172010 0.903361
vt 0.172010 0.883327
vt 0.176872 0.883327
vt 0.903626 0.088162
vt 0.898764 0.088162
vt 0.898764 0.068127
vt 0.903626 0.068127
vt 0.728048 0.468982
vt 0.730965 0.468982
vt 0.740820 0.189106
vt 0.737903 0.189106
vt 0.239090 0.612554
vt 0.218666 0.612554
vt 0.291787 0.449623
vt 0.271364 0.449623
vt 0.928897 0.955123
vt 0.925979 0.955123
vt 0.925979 0.935088
vt 0.928897 0.935088
vt 0.897501 0.993217
vt 0.894584 0.993217
vt 0.894584 0.988355
vt 0.897501 0.988355
vt 0.917335 0.955123
vt 0.914417 0.955123
vt 0.914417 0.935088
vt 0.917335 0.935088
vt 0.909063 0.993217
vt 0.906145 0.993217
vt 0.906145 0.988355
vt 0.909063 0.988355
vt 0.903626 0.059483
vt 0.898764 0.059483
vt 0.898764 0.039449
vt 0.903626 0.039449
vt 0.904613 0.116841
vt 0.899750 0.116841
vt 0.899750 0.096806
vt 0.904613 0.096806
vt 0.728048 0.459257
vt 0.730965 0.459257
vt 0.740820 0.198831
vt 0.737903 0.198831
vt 0.239090 0.622279
vt 0.218666 0.622279
vt 0.291787 0.439898
vt 0.271364 0.439898
vt 0.952021 0.955123
vt 0.949103 0.955123
vt 0.949103 0.935088
vt 0.952021 0.935088
vt 0.920625 0.993217
vt 0.917707 0.993217
vt 0.917707 0.988355
vt 0.920625 0.988355
vt 0.955241 0.304168
vt 0.952323 0.304168
vt 0.952323 0.284134
vt 0.955241 0.284134
vt 0.932187 0.993217
vt 0.929269 0.993217
vt 0.929269 0.988355
vt 0.932187 0.988355
vt 0.905322 0.516043
vt 0.900459 0.516043
vt 0.900459 0.496009
vt 0.905322 0.496009
vt 0.905515 0.809386
vt 0.900652 0.809386
vt 0.900652 0.789351
vt 0.905515 0.789351
vt 0.728048 0.449531
vt 0.730965 0.449531
vt 0.908993 0.304557
vt 0.906076 0.304557
vt 0.906076 0.284134
vt 0.908993 0.284134
vt 0.740820 0.208557
vt 0.737903 0.208557
vt 0.239090 0.632005
vt 0.218666 0.632005
vt 0.291787 0.430172
vt 0.271364 0.430172
vt 0.596944 0.955244
vt 0.594026 0.955244
vt 0.594026 0.935209
vt 0.596944 0.935209
vt 0.943749 0.993217
vt 0.940831 0.993217
vt 0.940831 0.988355
vt 0.943749 0.988355
vt 0.585382 0.955244
vt 0.582464 0.955244
vt 0.582464 0.935209
vt 0.585382 0.935209
vt 0.955310 0.993217
vt 0.952393 0.993217
vt 0.952393 0.988355
vt 0.955310 0.988355
vt 0.223529 0.906195
vt 0.218666 0.906195
vt 0.218666 0.886161
vt 0.223529 0.886161
vt 0.246606 0.906712
vt 0.241743 0.906712
vt 0.241743 0.886678
vt 0.246606 0.886678
s 1
usemtl M416_Final_Metal
f 1959/3596/2136 1960/3597/2136 1962/3598/2136 1961/3599/2136
f 1961/3600/2137 1962/3601/2137 1974/3602/2137 1973/3603/2137
f 1971/3604/2138 1972/3605/2138 1960/3606/2138 1959/3607/2138
f 1961/3608/2139 1973/3609/2139 1971/3610/2139 1959/3611/2139
f 1974/3612/2140 1962/3613/2140 1960/3614/2140 1972/3615/2140
f 1963/3616/2136 1964/3617/2136 1966/3618/2136 1965/3619/2136
f 1965/3620/2137 1966/3621/2137 1970/3622/2137 1969/3623/2137
f 1969/3624/2141 1970/3625/2141 1968/3626/2141 1967/3627/2141
f 1967/3628/2138 1968/3629/2138 1964/3630/2138 1963/3631/2138
f 1965/3632/2139 1969/3633/2139 1967/3634/2139 1963/3635/2139
f 1970/3636/2140 1966/3637/2140 1964/3638/2140 1968/3639/2140
f 1973/3603/2137 1974/3602/2137 1978/3640/2137 1977/3641/2137
f 1975/3642/2138 1976/3643/2138 1972/3605/2138 1971/3604/2138
f 1973/3609/2139 1977/3644/2139 1975/3645/2139 1971/3610/2139
f 1978/3646/2140 1974/3612/2140 1972/3615/2140 1976/3647/2140
f 1979/3648/2136 1980/3649/2136 1982/3650/2136 1981/3651/2136
f 1981/3652/2137 1982/3653/2137 1986/3654/2137 1985/3655/2137
f 1985/3656/2141 1986/3657/2141 1984/3658/2141 1983/3659/2141
f 1983/3660/2138 1984/3661/2138 1980/3662/2138 1979/3663/2138
f 1981/3664/2139 1985/3665/2139 1983/3666/2139 1979/3667/2139
f 1986/3668/2140 1982/3669/2140 1980/3670/2140 1984/3671/2140
f 1977/3641/2137 1978/3640/2137 1998/3672/2137 1997/3673/2137
f 1996/3674/2138 1987/3675/2138 1976/3643/2138 1975/3642/2138
f 1977/3644/2139 1997/3676/2139 1996/3677/2139 1975/3645/2139
f 1998/3678/2140 1978/3646/2140 1976/3647/2140 1987/3679/2140
f 1988/3680/2136 1989/3681/2136 1991/3682/2136 1990/3683/2136
f 1990/3684/2137 1991/3685/2137 1995/3686/2137 1994/3687/2137
f 1994/3688/2141 1995/3689/2141 1993/3690/2141 1992/3691/2141
f 1992/3692/2138 1993/3693/2138 1989/3694/2138 1988/3695/2138
f 1990/3696/2139 1994/3697/2139 1992/3698/2139 1988/3699/2139
f 1995/3700/2140 1991/3701/2140 1989/3702/2140 1993/3703/2140
f 1997/3673/2137 1998/3672/2137 2002/3704/2137 2001/3705/2137
f 1999/3706/2138 2000/3707/2138 1987/3675/2138 1996/3674/2138
f 1997/3676/2139 2001/3708/2139 1999/3709/2139 1996/3677/2139
f 2002/3710/2140 1998/3678/2140 1987/3679/2140 2000/3711/2140
f 2003/3712/2136 2004/3713/2136 2006/3714/2136 2005/3715/2136
f 2005/3716/2137 2006/3717/2137 2010/3718/2137 2009/3719/2137
f 2009/3720/2141 2010/3721/2141 2008/3722/2141 2007/3723/2141
f 2007/3724/2138 2008/3725/2138 2004/3726/2138 2003/3727/2138
f 2005/3728/2139 2009/3729/2139 2007/3730/2139 2003/3731/2139
f 2010/3732/2140 2006/3733/2140 2004/3734/2140 2008/3735/2140
f 2001/3705/2137 2002/3704/2137 2022/3736/2137 2011/3737/2137
f 2020/3738/2138 2021/3739/2138 2000/3707/2138 1999/3706/2138
f 2001/3708/2139 2011/3740/2139 2020/3741/2139 1999/3709/2139
f 2022/3742/2140 2002/3710/2140 2000/3711/2140 2021/3743/2140
f 2012/3744/2136 2013/3745/2136 2015/3746/2136 2014/3747/2136
f 2014/3748/2137 2015/3749/2137 2019/3750/2137 2018/3751/2137
f 2018/3752/2141 2019/3753/2141 2017/3754/2141 2016/3755/2141
f 2016/3756/2138 2017/3757/2138 2013/3758/2138 2012/3759/2138
f 2014/3760/2139 2018/3761/2139 2016/3762/2139 2012/3763/2139
f 2019/3764/2140 2015/3765/2140 2013/3766/2140 2017/3767/2140
f 2011/3737/2137 2022/3736/2137 2034/3768/2137 2024/3769/2137
f 2033/3770/2138 2023/3771/2138 2021/3739/2138 2020/3738/2138
f 2011/3740/2139 2024/3772/2139 2033/3773/2139 2020/3741/2139
f 2034/3774/2140 2022/3742/2140 2021/3743/2140 2023/3775/2140
f 2025/3776/2136 2026/3777/2136 2028/3778/2136 2027/3779/2136
f 2027/3780/2137 2028/3781/2137 2032/3782/2137 2031/3783/2137
f 2031/3784/2141 2032/3785/2141 2030/3786/2141 2029/3787/2141
f 2029/3788/2138 2030/3789/2138 2026/3790/2138 2025/3791/2138
f 2027/3792/2139 2031/3793/2139 2029/3794/2139 2025/3795/2139
f 2032/3796/2140 2028/3797/2140 2026/3798/2140 2030/3799/2140
f 2024/3769/2137 2034/3768/2137 2037/3800/2137 2046/3801/2137
f 2035/3802/2138 2036/3803/2138 2023/3771/2138 2033/3770/2138
f 2024/3772/2139 2046/3804/2139 2035/3805/2139 2033/3773/2139
f 2037/3806/2140 2034/3774/2140 2023/3775/2140 2036/3807/2140
f 2038/3808/2136 2039/3809/2136 2041/3810/2136 2040/3811/2136
f 2040/3812/2137 2041/3813/2137 2045/3814/2137 2044/3815/2137
f 2044/3816/2141 2045/3817/2141 2043/3818/2141 2042/3819/2141
f 2042/3820/2138 2043/3821/2138 2039/3822/2138 2038/3823/2138
f 2040/3824/2139 2044/3825/2139 2042/3826/2139 2038/3827/2139
f 2045/3828/2140 2041/3829/2140 2039/3830/2140 2043/3831/2140
f 2046/3801/2137 2037/3800/2137 2049/3832/2137 2048/3833/2137
f 2047/3834/2138 2058/3835/2138 2036/3803/2138 2035/3802/2138
f 2046/3804/2139 2048/3836/2139 2047/3837/2139 2035/3805/2139
f 2049/3838/2140 2037/3806/2140 2036/3807/2140 2058/3839/2140
f 2050/3840/2136 2051/3841/2136 2053/3842/2136 2052/3843/2136
f 2052/3844/2137 2053/3845/2137 2057/3846/2137 2056/3847/2137
f 2056/3848/2141 2057/3849/2141 2055/3850/2141 2054/3851/2141
f 2054/3852/2138 2055/3853/2138 2051/3854/2138 2050/3855/2138
f 2052/3856/2139 2056/3857/2139 2054/3858/2139 2050/3859/2139
f 2057/3860/2140 2053/3861/2140 2051/3862/2140 2055/3863/2140
f 2048/3833/2137 2049/3832/2137 2061/3864/2137 2060/3865/2137
f 2070/3866/2138 2059/3867/2138 2058/3835/2138 2047/3834/2138
f 2048/3836/2139 2060/3868/2139 2070/3869/2139 2047/3837/2139
f 2061/3870/2140 2049/3838/2140 2058/3839/2140 2059/3871/2140
f 2062/3872/2136 2063/3873/2136 2065/3874/2136 2064/3875/2136
f 2064/3876/2137 2065/3877/2137 2069/3878/2137 2068/3879/2137
f 2068/3880/2141 2069/3881/2141 2067/3882/2141 2066/3883/2141
f 2066/3884/2138 2067/3885/2138 2063/3886/2138 2062/3887/2138
f 2064/3888/2139 2068/3889/2139 2066/3890/2139 2062/3891/2139
f 2069/3892/2140 2065/3893/2140 2063/3894/2140 2067/3895/2140
f 2060/3865/2137 2061/3864/2137 2082/3896/2137 2072/3897/2137
f 2071/3898/2138 2081/3899/2138 2059/3867/2138 2070/3866/2138
f 2060/3868/2139 2072/3900/2139 2071/3901/2139 2070/3869/2139
f 2082/3902/2140 2061/3870/2140 2059/3871/2140 2081/3903/2140
f 2073/3904/2136 2074/3905/2136 2076/3906/2136 2075/3907/2136
f 2075/3908/2137 2076/3909/2137 2080/3910/2137 2079/3911/2137
f 2079/3912/2141 2080/3913/2141 2078/3914/2141 2077/3915/2141
f 2077/3916/2138 2078/3917/2138 2074/3918/2138 2073/3919/2138
f 2075/3920/2139 2079/3921/2139 2077/3922/2139 2073/3923/2139
f 2080/3924/2140 2076/3925/2140 2074/3926/2140 2078/3927/2140
f 2072/3897/2137 2082/3896/2137 2085/3928/2137 2084/3929/2137
f 2094/3930/2138 2083/3931/2138 2081/3899/2138 2071/3898/2138
f 2072/3900/2139 2084/3932/2139 2094/3933/2139 2071/3901/2139
f 2085/3934/2140 2082/3902/2140 2081/3903/2140 2083/3935/2140
f 2086/3936/2136 2087/3937/2136 2089/3938/2136 2088/3939/2136
f 2088/3940/2137 2089/3941/2137 2093/3942/2137 2092/3943/2137
f 2092/3944/2141 2093/3945/2141 2091/3946/2141 2090/3947/2141
f 2090/3948/2138 2091/3949/2138 2087/3950/2138 2086/3951/2138
f 2088/3952/2139 2092/3953/2139 2090/3954/2139 2086/3955/2139
f 2093/3956/2140 2089/3957/2140 2087/3958/2140 2091/3959/2140
f 2084/3929/2137 2085/3928/2137 2106/3960/2137 2105/3961/2137
f 2104/3962/2138 2095/3963/2138 2083/3931/2138 2094/3930/2138
f 2084/3932/2139 2105/3964/2139 2104/3965/2139 2094/3933/2139
f 2106/3966/2140 2085/3934/2140 2083/3935/2140 2095/3967/2140
f 2096/3968/2136 2097/3969/2136 2099/3970/2136 2098/3971/2136
f 2098/3972/2137 2099/3973/2137 2103/3974/2137 2102/3975/2137
f 2102/3976/2141 2103/3977/2141 2101/3978/2141 2100/3979/2141
f 2100/3980/2138 2101/3981/2138 2097/3982/2138 2096/3983/2138
f 2098/3984/2139 2102/3985/2139 2100/3986/2139 2096/3987/2139
f 2103/3988/2140 2099/3989/2140 2097/3990/2140 2101/3991/2140
f 2105/3961/2137 2106/3960/2137 2110/3992/2137 2109/3993/2137
f 2107/3994/2138 2108/3995/2138 2095/3963/2138 2104/3962/2138
f 2105/3964/2139 2109/3996/2139 2107/3997/2139 2104/3965/2139
f 2110/3998/2140 2106/3966/2140 2095/3967/2140 2108/3999/2140
f 2111/4000/2136 2112/4001/2136 2114/4002/2136 2113/4003/2136
f 2113/4004/2137 2114/4005/2137 2118/4006/2137 2117/4007/2137
f 2117/4008/2141 2118/4009/2141 2116/4010/2141 2115/4011/2141
f 2115/4012/2138 2116/4013/2138 2112/4014/2138 2111/4015/2138
f 2113/4016/2139 2117/4017/2139 2115/4018/2139 2111/4019/2139
f 2118/4020/2140 2114/4021/2140 2112/4022/2140 2116/4023/2140
f 2109/3993/2137 2110/3992/2137 2120/4024/2137 2130/4025/2137
f 2119/4026/2138 2129/4027/2138 2108/3995/2138 2107/3994/2138
f 2109/3996/2139 2130/4028/2139 2119/4029/2139 2107/3997/2139
f 2120/4030/2140 2110/3998/2140 2108/3999/2140 2129/4031/2140
f 2121/4032/2136 2122/4033/2136 2124/4034/2136 2123/4035/2136
f 2123/4036/2137 2124/4037/2137 2128/4038/2137 2127/4039/2137
f 2127/4040/2141 2128/4041/2141 2126/4042/2141 2125/4043/2141
f 2125/4044/2138 2126/4045/2138 2122/4046/2138 2121/4047/2138
f 2123/4048/2139 2127/4049/2139 2125/4050/2139 2121/4051/2139
f 2128/4052/2140 2124/4053/2140 2122/4054/2140 2126/4055/2140
f 2130/4025/2137 2120/4024/2137 2142/4056/2137 2141/4057/2137
f 2131/4058/2138 2132/4059/2138 2129/4027/2138 2119/4026/2138
f 2130/4028/2139 2141/4060/2139 2131/4061/2139 2119/4029/2139
f 2142/4062/2140 2120/4030/2140 2129/4031/2140 2132/4063/2140
f 2133/4064/2136 2134/4065/2136 2136/4066/2136 2135/4067/2136
f 2135/4068/2137 2136/4069/2137 2140/4070/2137 2139/4071/2137
f 2139/4072/2141 2140/4073/2141 2138/4074/2141 2137/4075/2141
f 2137/4076/2138 2138/4077/2138 2134/4078/2138 2133/4079/2138
f 2135/4080/2139 2139/4081/2139 2137/4082/2139 2133/4083/2139
f 2140/4084/2140 2136/4085/2140 2134/4086/2140 2138/4087/2140
f 2141/4057/2137 2142/4056/2137 2154/4088/2137 2144/4089/2137
f 2143/4090/2138 2153/4091/2138 2132/4059/2138 2131/4058/2138
f 2141/4060/2139 2144/4092/2139 2143/4093/2139 2131/4061/2139
f 2154/4094/2140 2142/4062/2140 2132/4063/2140 2153/4095/2140
f 2145/4096/2136 2146/4097/2136 2148/4098/2136 2147/4099/2136
f 2147/4100/2137 2148/4101/2137 2152/4102/2137 2151/4103/2137
f 2151/4104/2141 2152/4105/2141 2150/4106/2141 2149/4107/2141
f 2149/4108/2138 2150/4109/2138 2146/4110/2138 2145/4111/2138
f 2147/4112/2139 2151/4113/2139 2149/4114/2139 2145/4115/2139
f 2152/4116/2140 2148/4117/2140 2146/4118/2140 2150/4119/2140
f 2144/4089/2137 2154/4088/2137 2156/4120/2137 2166/4121/2137
f 2165/4122/2138 2155/4123/2138 2153/4091/2138 2143/4090/2138
f 2144/4092/2139 2166/4124/2139 2165/4125/2139 2143/4093/2139
f 2156/4126/2140 2154/4094/2140 2153/4095/2140 2155/4127/2140
f 2157/4128/2136 2158/4129/2136 2160/4130/2136 2159/4131/2136
f 2159/4132/2137 2160/4133/2137 2164/4134/2137 2163/4135/2137
f 2163/4136/2141 2164/4137/2141 2162/4138/2141 2161/4139/2141
f 2161/4140/2138 2162/4141/2138 2158/4142/2138 2157/4143/2138
f 2159/4144/2139 2163/4145/2139 2161/4146/2139 2157/4147/2139
f 2164/4148/2140 2160/4149/2140 2158/4150/2140 2162/4151/2140
f 2166/4121/2137 2156/4120/2137 2169/4152/2137 2178/4153/2137
f 2167/4154/2138 2168/4155/2138 2155/4123/2138 2165/4122/2138
f 2166/4124/2139 2178/4156/2139 2167/4157/2139 2165/4125/2139
f 2169/4158/2140 2156/4126/2140 2155/4127/2140 2168/4159/2140
f 2170/4160/2136 2171/4161/2136 2173/4162/2136 2172/4163/2136
f 2172/4164/2137 2173/4165/2137 2177/4166/2137 2176/4167/2137
f 2176/4168/2141 2177/4169/2141 2175/4170/2141 2174/4171/2141
f 2174/4172/2138 2175/4173/2138 2171/4174/2138 2170/4175/2138
f 2172/4176/2139 2176/4177/2139 2174/4178/2139 2170/4179/2139
f 2177/4180/2140 2173/4181/2140 2171/4182/2140 2175/4183/2140
f 2178/4153/2137 2169/4152/2137 2190/4184/2137 2180/4185/2137
f 2179/4186/2138 2189/4187/2138 2168/4155/2138 2167/4154/2138
f 2178/4156/2139 2180/4188/2139 2179/4189/2139 2167/4157/2139
f 2190/4190/2140 2169/4158/2140 2168/4159/2140 2189/4191/2140
f 2181/4192/2136 2182/4193/2136 2184/4194/2136 2183/4195/2136
f 2183/4196/2137 2184/4197/2137 2188/4198/2137 2187/4199/2137
f 2187/4200/2141 2188/4201/2141 2186/4202/2141 2185/4203/2141
f 2185/4204/2138 2186/4205/2138 2182/4206/2138 2181/4207/2138
f 2183/4208/2139 2187/4209/2139 2185/4210/2139 2181/4211/2139
f 2188/4212/2140 2184/4213/2140 2182/4214/2140 2186/4215/2140
f 2180/4185/2137 2190/4184/2137 2202/4216/2137 2201/4217/2137
f 2199/4218/2138 2200/4219/2138 2189/4187/2138 2179/4186/2138
f 2180/4188/2139 2201/4220/2139 2199/4221/2139 2179/4189/2139
f 2202/4222/2140 2190/4190/2140 2189/4191/2140 2200/4223/2140
f 2191/4224/2136 2192/4225/2136 2194/4226/2136 2193/4227/2136
f 2193/4228/2137 2194/4229/2137 2198/4230/2137 2197/4231/2137
f 2197/4232/2141 2198/4233/2141 2196/4234/2141 2195/4235/2141
f 2195/4236/2138 2196/4237/2138 2192/4238/2138 2191/4239/2138
f 2193/4240/2139 2197/4241/2139 2195/4242/2139 2191/4243/2139
f 2198/4244/2140 2194/4245/2140 2192/4246/2140 2196/4247/2140
f 2201/4217/2137 2202/4216/2137 2206/4248/2137 2205/4249/2137
f 2205/4250/2141 2206/4251/2141 2204/4252/2141 2203/4253/2141
f 2203/4254/2138 2204/4255/2138 2200/4219/2138 2199/4218/2138
f 2201/4220/2139 2205/4256/2139 2203/4257/2139 2199/4221/2139
f 2206/4258/2140 2202/4222/2140 2200/4223/2140 2204/4259/2140
f 2207/4260/2136 2208/4261/2136 2210/4262/2136 2209/4263/2136
f 2209/4264/2137 2210/4265/2137 2214/4266/2137 2213/4267/2137
f 2213/4268/2141 2214/4269/2141 2212/4270/2141 2211/4271/2141
f 2211/4272/2138 2212/4273/2138 2208/4274/2138 2207/4275/2138
f 2209/4276/2139 2213/4277/2139 2211/4278/2139 2207/4279/2139
f 2214/4280/2140 2210/4281/2140 2208/4282/2140 2212/4283/2140
o Handguard_Rail_Right_low
v 0.145000 0.034500 0.025900
v 0.145000 0.034500 0.028900
v 0.145000 0.055500 0.025900
v 0.145000 0.055500 0.028900
v 0.147500 0.034700 0.028900
v 0.147500 0.034700 0.031900
v 0.147500 0.055300 0.028900
v 0.147500 0.055300 0.031900
v 0.152500 0.034700 0.028900
v 0.152500 0.034700 0.031900
v 0.152500 0.055300 0.028900
v 0.152500 0.055300 0.031900
v 0.155000 0.034500 0.025900
v 0.155000 0.034500 0.028900
v 0.155000 0.055500 0.025900
v 0.155000 0.055500 0.028900
v 0.165000 0.034500 0.025900
v 0.165000 0.034500 0.028900
v 0.165000 0.055500 0.025900
v 0.165000 0.055500 0.028900
v 0.157500 0.034700 0.028900
v 0.157500 0.034700 0.031900
v 0.157500 0.055300 0.028900
v 0.157500 0.055300 0.031900
v 0.162500 0.034700 0.028900
v 0.162500 0.034700 0.031900
v 0.162500 0.055300 0.028900
v 0.162500 0.055300 0.031900
v 0.175000 0.034500 0.028900
v 0.167500 0.034700 0.028900
v 0.167500 0.034700 0.031900
v 0.167500 0.055300 0.028900
v 0.167500 0.055300 0.031900
v 0.172500 0.034700 0.028900
v 0.172500 0.034700 0.031900
v 0.172500 0.055300 0.028900
v 0.172500 0.055300 0.031900
v 0.175000 0.034500 0.025900
v 0.175000 0.055500 0.025900
v 0.175000 0.055500 0.028900
v 0.185000 0.034500 0.025900
v 0.185000 0.034500 0.028900
v 0.185000 0.055500 0.025900
v 0.185000 0.055500 0.028900
v 0.177500 0.034700 0.028900
v 0.177500 0.034700 0.031900
v 0.177500 0.055300 0.028900
v 0.177500 0.055300 0.031900
v 0.182500 0.034700 0.028900
v 0.182500 0.034700 0.031900
v 0.182500 0.055300 0.028900
v 0.182500 0.055300 0.031900
v 0.195000 0.055500 0.025900
v 0.187500 0.034700 0.028900
v 0.187500 0.034700 0.031900
v 0.187500 0.055300 0.028900
v 0.187500 0.055300 0.031900
v 0.192500 0.034700 0.028900
v 0.192500 0.034700 0.031900
v 0.192500 0.055300 0.028900
v 0.192500 0.055300 0.031900
v 0.195000 0.034500 0.025900
v 0.195000 0.034500 0.028900
v 0.195000 0.055500 0.028900
v 0.205000 0.034500 0.028900
v 0.205000 0.055500 0.025900
v 0.197500 0.034700 0.028900
v 0.197500 0.034700 0.031900
v 0.197500 0.055300 0.028900
v 0.197500 0.055300 0.031900
v 0.202500 0.034700 0.028900
v 0.202500 0.034700 0.031900
v 0.202500 0.055300 0.028900
v 0.202500 0.055300 0.031900
v 0.205000 0.034500 0.025900
v 0.205000 0.055500 0.028900
v 0.215000 0.034500 0.025900
v 0.215000 0.034500 0.028900
v 0.215000 0.055500 0.028900
v 0.207500 0.034700 0.028900
v 0.207500 0.034700 0.031900
v 0.207500 0.055300 0.028900
v 0.207500 0.055300 0.031900
v 0.212500 0.034700 0.028900
v 0.212500 0.034700 0.031900
v 0.212500 0.055300 0.028900
v 0.212500 0.055300 0.031900
v 0.215000 0.055500 0.025900
v 0.225000 0.034500 0.025900
v 0.225000 0.055500 0.025900
v 0.225000 0.055500 0.028900
v 0.217500 0.034700 0.028900
v 0.217500 0.034700 0.031900
v 0.217500 0.055300 0.028900
v 0.217500 0.055300 0.031900
v 0.222500 0.034700 0.028900
v 0.222500 0.034700 0.031900
v 0.222500 0.055300 0.028900
v 0.222500 0.055300 0.031900
v 0.225000 0.034500 0.028900
v 0.235000 0.034500 0.028900
v 0.235000 0.055500 0.025900
v 0.235000 0.055500 0.028900
v 0.227500 0.034700 0.028900
v 0.227500 0.034700 0.031900
v 0.227500 0.055300 0.028900
v 0.227500 0.055300 0.031900
v 0.232500 0.034700 0.028900
v 0.232500 0.034700 0.031900
v 0.232500 0.055300 0.028900
v 0.232500 0.055300 0.031900
v 0.235000 0.034500 0.025900
v 0.245000 0.034500 0.025900
v 0.245000 0.055500 0.025900
v 0.237500 0.034700 0.028900
v 0.237500 0.034700 0.031900
v 0.237500 0.055300 0.028900
v 0.237500 0.055300 0.031900
v 0.242500 0.034700 0.028900
v 0.242500 0.034700 0.031900
v 0.242500 0.055300 0.028900
v 0.242500 0.055300 0.031900
v 0.245000 0.034500 0.028900
v 0.245000 0.055500 0.028900
v 0.255000 0.034500 0.028900
v 0.255000 0.055500 0.025900
v 0.255000 0.055500 0.028900
v 0.247500 0.034700 0.028900
v 0.247500 0.034700 0.031900
v 0.247500 0.055300 0.028900
v 0.247500 0.055300 0.031900
v 0.252500 0.034700 0.028900
v 0.252500 0.034700 0.031900
v 0.252500 0.055300 0.028900
v 0.252500 0.055300 0.031900
v 0.255000 0.034500 0.025900
v 0.265000 0.034500 0.028900
v 0.257500 0.034700 0.028900
v 0.257500 0.034700 0.031900
v 0.257500 0.055300 0.028900
v 0.257500 0.055300 0.031900
v 0.262500 0.034700 0.028900
v 0.262500 0.034700 0.031900
v 0.262500 0.055300 0.028900
v 0.262500 0.055300 0.031900
v 0.265000 0.034500 0.025900
v 0.265000 0.055500 0.025900
v 0.265000 0.055500 0.028900
v 0.275000 0.034500 0.025900
v 0.275000 0.034500 0.028900
v 0.275000 0.055500 0.025900
v 0.275000 0.055500 0.028900
v 0.267500 0.034700 0.028900
v 0.267500 0.034700 0.031900
v 0.267500 0.055300 0.028900
v 0.267500 0.055300 0.031900
v 0.272500 0.034700 0.028900
v 0.272500 0.034700 0.031900
v 0.272500 0.055300 0.028900
v 0.272500 0.055300 0.031900
v 0.285000 0.034500 0.025900
v 0.285000 0.055500 0.028900
v 0.277500 0.034700 0.028900
v 0.277500 0.034700 0.031900
v 0.277500 0.055300 0.028900
v 0.277500 0.055300 0.031900
v 0.282500 0.034700 0.028900
v 0.282500 0.034700 0.031900
v 0.282500 0.055300 0.028900
v 0.282500 0.055300 0.031900
v 0.285000 0.034500 0.028900
v 0.285000 0.055500 0.025900
v 0.295000 0.034500 0.025900
v 0.295000 0.034500 0.028900
v 0.287500 0.034700 0.028900
v 0.287500 0.034700 0.031900
v 0.287500 0.055300 0.028900
v 0.287500 0.055300 0.031900
v 0.292500 0.034700 0.028900
v 0.292500 0.034700 0.031900
v 0.292500 0.055300 0.028900
v 0.292500 0.055300 0.031900
v 0.295000 0.055500 0.025900
v 0.295000 0.055500 0.028900
v 0.305000 0.034500 0.025900
v 0.305000 0.055500 0.025900
v 0.297500 0.034700 0.028900
v 0.297500 0.034700 0.031900
v 0.297500 0.055300 0.028900
v 0.297500 0.055300 0.031900
v 0.302500 0.034700 0.028900
v 0.302500 0.034700 0.031900
v 0.302500 0.055300 0.028900
v 0.302500 0.055300 0.031900
v 0.305000 0.034500 0.028900
v 0.305000 0.055500 0.028900
v 0.315000 0.034500 0.028900
v 0.315000 0.055500 0.028900
v 0.307500 0.034700 0.028900
v 0.307500 0.034700 0.031900
v 0.307500 0.055300 0.028900
v 0.307500 0.055300 0.031900
v 0.312500 0.034700 0.028900
v 0.312500 0.034700 0.031900
v 0.312500 0.055300 0.028900
v 0.312500 0.055300 0.031900
v 0.315000 0.034500 0.025900
v 0.315000 0.055500 0.025900
v 0.325000 0.034500 0.025900
v 0.325000 0.034500 0.028900
v 0.325000 0.055500 0.028900
v 0.317500 0.034700 0.028900
v 0.317500 0.034700 0.031900
v 0.317500 0.055300 0.028900
v 0.317500 0.055300 0.031900
v 0.322500 0.034700 0.028900
v 0.322500 0.034700 0.031900
v 0.322500 0.055300 0.028900
v 0.322500 0.055300 0.031900
v 0.325000 0.055500 0.025900
v 0.335000 0.034500 0.025900
v 0.335000 0.055500 0.025900
v 0.327500 0.034700 0.028900
v 0.327500 0.034700 0.031900
v 0.327500 0.055300 0.028900
v 0.327500 0.055300 0.031900
v 0.332500 0.034700 0.028900
v 0.332500 0.034700 0.031900
v 0.332500 0.055300 0.028900
v 0.332500 0.055300 0.031900
v 0.335000 0.034500 0.028900
v 0.335000 0.055500 0.028900
v 0.337500 0.034700 0.028900
v 0.337500 0.034700 0.031900
v 0.337500 0.055300 0.028900
v 0.337500 0.055300 0.031900
v 0.342500 0.034700 0.028900
v 0.342500 0.034700 0.031900
v 0.342500 0.055300 0.028900
v 0.342500 0.055300 0.031900
v 0.345000 0.034500 0.025900
v 0.345000 0.034500 0.028900
v 0.345000 0.055500 0.025900
v 0.345000 0.055500 0.028900
v 0.355000 0.034500 0.025900
v 0.355000 0.034500 0.028900
v 0.355000 0.055500 0.025900
v 0.355000 0.055500 0.028900
v 0.347500 0.034700 0.028900
v 0.347500 0.034700 0.031900
v 0.347500 0.055300 0.028900
v 0.347500 0.055300 0.031900
v 0.352500 0.034700 0.028900
v 0.352500 0.034700 0.031900
v 0.352500 0.055300 0.028900
v 0.352500 0.055300 0.031900
vn -1.0000 -0.0000 -0.0000
vn -0.0000 1.0000 -0.0000
vn -0.0000 -1.0000 -0.0000
vn -0.0000 -0.0000 -1.0000
vn -0.0000 -0.0000 1.0000
vn 1.0000 -0.0000 -0.0000
vt 0.056819 0.908721
vt 0.053902 0.908721
vt 0.053902 0.888298
vt 0.056819 0.888298
vt 0.729259 0.208557
vt 0.726341 0.208557
vt 0.726341 0.198831
vt 0.729259 0.198831
vt 0.729259 0.226927
vt 0.726341 0.226927
vt 0.726341 0.217201
vt 0.729259 0.217201
vt 0.614218 0.004322
vt 0.614218 0.014048
vt 0.593794 0.014048
vt 0.593794 0.004322
vt 0.614218 0.431161
vt 0.614218 0.440887
vt 0.593794 0.440887
vt 0.593794 0.431161
vt 0.007240 0.939191
vt 0.004322 0.939191
vt 0.004322 0.919156
vt 0.007240 0.919156
vt 0.973508 0.484717
vt 0.970591 0.484717
vt 0.970591 0.479855
vt 0.973508 0.479855
vt 0.018802 0.939191
vt 0.015884 0.939191
vt 0.015884 0.919156
vt 0.018802 0.919156
vt 0.973628 0.794214
vt 0.970711 0.794214
vt 0.970711 0.789351
vt 0.973628 0.789351
vt 0.867197 0.868698
vt 0.862335 0.868698
vt 0.862335 0.848663
vt 0.867197 0.848663
vt 0.587327 0.869208
vt 0.582464 0.869208
vt 0.582464 0.849173
vt 0.587327 0.849173
vt 0.726341 0.189106
vt 0.729259 0.189106
vt 0.729259 0.236652
vt 0.726341 0.236652
vt 0.614218 0.023773
vt 0.593794 0.023773
vt 0.614218 0.421436
vt 0.593794 0.421436
vt 0.939299 0.116841
vt 0.936381 0.116841
vt 0.936381 0.096806
vt 0.939299 0.096806
vt 0.972775 0.077269
vt 0.969858 0.077269
vt 0.969858 0.072407
vt 0.972775 0.072407
vt 0.030745 0.939705
vt 0.027827 0.939705
vt 0.027827 0.919670
vt 0.030745 0.919670
vt 0.963582 0.972800
vt 0.960665 0.972800
vt 0.960665 0.967937
vt 0.963582 0.967937
vt 0.864994 0.809386
vt 0.860131 0.809386
vt 0.860131 0.789351
vt 0.864994 0.789351
vt 0.773631 0.865711
vt 0.768768 0.865711
vt 0.768768 0.845676
vt 0.773631 0.845676
vt 0.726341 0.179380
vt 0.729259 0.179380
vt 0.729259 0.246377
vt 0.726341 0.246377
vt 0.614218 0.033498
vt 0.593794 0.033498
vt 0.614218 0.411710
vt 0.593794 0.411710
vt 0.939720 0.274128
vt 0.936803 0.274128
vt 0.936803 0.254094
vt 0.939720 0.254094
vt 0.972973 0.101669
vt 0.970055 0.101669
vt 0.970055 0.096806
vt 0.972973 0.096806
vt 0.939784 0.357371
vt 0.936867 0.357371
vt 0.936867 0.337337
vt 0.939784 0.337337
vt 0.972973 0.118202
vt 0.970055 0.118202
vt 0.970055 0.113339
vt 0.972973 0.113339
vt 0.402209 0.865927
vt 0.397346 0.865927
vt 0.397346 0.845893
vt 0.402209 0.845893
vt 0.866234 0.358044
vt 0.861372 0.358044
vt 0.861372 0.338009
vt 0.866234 0.338009
vt 0.726341 0.169655
vt 0.729259 0.169655
vt 0.729259 0.256103
vt 0.726341 0.256103
vt 0.614218 0.043224
vt 0.593794 0.043224
vt 0.614218 0.401985
vt 0.593794 0.401985
vt 0.939811 0.554174
vt 0.936893 0.554174
vt 0.936893 0.534140
vt 0.939811 0.534140
vt 0.977367 0.371550
vt 0.974450 0.371550
vt 0.974450 0.366688
vt 0.977367 0.366688
vt 0.191977 0.939820
vt 0.189060 0.939820
vt 0.189060 0.919786
vt 0.191977 0.919786
vt 0.977442 0.192369
vt 0.974524 0.192369
vt 0.974524 0.187506
vt 0.977442 0.187506
vt 0.878308 0.516043
vt 0.873445 0.516043
vt 0.873445 0.496009
vt 0.878308 0.496009
vt 0.364358 0.878443
vt 0.359495 0.878443
vt 0.359495 0.858409
vt 0.364358 0.858409
vt 0.726341 0.159930
vt 0.729259 0.159930
vt 0.729259 0.265828
vt 0.726341 0.265828
vt 0.614218 0.052949
vt 0.593794 0.052949
vt 0.614218 0.392259
vt 0.593794 0.392259
vt 0.939834 0.474237
vt 0.936917 0.474237
vt 0.936917 0.454202
vt 0.939834 0.454202
vt 0.977589 0.387975
vt 0.974672 0.387975
vt 0.974672 0.383112
vt 0.977589 0.383112
vt 0.685466 0.939837
vt 0.682548 0.939837
vt 0.682548 0.919802
vt 0.685466 0.919802
vt 0.338765 0.977606
vt 0.335847 0.977606
vt 0.335847 0.972743
vt 0.338765 0.972743
vt 0.878501 0.809386
vt 0.873638 0.809386
vt 0.873638 0.789351
vt 0.878501 0.789351
vt 0.070326 0.879654
vt 0.065464 0.879654
vt 0.065464 0.859619
vt 0.070326 0.859619
vt 0.726341 0.150204
vt 0.729259 0.150204
vt 0.729259 0.275554
vt 0.726341 0.275554
vt 0.614218 0.062675
vt 0.593794 0.062675
vt 0.614218 0.382534
vt 0.593794 0.382534
vt 0.697028 0.939837
vt 0.694110 0.939837
vt 0.694110 0.919802
vt 0.697028 0.919802
vt 0.977627 0.401888
vt 0.974710 0.401888
vt 0.974710 0.397025
vt 0.977627 0.397025
vt 0.940008 0.516043
vt 0.937090 0.516043
vt 0.937090 0.496009
vt 0.940008 0.496009
vt 0.977664 0.178736
vt 0.974746 0.178736
vt 0.974746 0.173874
vt 0.977664 0.173874
vt 0.056819 0.879654
vt 0.051957 0.879654
vt 0.051957 0.859619
vt 0.056819 0.859619
vt 0.879741 0.358044
vt 0.874878 0.358044
vt 0.874878 0.338009
vt 0.879741 0.338009
vt 0.726341 0.140479
vt 0.729259 0.140479
vt 0.729259 0.285279
vt 0.726341 0.285279
vt 0.614218 0.072400
vt 0.593794 0.072400
vt 0.614218 0.372809
vt 0.593794 0.372809
vt 0.940200 0.809386
vt 0.937283 0.809386
vt 0.937283 0.789351
vt 0.940200 0.789351
vt 0.977868 0.418312
vt 0.974950 0.418312
vt 0.974950 0.413450
vt 0.977868 0.413450
vt 0.940459 0.839630
vt 0.937541 0.839630
vt 0.937541 0.819596
vt 0.940459 0.819596
vt 0.978024 0.317675
vt 0.975106 0.317675
vt 0.975106 0.312813
vt 0.978024 0.312813
vt 0.566006 0.879755
vt 0.561144 0.879755
vt 0.561144 0.859720
vt 0.566006 0.859720
vt 0.381448 0.879947
vt 0.376585 0.879947
vt 0.376585 0.859913
vt 0.381448 0.859913
vt 0.726341 0.130753
vt 0.729259 0.130753
vt 0.729259 0.295005
vt 0.726341 0.295005
vt 0.614218 0.082126
vt 0.593794 0.082126
vt 0.614218 0.363083
vt 0.593794 0.363083
vt 0.940459 0.897765
vt 0.937541 0.897765
vt 0.937541 0.877731
vt 0.940459 0.877731
vt 0.362413 0.968458
vt 0.359495 0.968458
vt 0.359495 0.963595
vt 0.362413 0.963595
vt 0.940459 0.869087
vt 0.937541 0.869087
vt 0.937541 0.849052
vt 0.940459 0.849052
vt 0.952021 0.968630
vt 0.949103 0.968630
vt 0.949103 0.963767
vt 0.952021 0.963767
vt 0.687411 0.853801
vt 0.682548 0.853801
vt 0.682548 0.833766
vt 0.687411 0.833766
vt 0.669822 0.854501
vt 0.664959 0.854501
vt 0.664959 0.834467
vt 0.669822 0.834467
vt 0.726341 0.121028
vt 0.729259 0.121028
vt 0.729259 0.304730
vt 0.726341 0.304730
vt 0.614218 0.091851
vt 0.593794 0.091851
vt 0.614218 0.353358
vt 0.593794 0.353358
vt 0.940459 0.926444
vt 0.937541 0.926444
vt 0.937541 0.906410
vt 0.940459 0.906410
vt 0.928897 0.968629
vt 0.925979 0.968629
vt 0.925979 0.963767
vt 0.928897 0.963767
vt 0.667877 0.940537
vt 0.664959 0.940537
vt 0.664959 0.920503
vt 0.667877 0.920503
vt 0.917335 0.968630
vt 0.914417 0.968630
vt 0.914417 0.963767
vt 0.917335 0.963767
vt 0.420445 0.855276
vt 0.415582 0.855276
vt 0.415582 0.835242
vt 0.420445 0.835242
vt 0.496112 0.856372
vt 0.491249 0.856372
vt 0.491249 0.836337
vt 0.496112 0.836337
vt 0.726341 0.111302
vt 0.729259 0.111302
vt 0.729259 0.314456
vt 0.726341 0.314456
vt 0.614218 0.101577
vt 0.593794 0.101577
vt 0.614218 0.343632
vt 0.593794 0.343632
vt 0.418499 0.941312
vt 0.415582 0.941312
vt 0.415582 0.921278
vt 0.418499 0.921278
vt 0.940459 0.968629
vt 0.937541 0.968629
vt 0.937541 0.963767
vt 0.940459 0.963767
vt 0.494167 0.942408
vt 0.491249 0.942408
vt 0.491249 0.922373
vt 0.494167 0.922373
vt 0.596944 0.968751
vt 0.594026 0.968751
vt 0.594026 0.963888
vt 0.596944 0.963888
vt 0.856910 0.304168
vt 0.852048 0.304168
vt 0.852048 0.284134
vt 0.856910 0.284134
vt 0.857073 0.386722
vt 0.852211 0.386722
vt 0.852211 0.366688
vt 0.857073 0.366688
vt 0.726341 0.101577
vt 0.729259 0.101577
vt 0.729259 0.324181
vt 0.726341 0.324181
vt 0.614218 0.111302
vt 0.593794 0.111302
vt 0.614218 0.333907
vt 0.593794 0.333907
vt 0.510905 0.943437
vt 0.507987 0.943437
vt 0.507987 0.923403
vt 0.510905 0.923403
vt 0.585382 0.968751
vt 0.582464 0.968751
vt 0.582464 0.963888
vt 0.585382 0.963888
vt 0.943679 0.304168
vt 0.940761 0.304168
vt 0.940761 0.284134
vt 0.943679 0.284134
vt 0.968785 0.232605
vt 0.965867 0.232605
vt 0.965867 0.227742
vt 0.968785 0.227742
vt 0.857148 0.195287
vt 0.852285 0.195287
vt 0.852285 0.175252
vt 0.857148 0.175252
vt 0.857333 0.417060
vt 0.852471 0.417060
vt 0.852471 0.397025
vt 0.857333 0.397025
vt 0.726341 0.091851
vt 0.729259 0.091851
vt 0.729259 0.333907
vt 0.726341 0.333907
vt 0.614218 0.121028
vt 0.593794 0.121028
vt 0.614218 0.324181
vt 0.593794 0.324181
vt 0.943841 0.386722
vt 0.940924 0.386722
vt 0.940924 0.366688
vt 0.943841 0.366688
vt 0.968784 0.216072
vt 0.965867 0.216072
vt 0.965867 0.211209
vt 0.968784 0.211209
vt 0.943916 0.195287
vt 0.940998 0.195287
vt 0.940998 0.175252
vt 0.943916 0.175252
vt 0.969262 0.751231
vt 0.966345 0.751231
vt 0.966345 0.746368
vt 0.969262 0.746368
vt 0.512850 0.857401
vt 0.507987 0.857401
vt 0.507987 0.837367
vt 0.512850 0.837367
vt 0.710611 0.858341
vt 0.705748 0.858341
vt 0.705748 0.838307
vt 0.710611 0.838307
vt 0.726341 0.082126
vt 0.729259 0.082126
vt 0.729259 0.343632
vt 0.726341 0.343632
vt 0.614218 0.130753
vt 0.593794 0.130753
vt 0.614218 0.314456
vt 0.593794 0.314456
vt 0.944101 0.417060
vt 0.941184 0.417060
vt 0.941184 0.397025
vt 0.944101 0.397025
vt 0.969262 0.764738
vt 0.966345 0.764738
vt 0.966345 0.759875
vt 0.969262 0.759875
vt 0.710611 0.944377
vt 0.707693 0.944377
vt 0.707693 0.924343
vt 0.710611 0.924343
vt 0.969262 0.778245
vt 0.966345 0.778245
vt 0.966345 0.773382
vt 0.969262 0.773382
vt 0.726807 0.858341
vt 0.721944 0.858341
vt 0.721944 0.838307
vt 0.726807 0.838307
vt 0.102165 0.858970
vt 0.097303 0.858970
vt 0.097303 0.838935
vt 0.102165 0.838935
vt 0.726341 0.072400
vt 0.729259 0.072400
vt 0.729259 0.353358
vt 0.726341 0.353358
vt 0.614218 0.140479
vt 0.593794 0.140479
vt 0.614218 0.304730
vt 0.593794 0.304730
vt 0.722172 0.944377
vt 0.719255 0.944377
vt 0.719255 0.924343
vt 0.722172 0.924343
vt 0.076611 0.993217
vt 0.073693 0.993217
vt 0.073693 0.988355
vt 0.076611 0.988355
vt 0.100220 0.945006
vt 0.097303 0.945006
vt 0.097303 0.924971
vt 0.100220 0.924971
vt 0.643141 0.993217
vt 0.640223 0.993217
vt 0.640223 0.988355
vt 0.643141 0.988355
vt 0.880704 0.897376
vt 0.875842 0.897376
vt 0.875842 0.877342
vt 0.880704 0.877342
vt 0.867197 0.897376
vt 0.862335 0.897376
vt 0.862335 0.877342
vt 0.867197 0.877342
vt 0.726341 0.062675
vt 0.729259 0.062675
vt 0.729259 0.363083
vt 0.726341 0.363083
vt 0.614218 0.150204
vt 0.593794 0.150204
vt 0.614218 0.295005
vt 0.593794 0.295005
vt 0.288064 0.945070
vt 0.285146 0.945070
vt 0.285146 0.925035
vt 0.288064 0.925035
vt 0.654703 0.993217
vt 0.651785 0.993217
vt 0.651785 0.988355
vt 0.654703 0.988355
vt 0.304033 0.945111
vt 0.301115 0.945111
vt 0.301115 0.925076
vt 0.304033 0.925076
vt 0.666265 0.993217
vt 0.663347 0.993217
vt 0.663347 0.988355
vt 0.666265 0.988355
vt 0.894211 0.897376
vt 0.889349 0.897376
vt 0.889349 0.877342
vt 0.894211 0.877342
vt 0.897431 0.304168
vt 0.892569 0.304168
vt 0.892569 0.284134
vt 0.897431 0.284134
vt 0.726341 0.052949
vt 0.729259 0.052949
vt 0.729259 0.372809
vt 0.726341 0.372809
vt 0.614218 0.159930
vt 0.593794 0.159930
vt 0.614218 0.285279
vt 0.593794 0.285279
vt 0.325258 0.945302
vt 0.322340 0.945302
vt 0.322340 0.925267
vt 0.325258 0.925267
vt 0.677826 0.993217
vt 0.674909 0.993217
vt 0.674909 0.988355
vt 0.677826 0.988355
vt 0.946006 0.583425
vt 0.943088 0.583425
vt 0.943088 0.563390
vt 0.946006 0.563390
vt 0.088173 0.993217
vt 0.085255 0.993217
vt 0.085255 0.988355
vt 0.088173 0.988355
vt 0.897594 0.386722
vt 0.892731 0.386722
vt 0.892731 0.366688
vt 0.897594 0.366688
vt 0.897669 0.195287
vt 0.892806 0.195287
vt 0.892806 0.175252
vt 0.897669 0.175252
vt 0.726341 0.043224
vt 0.729259 0.043224
vt 0.729259 0.382534
vt 0.726341 0.382534
vt 0.614218 0.169655
vt 0.593794 0.169655
vt 0.614218 0.275554
vt 0.593794 0.275554
vt 0.946006 0.612104
vt 0.943088 0.612104
vt 0.943088 0.592069
vt 0.946006 0.592069
vt 0.689388 0.993217
vt 0.686471 0.993217
vt 0.686471 0.988355
vt 0.689388 0.988355
vt 0.946672 0.232605
vt 0.943755 0.232605
vt 0.943755 0.212570
vt 0.946672 0.212570
vt 0.700950 0.993217
vt 0.698032 0.993217
vt 0.698032 0.988355
vt 0.700950 0.988355
vt 0.897854 0.417060
vt 0.892991 0.417060
vt 0.892991 0.397025
vt 0.897854 0.397025
vt 0.587327 0.897886
vt 0.582464 0.897886
vt 0.582464 0.877852
vt 0.587327 0.877852
vt 0.726341 0.033499
vt 0.729259 0.033499
vt 0.729259 0.392259
vt 0.726341 0.392259
vt 0.614218 0.179380
vt 0.593794 0.179380
vt 0.614218 0.265828
vt 0.593794 0.265828
vt 0.472881 0.946857
vt 0.469964 0.946857
vt 0.469964 0.926822
vt 0.472881 0.926822
vt 0.712512 0.993217
vt 0.709594 0.993217
vt 0.709594 0.988355
vt 0.712512 0.988355
vt 0.947150 0.766403
vt 0.944233 0.766403
vt 0.944233 0.746368
vt 0.947150 0.746368
vt 0.724074 0.993217
vt 0.721156 0.993217
vt 0.721156 0.988355
vt 0.724074 0.988355
vt 0.610534 0.897973
vt 0.605671 0.897973
vt 0.605671 0.877938
vt 0.610534 0.877938
vt 0.640238 0.897973
vt 0.635375 0.897973
vt 0.635375 0.877938
vt 0.640238 0.877938
vt 0.726341 0.023773
vt 0.729259 0.023773
vt 0.729259 0.401985
vt 0.726341 0.401985
vt 0.614218 0.189106
vt 0.593794 0.189106
vt 0.614218 0.256103
vt 0.593794 0.256103
vt 0.338765 0.947675
vt 0.335847 0.947675
vt 0.335847 0.927640
vt 0.338765 0.927640
vt 0.735636 0.993217
vt 0.732718 0.993217
vt 0.732718 0.988355
vt 0.735636 0.988355
vt 0.947854 0.698473
vt 0.944936 0.698473
vt 0.944936 0.678438
vt 0.947854 0.678438
vt 0.747197 0.993217
vt 0.744280 0.993217
vt 0.744280 0.988355
vt 0.747197 0.988355
vt 0.138348 0.898626
vt 0.133485 0.898626
vt 0.133485 0.878592
vt 0.138348 0.878592
vt 0.743207 0.899650
vt 0.738344 0.899650
vt 0.738344 0.879615
vt 0.743207 0.879615
vt 0.726341 0.014048
vt 0.729259 0.014048
vt 0.729259 0.411710
vt 0.726341 0.411710
vt 0.614218 0.198831
vt 0.593794 0.198831
vt 0.614218 0.246377
vt 0.593794 0.246377
vt 0.947854 0.727151
vt 0.944936 0.727151
vt 0.944936 0.707117
vt 0.947854 0.707117
vt 0.758759 0.993217
vt 0.755842 0.993217
vt 0.755842 0.988355
vt 0.758759 0.988355
vt 0.948828 0.024357
vt 0.945910 0.024357
vt 0.945910 0.004322
vt 0.948828 0.004322
vt 0.770321 0.993217
vt 0.767403 0.993217
vt 0.767403 0.988355
vt 0.770321 0.988355
vt 0.899758 0.612104
vt 0.894895 0.612104
vt 0.894895 0.592069
vt 0.899758 0.592069
vt 0.899758 0.583425
vt 0.894895 0.583425
vt 0.894895 0.563390
vt 0.899758 0.563390
vt 0.726341 0.004322
vt 0.729259 0.004322
vt 0.045257 0.908721
vt 0.042340 0.908721
vt 0.042340 0.888298
vt 0.045257 0.888298
vt 0.729259 0.421436
vt 0.726341 0.421436
vt 0.614218 0.208557
vt 0.593794 0.208557
vt 0.614218 0.236652
vt 0.593794 0.236652
vt 0.949365 0.651069
vt 0.946447 0.651069
vt 0.946447 0.631034
vt 0.949365 0.631034
vt 0.781883 0.993217
vt 0.778965 0.993217
vt 0.778965 0.988355
vt 0.781883 0.988355
vt 0.949404 0.162957
vt 0.946486 0.162957
vt 0.946486 0.142922
vt 0.949404 0.142922
vt 0.793445 0.993217
vt 0.790527 0.993217
vt 0.790527 0.988355
vt 0.793445 0.988355
vt 0.900425 0.232605
vt 0.895562 0.232605
vt 0.895562 0.212570
vt 0.900425 0.212570
vt 0.900903 0.766403
vt 0.896040 0.766403
vt 0.896040 0.746368
vt 0.900903 0.746368
s 1
usemtl M416_Final_Metal
f 2215/4284/2142 2216/4285/2142 2218/4286/2142 2217/4287/2142
f 2217/4288/2143 2218/4289/2143 2230/4290/2143 2229/4291/2143
f 2227/4292/2144 2228/4293/2144 2216/4294/2144 2215/4295/2144
f 2217/4296/2145 2229/4297/2145 2227/4298/2145 2215/4299/2145
f 2230/4300/2146 2218/4301/2146 2216/4302/2146 2228/4303/2146
f 2219/4304/2142 2220/4305/2142 2222/4306/2142 2221/4307/2142
f 2221/4308/2143 2222/4309/2143 2226/4310/2143 2225/4311/2143
f 2225/4312/2147 2226/4313/2147 2224/4314/2147 2223/4315/2147
f 2223/4316/2144 2224/4317/2144 2220/4318/2144 2219/4319/2144
f 2221/4320/2145 2225/4321/2145 2223/4322/2145 2219/4323/2145
f 2226/4324/2146 2222/4325/2146 2220/4326/2146 2224/4327/2146
f 2229/4291/2143 2230/4290/2143 2234/4328/2143 2233/4329/2143
f 2231/4330/2144 2232/4331/2144 2228/4293/2144 2227/4292/2144
f 2229/4297/2145 2233/4332/2145 2231/4333/2145 2227/4298/2145
f 2234/4334/2146 2230/4300/2146 2228/4303/2146 2232/4335/2146
f 2235/4336/2142 2236/4337/2142 2238/4338/2142 2237/4339/2142
f 2237/4340/2143 2238/4341/2143 2242/4342/2143 2241/4343/2143
f 2241/4344/2147 2242/4345/2147 2240/4346/2147 2239/4347/2147
f 2239/4348/2144 2240/4349/2144 2236/4350/2144 2235/4351/2144
f 2237/4352/2145 2241/4353/2145 2239/4354/2145 2235/4355/2145
f 2242/4356/2146 2238/4357/2146 2236/4358/2146 2240/4359/2146
f 2233/4329/2143 2234/4328/2143 2254/4360/2143 2253/4361/2143
f 2252/4362/2144 2243/4363/2144 2232/4331/2144 2231/4330/2144
f 2233/4332/2145 2253/4364/2145 2252/4365/2145 2231/4333/2145
f 2254/4366/2146 2234/4334/2146 2232/4335/2146 2243/4367/2146
f 2244/4368/2142 2245/4369/2142 2247/4370/2142 2246/4371/2142
f 2246/4372/2143 2247/4373/2143 2251/4374/2143 2250/4375/2143
f 2250/4376/2147 2251/4377/2147 2249/4378/2147 2248/4379/2147
f 2248/4380/2144 2249/4381/2144 2245/4382/2144 2244/4383/2144
f 2246/4384/2145 2250/4385/2145 2248/4386/2145 2244/4387/2145
f 2251/4388/2146 2247/4389/2146 2245/4390/2146 2249/4391/2146
f 2253/4361/2143 2254/4360/2143 2258/4392/2143 2257/4393/2143
f 2255/4394/2144 2256/4395/2144 2243/4363/2144 2252/4362/2144
f 2253/4364/2145 2257/4396/2145 2255/4397/2145 2252/4365/2145
f 2258/4398/2146 2254/4366/2146 2243/4367/2146 2256/4399/2146
f 2259/4400/2142 2260/4401/2142 2262/4402/2142 2261/4403/2142
f 2261/4404/2143 2262/4405/2143 2266/4406/2143 2265/4407/2143
f 2265/4408/2147 2266/4409/2147 2264/4410/2147 2263/4411/2147
f 2263/4412/2144 2264/4413/2144 2260/4414/2144 2259/4415/2144
f 2261/4416/2145 2265/4417/2145 2263/4418/2145 2259/4419/2145
f 2266/4420/2146 2262/4421/2146 2260/4422/2146 2264/4423/2146
f 2257/4393/2143 2258/4392/2143 2278/4424/2143 2267/4425/2143
f 2276/4426/2144 2277/4427/2144 2256/4395/2144 2255/4394/2144
f 2257/4396/2145 2267/4428/2145 2276/4429/2145 2255/4397/2145
f 2278/4430/2146 2258/4398/2146 2256/4399/2146 2277/4431/2146
f 2268/4432/2142 2269/4433/2142 2271/4434/2142 2270/4435/2142
f 2270/4436/2143 2271/4437/2143 2275/4438/2143 2274/4439/2143
f 2274/4440/2147 2275/4441/2147 2273/4442/2147 2272/4443/2147
f 2272/4444/2144 2273/4445/2144 2269/4446/2144 2268/4447/2144
f 2270/4448/2145 2274/4449/2145 2272/4450/2145 2268/4451/2145
f 2275/4452/2146 2271/4453/2146 2269/4454/2146 2273/4455/2146
f 2267/4425/2143 2278/4424/2143 2290/4456/2143 2280/4457/2143
f 2289/4458/2144 2279/4459/2144 2277/4427/2144 2276/4426/2144
f 2267/4428/2145 2280/4460/2145 2289/4461/2145 2276/4429/2145
f 2290/4462/2146 2278/4430/2146 2277/4431/2146 2279/4463/2146
f 2281/4464/2142 2282/4465/2142 2284/4466/2142 2283/4467/2142
f 2283/4468/2143 2284/4469/2143 2288/4470/2143 2287/4471/2143
f 2287/4472/2147 2288/4473/2147 2286/4474/2147 2285/4475/2147
f 2285/4476/2144 2286/4477/2144 2282/4478/2144 2281/4479/2144
f 2283/4480/2145 2287/4481/2145 2285/4482/2145 2281/4483/2145
f 2288/4484/2146 2284/4485/2146 2282/4486/2146 2286/4487/2146
f 2280/4457/2143 2290/4456/2143 2293/4488/2143 2302/4489/2143
f 2291/4490/2144 2292/4491/2144 2279/4459/2144 2289/4458/2144
f 2280/4460/2145 2302/4492/2145 2291/4493/2145 2289/4461/2145
f 2293/4494/2146 2290/4462/2146 2279/4463/2146 2292/4495/2146
f 2294/4496/2142 2295/4497/2142 2297/4498/2142 2296/4499/2142
f 2296/4500/2143 2297/4501/2143 2301/4502/2143 2300/4503/2143
f 2300/4504/2147 2301/4505/2147 2299/4506/2147 2298/4507/2147
f 2298/4508/2144 2299/4509/2144 2295/4510/2144 2294/4511/2144
f 2296/4512/2145 2300/4513/2145 2298/4514/2145 2294/4515/2145
f 2301/4516/2146 2297/4517/2146 2295/4518/2146 2299/4519/2146
f 2302/4489/2143 2293/4488/2143 2305/4520/2143 2304/4521/2143
f 2303/4522/2144 2314/4523/2144 2292/4491/2144 2291/4490/2144
f 2302/4492/2145 2304/4524/2145 2303/4525/2145 2291/4493/2145
f 2305/4526/2146 2293/4494/2146 2292/4495/2146 2314/4527/2146
f 2306/4528/2142 2307/4529/2142 2309/4530/2142 2308/4531/2142
f 2308/4532/2143 2309/4533/2143 2313/4534/2143 2312/4535/2143
f 2312/4536/2147 2313/4537/2147 2311/4538/2147 2310/4539/2147
f 2310/4540/2144 2311/4541/2144 2307/4542/2144 2306/4543/2144
f 2308/4544/2145 2312/4545/2145 2310/4546/2145 2306/4547/2145
f 2313/4548/2146 2309/4549/2146 2307/4550/2146 2311/4551/2146
f 2304/4521/2143 2305/4520/2143 2317/4552/2143 2316/4553/2143
f 2326/4554/2144 2315/4555/2144 2314/4523/2144 2303/4522/2144
f 2304/4524/2145 2316/4556/2145 2326/4557/2145 2303/4525/2145
f 2317/4558/2146 2305/4526/2146 2314/4527/2146 2315/4559/2146
f 2318/4560/2142 2319/4561/2142 2321/4562/2142 2320/4563/2142
f 2320/4564/2143 2321/4565/2143 2325/4566/2143 2324/4567/2143
f 2324/4568/2147 2325/4569/2147 2323/4570/2147 2322/4571/2147
f 2322/4572/2144 2323/4573/2144 2319/4574/2144 2318/4575/2144
f 2320/4576/2145 2324/4577/2145 2322/4578/2145 2318/4579/2145
f 2325/4580/2146 2321/4581/2146 2319/4582/2146 2323/4583/2146
f 2316/4553/2143 2317/4552/2143 2338/4584/2143 2328/4585/2143
f 2327/4586/2144 2337/4587/2144 2315/4555/2144 2326/4554/2144
f 2316/4556/2145 2328/4588/2145 2327/4589/2145 2326/4557/2145
f 2338/4590/2146 2317/4558/2146 2315/4559/2146 2337/4591/2146
f 2329/4592/2142 2330/4593/2142 2332/4594/2142 2331/4595/2142
f 2331/4596/2143 2332/4597/2143 2336/4598/2143 2335/4599/2143
f 2335/4600/2147 2336/4601/2147 2334/4602/2147 2333/4603/2147
f 2333/4604/2144 2334/4605/2144 2330/4606/2144 2329/4607/2144
f 2331/4608/2145 2335/4609/2145 2333/4610/2145 2329/4611/2145
f 2336/4612/2146 2332/4613/2146 2330/4614/2146 2334/4615/2146
f 2328/4585/2143 2338/4584/2143 2341/4616/2143 2340/4617/2143
f 2350/4618/2144 2339/4619/2144 2337/4587/2144 2327/4586/2144
f 2328/4588/2145 2340/4620/2145 2350/4621/2145 2327/4589/2145
f 2341/4622/2146 2338/4590/2146 2337/4591/2146 2339/4623/2146
f 2342/4624/2142 2343/4625/2142 2345/4626/2142 2344/4627/2142
f 2344/4628/2143 2345/4629/2143 2349/4630/2143 2348/4631/2143
f 2348/4632/2147 2349/4633/2147 2347/4634/2147 2346/4635/2147
f 2346/4636/2144 2347/4637/2144 2343/4638/2144 2342/4639/2144
f 2344/4640/2145 2348/4641/2145 2346/4642/2145 2342/4643/2145
f 2349/4644/2146 2345/4645/2146 2343/4646/2146 2347/4647/2146
f 2340/4617/2143 2341/4616/2143 2362/4648/2143 2361/4649/2143
f 2360/4650/2144 2351/4651/2144 2339/4619/2144 2350/4618/2144
f 2340/4620/2145 2361/4652/2145 2360/4653/2145 2350/4621/2145
f 2362/4654/2146 2341/4622/2146 2339/4623/2146 2351/4655/2146
f 2352/4656/2142 2353/4657/2142 2355/4658/2142 2354/4659/2142
f 2354/4660/2143 2355/4661/2143 2359/4662/2143 2358/4663/2143
f 2358/4664/2147 2359/4665/2147 2357/4666/2147 2356/4667/2147
f 2356/4668/2144 2357/4669/2144 2353/4670/2144 2352/4671/2144
f 2354/4672/2145 2358/4673/2145 2356/4674/2145 2352/4675/2145
f 2359/4676/2146 2355/4677/2146 2353/4678/2146 2357/4679/2146
f 2361/4649/2143 2362/4648/2143 2366/4680/2143 2365/4681/2143
f 2363/4682/2144 2364/4683/2144 2351/4651/2144 2360/4650/2144
f 2361/4652/2145 2365/4684/2145 2363/4685/2145 2360/4653/2145
f 2366/4686/2146 2362/4654/2146 2351/4655/2146 2364/4687/2146
f 2367/4688/2142 2368/4689/2142 2370/4690/2142 2369/4691/2142
f 2369/4692/2143 2370/4693/2143 2374/4694/2143 2373/4695/2143
f 2373/4696/2147 2374/4697/2147 2372/4698/2147 2371/4699/2147
f 2371/4700/2144 2372/4701/2144 2368/4702/2144 2367/4703/2144
f 2369/4704/2145 2373/4705/2145 2371/4706/2145 2367/4707/2145
f 2374/4708/2146 2370/4709/2146 2368/4710/2146 2372/4711/2146
f 2365/4681/2143 2366/4680/2143 2376/4712/2143 2386/4713/2143
f 2375/4714/2144 2385/4715/2144 2364/4683/2144 2363/4682/2144
f 2365/4684/2145 2386/4716/2145 2375/4717/2145 2363/4685/2145
f 2376/4718/2146 2366/4686/2146 2364/4687/2146 2385/4719/2146
f 2377/4720/2142 2378/4721/2142 2380/4722/2142 2379/4723/2142
f 2379/4724/2143 2380/4725/2143 2384/4726/2143 2383/4727/2143
f 2383/4728/2147 2384/4729/2147 2382/4730/2147 2381/4731/2147
f 2381/4732/2144 2382/4733/2144 2378/4734/2144 2377/4735/2144
f 2379/4736/2145 2383/4737/2145 2381/4738/2145 2377/4739/2145
f 2384/4740/2146 2380/4741/2146 2378/4742/2146 2382/4743/2146
f 2386/4713/2143 2376/4712/2143 2398/4744/2143 2397/4745/2143
f 2387/4746/2144 2388/4747/2144 2385/4715/2144 2375/4714/2144
f 2386/4716/2145 2397/4748/2145 2387/4749/2145 2375/4717/2145
f 2398/4750/2146 2376/4718/2146 2385/4719/2146 2388/4751/2146
f 2389/4752/2142 2390/4753/2142 2392/4754/2142 2391/4755/2142
f 2391/4756/2143 2392/4757/2143 2396/4758/2143 2395/4759/2143
f 2395/4760/2147 2396/4761/2147 2394/4762/2147 2393/4763/2147
f 2393/4764/2144 2394/4765/2144 2390/4766/2144 2389/4767/2144
f 2391/4768/2145 2395/4769/2145 2393/4770/2145 2389/4771/2145
f 2396/4772/2146 2392/4773/2146 2390/4774/2146 2394/4775/2146
f 2397/4745/2143 2398/4744/2143 2410/4776/2143 2400/4777/2143
f 2399/4778/2144 2409/4779/2144 2388/4747/2144 2387/4746/2144
f 2397/4748/2145 2400/4780/2145 2399/4781/2145 2387/4749/2145
f 2410/4782/2146 2398/4750/2146 2388/4751/2146 2409/4783/2146
f 2401/4784/2142 2402/4785/2142 2404/4786/2142 2403/4787/2142
f 2403/4788/2143 2404/4789/2143 2408/4790/2143 2407/4791/2143
f 2407/4792/2147 2408/4793/2147 2406/4794/2147 2405/4795/2147
f 2405/4796/2144 2406/4797/2144 2402/4798/2144 2401/4799/2144
f 2403/4800/2145 2407/4801/2145 2405/4802/2145 2401/4803/2145
f 2408/4804/2146 2404/4805/2146 2402/4806/2146 2406/4807/2146
f 2400/4777/2143 2410/4776/2143 2412/4808/2143 2422/4809/2143
f 2421/4810/2144 2411/4811/2144 2409/4779/2144 2399/4778/2144
f 2400/4780/2145 2422/4812/2145 2421/4813/2145 2399/4781/2145
f 2412/4814/2146 2410/4782/2146 2409/4783/2146 2411/4815/2146
f 2413/4816/2142 2414/4817/2142 2416/4818/2142 2415/4819/2142
f 2415/4820/2143 2416/4821/2143 2420/4822/2143 2419/4823/2143
f 2419/4824/2147 2420/4825/2147 2418/4826/2147 2417/4827/2147
f 2417/4828/2144 2418/4829/2144 2414/4830/2144 2413/4831/2144
f 2415/4832/2145 2419/4833/2145 2417/4834/2145 2413/4835/2145
f 2420/4836/2146 2416/4837/2146 2414/4838/2146 2418/4839/2146
f 2422/4809/2143 2412/4808/2143 2425/4840/2143 2434/4841/2143
f 2423/4842/2144 2424/4843/2144 2411/4811/2144 2421/4810/2144
f 2422/4812/2145 2434/4844/2145 2423/4845/2145 2421/4813/2145
f 2425/4846/2146 2412/4814/2146 2411/4815/2146 2424/4847/2146
f 2426/4848/2142 2427/4849/2142 2429/4850/2142 2428/4851/2142
f 2428/4852/2143 2429/4853/2143 2433/4854/2143 2432/4855/2143
f 2432/4856/2147 2433/4857/2147 2431/4858/2147 2430/4859/2147
f 2430/4860/2144 2431/4861/2144 2427/4862/2144 2426/4863/2144
f 2428/4864/2145 2432/4865/2145 2430/4866/2145 2426/4867/2145
f 2433/4868/2146 2429/4869/2146 2427/4870/2146 2431/4871/2146
f 2434/4841/2143 2425/4840/2143 2446/4872/2143 2436/4873/2143
f 2435/4874/2144 2445/4875/2144 2424/4843/2144 2423/4842/2144
f 2434/4844/2145 2436/4876/2145 2435/4877/2145 2423/4845/2145
f 2446/4878/2146 2425/4846/2146 2424/4847/2146 2445/4879/2146
f 2437/4880/2142 2438/4881/2142 2440/4882/2142 2439/4883/2142
f 2439/4884/2143 2440/4885/2143 2444/4886/2143 2443/4887/2143
f 2443/4888/2147 2444/4889/2147 2442/4890/2147 2441/4891/2147
f 2441/4892/2144 2442/4893/2144 2438/4894/2144 2437/4895/2144
f 2439/4896/2145 2443/4897/2145 2441/4898/2145 2437/4899/2145
f 2444/4900/2146 2440/4901/2146 2438/4902/2146 2442/4903/2146
f 2436/4873/2143 2446/4872/2143 2458/4904/2143 2457/4905/2143
f 2455/4906/2144 2456/4907/2144 2445/4875/2144 2435/4874/2144
f 2436/4876/2145 2457/4908/2145 2455/4909/2145 2435/4877/2145
f 2458/4910/2146 2446/4878/2146 2445/4879/2146 2456/4911/2146
f 2447/4912/2142 2448/4913/2142 2450/4914/2142 2449/4915/2142
f 2449/4916/2143 2450/4917/2143 2454/4918/2143 2453/4919/2143
f 2453/4920/2147 2454/4921/2147 2452/4922/2147 2451/4923/2147
f 2451/4924/2144 2452/4925/2144 2448/4926/2144 2447/4927/2144
f 2449/4928/2145 2453/4929/2145 2451/4930/2145 2447/4931/2145
f 2454/4932/2146 2450/4933/2146 2448/4934/2146 2452/4935/2146
f 2457/4905/2143 2458/4904/2143 2462/4936/2143 2461/4937/2143
f 2461/4938/2147 2462/4939/2147 2460/4940/2147 2459/4941/2147
f 2459/4942/2144 2460/4943/2144 2456/4907/2144 2455/4906/2144
f 2457/4908/2145 2461/4944/2145 2459/4945/2145 2455/4909/2145
f 2462/4946/2146 2458/4910/2146 2456/4911/2146 2460/4947/2146
f 2463/4948/2142 2464/4949/2142 2466/4950/2142 2465/4951/2142
f 2465/4952/2143 2466/4953/2143 2470/4954/2143 2469/4955/2143
f 2469/4956/2147 2470/4957/2147 2468/4958/2147 2467/4959/2147
f 2467/4960/2144 2468/4961/2144 2464/4962/2144 2463/4963/2144
f 2465/4964/2145 2469/4965/2145 2467/4966/2145 2463/4967/2145
f 2470/4968/2146 2466/4969/2146 2464/4970/2146 2468/4971/2146
o Handguard_Rail_Top_low
v 0.145000 0.070900 0.010500
v 0.145000 0.073900 0.010500
v 0.145000 0.070900 -0.010500
v 0.145000 0.073900 -0.010500
v 0.147500 0.073900 0.010300
v 0.147500 0.076900 0.010300
v 0.147500 0.073900 -0.010300
v 0.147500 0.076900 -0.010300
v 0.152500 0.073900 0.010300
v 0.152500 0.076900 0.010300
v 0.152500 0.073900 -0.010300
v 0.152500 0.076900 -0.010300
v 0.155000 0.070900 0.010500
v 0.155000 0.073900 0.010500
v 0.155000 0.070900 -0.010500
v 0.155000 0.073900 -0.010500
v 0.165000 0.070900 0.010500
v 0.165000 0.073900 0.010500
v 0.165000 0.070900 -0.010500
v 0.165000 0.073900 -0.010500
v 0.157500 0.073900 0.010300
v 0.157500 0.076900 0.010300
v 0.157500 0.073900 -0.010300
v 0.157500 0.076900 -0.010300
v 0.162500 0.073900 0.010300
v 0.162500 0.076900 0.010300
v 0.162500 0.073900 -0.010300
v 0.162500 0.076900 -0.010300
v 0.175000 0.073900 0.010500
v 0.167500 0.073900 0.010300
v 0.167500 0.076900 0.010300
v 0.167500 0.073900 -0.010300
v 0.167500 0.076900 -0.010300
v 0.172500 0.073900 0.010300
v 0.172500 0.076900 0.010300
v 0.172500 0.073900 -0.010300
v 0.172500 0.076900 -0.010300
v 0.175000 0.070900 0.010500
v 0.175000 0.070900 -0.010500
v 0.175000 0.073900 -0.010500
v 0.185000 0.070900 0.010500
v 0.185000 0.073900 0.010500
v 0.185000 0.070900 -0.010500
v 0.185000 0.073900 -0.010500
v 0.177500 0.073900 0.010300
v 0.177500 0.076900 0.010300
v 0.177500 0.073900 -0.010300
v 0.177500 0.076900 -0.010300
v 0.182500 0.073900 0.010300
v 0.182500 0.076900 0.010300
v 0.182500 0.073900 -0.010300
v 0.182500 0.076900 -0.010300
v 0.195000 0.070900 -0.010500
v 0.187500 0.073900 0.010300
v 0.187500 0.076900 0.010300
v 0.187500 0.073900 -0.010300
v 0.187500 0.076900 -0.010300
v 0.192500 0.073900 0.010300
v 0.192500 0.076900 0.010300
v 0.192500 0.073900 -0.010300
v 0.192500 0.076900 -0.010300
v 0.195000 0.070900 0.010500
v 0.195000 0.073900 0.010500
v 0.195000 0.073900 -0.010500
v 0.205000 0.073900 0.010500
v 0.205000 0.070900 -0.010500
v 0.197500 0.073900 0.010300
v 0.197500 0.076900 0.010300
v 0.197500 0.073900 -0.010300
v 0.197500 0.076900 -0.010300
v 0.202500 0.073900 0.010300
v 0.202500 0.076900 0.010300
v 0.202500 0.073900 -0.010300
v 0.202500 0.076900 -0.010300
v 0.205000 0.070900 0.010500
v 0.205000 0.073900 -0.010500
v 0.215000 0.070900 0.010500
v 0.215000 0.073900 0.010500
v 0.215000 0.073900 -0.010500
v 0.207500 0.073900 0.010300
v 0.207500 0.076900 0.010300
v 0.207500 0.073900 -0.010300
v 0.207500 0.076900 -0.010300
v 0.212500 0.073900 0.010300
v 0.212500 0.076900 0.010300
v 0.212500 0.073900 -0.010300
v 0.212500 0.076900 -0.010300
v 0.215000 0.070900 -0.010500
v 0.225000 0.070900 0.010500
v 0.225000 0.070900 -0.010500
v 0.225000 0.073900 -0.010500
v 0.217500 0.073900 0.010300
v 0.217500 0.076900 0.010300
v 0.217500 0.073900 -0.010300
v 0.217500 0.076900 -0.010300
v 0.222500 0.073900 0.010300
v 0.222500 0.076900 0.010300
v 0.222500 0.073900 -0.010300
v 0.222500 0.076900 -0.010300
v 0.225000 0.073900 0.010500
v 0.235000 0.073900 0.010500
v 0.235000 0.070900 -0.010500
v 0.235000 0.073900 -0.010500
v 0.227500 0.073900 0.010300
v 0.227500 0.076900 0.010300
v 0.227500 0.073900 -0.010300
v 0.227500 0.076900 -0.010300
v 0.232500 0.073900 0.010300
v 0.232500 0.076900 0.010300
v 0.232500 0.073900 -0.010300
v 0.232500 0.076900 -0.010300
v 0.235000 0.070900 0.010500
v 0.245000 0.070900 0.010500
v 0.245000 0.070900 -0.010500
v 0.237500 0.073900 0.010300
v 0.237500 0.076900 0.010300
v 0.237500 0.073900 -0.010300
v 0.237500 0.076900 -0.010300
v 0.242500 0.073900 0.010300
v 0.242500 0.076900 0.010300
v 0.242500 0.073900 -0.010300
v 0.242500 0.076900 -0.010300
v 0.245000 0.073900 0.010500
v 0.245000 0.073900 -0.010500
v 0.255000 0.073900 0.010500
v 0.255000 0.070900 -0.010500
v 0.255000 0.073900 -0.010500
v 0.247500 0.073900 0.010300
v 0.247500 0.076900 0.010300
v 0.247500 0.073900 -0.010300
v 0.247500 0.076900 -0.010300
v 0.252500 0.073900 0.010300
v 0.252500 0.076900 0.010300
v 0.252500 0.073900 -0.010300
v 0.252500 0.076900 -0.010300
v 0.255000 0.070900 0.010500
v 0.265000 0.073900 0.010500
v 0.257500 0.073900 0.010300
v 0.257500 0.076900 0.010300
v 0.257500 0.073900 -0.010300
v 0.257500 0.076900 -0.010300
v 0.262500 0.073900 0.010300
v 0.262500 0.076900 0.010300
v 0.262500 0.073900 -0.010300
v 0.262500 0.076900 -0.010300
v 0.265000 0.070900 0.010500
v 0.265000 0.070900 -0.010500
v 0.265000 0.073900 -0.010500
v 0.275000 0.070900 0.010500
v 0.275000 0.073900 0.010500
v 0.275000 0.070900 -0.010500
v 0.275000 0.073900 -0.010500
v 0.267500 0.073900 0.010300
v 0.267500 0.076900 0.010300
v 0.267500 0.073900 -0.010300
v 0.267500 0.076900 -0.010300
v 0.272500 0.073900 0.010300
v 0.272500 0.076900 0.010300
v 0.272500 0.073900 -0.010300
v 0.272500 0.076900 -0.010300
v 0.285000 0.070900 0.010500
v 0.285000 0.073900 -0.010500
v 0.277500 0.073900 0.010300
v 0.277500 0.076900 0.010300
v 0.277500 0.073900 -0.010300
v 0.277500 0.076900 -0.010300
v 0.282500 0.073900 0.010300
v 0.282500 0.076900 0.010300
v 0.282500 0.073900 -0.010300
v 0.282500 0.076900 -0.010300
v 0.285000 0.073900 0.010500
v 0.285000 0.070900 -0.010500
v 0.295000 0.070900 0.010500
v 0.295000 0.073900 0.010500
v 0.287500 0.073900 0.010300
v 0.287500 0.076900 0.010300
v 0.287500 0.073900 -0.010300
v 0.287500 0.076900 -0.010300
v 0.292500 0.073900 0.010300
v 0.292500 0.076900 0.010300
v 0.292500 0.073900 -0.010300
v 0.292500 0.076900 -0.010300
v 0.295000 0.070900 -0.010500
v 0.295000 0.073900 -0.010500
v 0.305000 0.070900 0.010500
v 0.305000 0.070900 -0.010500
v 0.297500 0.073900 0.010300
v 0.297500 0.076900 0.010300
v 0.297500 0.073900 -0.010300
v 0.297500 0.076900 -0.010300
v 0.302500 0.073900 0.010300
v 0.302500 0.076900 0.010300
v 0.302500 0.073900 -0.010300
v 0.302500 0.076900 -0.010300
v 0.305000 0.073900 0.010500
v 0.305000 0.073900 -0.010500
v 0.315000 0.073900 0.010500
v 0.315000 0.073900 -0.010500
v 0.307500 0.073900 0.010300
v 0.307500 0.076900 0.010300
v 0.307500 0.073900 -0.010300
v 0.307500 0.076900 -0.010300
v 0.312500 0.073900 0.010300
v 0.312500 0.076900 0.010300
v 0.312500 0.073900 -0.010300
v 0.312500 0.076900 -0.010300
v 0.315000 0.070900 0.010500
v 0.315000 0.070900 -0.010500
v 0.325000 0.070900 0.010500
v 0.325000 0.073900 0.010500
v 0.325000 0.073900 -0.010500
v 0.317500 0.073900 0.010300
v 0.317500 0.076900 0.010300
v 0.317500 0.073900 -0.010300
v 0.317500 0.076900 -0.010300
v 0.322500 0.073900 0.010300
v 0.322500 0.076900 0.010300
v 0.322500 0.073900 -0.010300
v 0.322500 0.076900 -0.010300
v 0.325000 0.070900 -0.010500
v 0.335000 0.070900 0.010500
v 0.335000 0.070900 -0.010500
v 0.327500 0.073900 0.010300
v 0.327500 0.076900 0.010300
v 0.327500 0.073900 -0.010300
v 0.327500 0.076900 -0.010300
v 0.332500 0.073900 0.010300
v 0.332500 0.076900 0.010300
v 0.332500 0.073900 -0.010300
v 0.332500 0.076900 -0.010300
v 0.335000 0.073900 0.010500
v 0.335000 0.073900 -0.010500
v 0.337500 0.073900 0.010300
v 0.337500 0.076900 0.010300
v 0.337500 0.073900 -0.010300
v 0.337500 0.076900 -0.010300
v 0.342500 0.073900 0.010300
v 0.342500 0.076900 0.010300
v 0.342500 0.073900 -0.010300
v 0.342500 0.076900 -0.010300
v 0.345000 0.070900 0.010500
v 0.345000 0.073900 0.010500
v 0.345000 0.070900 -0.010500
v 0.345000 0.073900 -0.010500
v 0.355000 0.070900 0.010500
v 0.355000 0.073900 0.010500
v 0.355000 0.070900 -0.010500
v 0.355000 0.073900 -0.010500
v 0.347500 0.073900 0.010300
v 0.347500 0.076900 0.010300
v 0.347500 0.073900 -0.010300
v 0.347500 0.076900 -0.010300
v 0.352500 0.073900 0.010300
v 0.352500 0.076900 0.010300
v 0.352500 0.073900 -0.010300
v 0.352500 0.076900 -0.010300
vn -1.0000 -0.0000 -0.0000
vn -0.0000 -0.0000 -1.0000
vn -0.0000 -0.0000 1.0000
vn -0.0000 -1.0000 -0.0000
vn -0.0000 1.0000 -0.0000
vn 1.0000 -0.0000 -0.0000
vt 0.905773 0.840019
vt 0.902856 0.840019
vt 0.902856 0.819596
vt 0.905773 0.819596
vt 0.518327 0.576587
vt 0.515409 0.576587
vt 0.515409 0.566862
vt 0.518327 0.566862
vt 0.717697 0.014048
vt 0.714779 0.014048
vt 0.714779 0.004322
vt 0.717697 0.004322
vt 0.506765 0.372353
vt 0.506765 0.382078
vt 0.486341 0.382078
vt 0.486341 0.372353
vt 0.477697 0.566862
vt 0.477697 0.576587
vt 0.457274 0.576587
vt 0.457274 0.566862
vt 0.920793 0.195287
vt 0.917875 0.195287
vt 0.917875 0.175252
vt 0.920793 0.175252
vt 0.973484 0.554174
vt 0.970567 0.554174
vt 0.970567 0.549311
vt 0.973484 0.549311
vt 0.652425 0.920816
vt 0.649507 0.920816
vt 0.649507 0.900782
vt 0.652425 0.900782
vt 0.973484 0.540667
vt 0.970567 0.540667
vt 0.970567 0.535804
vt 0.973484 0.535804
vt 0.821354 0.867886
vt 0.816491 0.867886
vt 0.816491 0.847852
vt 0.821354 0.847852
vt 0.756714 0.868126
vt 0.751851 0.868126
vt 0.751851 0.848092
vt 0.756714 0.848092
vt 0.515409 0.557137
vt 0.518327 0.557137
vt 0.717697 0.023773
vt 0.714779 0.023773
vt 0.506765 0.391804
vt 0.486341 0.391804
vt 0.477697 0.557137
vt 0.457274 0.557137
vt 0.624786 0.920816
vt 0.621868 0.920816
vt 0.621868 0.900782
vt 0.624786 0.900782
vt 0.971477 0.649404
vt 0.968559 0.649404
vt 0.968559 0.644541
vt 0.971477 0.644541
vt 0.920978 0.417060
vt 0.918060 0.417060
vt 0.918060 0.397025
vt 0.920978 0.397025
vt 0.971516 0.147785
vt 0.968598 0.147785
vt 0.968598 0.142922
vt 0.971516 0.142922
vt 0.626731 0.863459
vt 0.621868 0.863459
vt 0.621868 0.843424
vt 0.626731 0.843424
vt 0.654370 0.863459
vt 0.649507 0.863459
vt 0.649507 0.843424
vt 0.654370 0.843424
vt 0.515409 0.547411
vt 0.518327 0.547411
vt 0.717697 0.033498
vt 0.714779 0.033498
vt 0.506765 0.401529
vt 0.486341 0.401529
vt 0.477697 0.547411
vt 0.457274 0.547411
vt 0.795094 0.921007
vt 0.792176 0.921007
vt 0.792176 0.900972
vt 0.795094 0.900972
vt 0.971516 0.164318
vt 0.968598 0.164318
vt 0.968598 0.159456
vt 0.971516 0.159456
vt 0.806656 0.921007
vt 0.803738 0.921007
vt 0.803738 0.900972
vt 0.806656 0.900972
vt 0.742195 0.971876
vt 0.739278 0.971876
vt 0.739278 0.967013
vt 0.742195 0.967013
vt 0.797039 0.863649
vt 0.792176 0.863649
vt 0.792176 0.843615
vt 0.797039 0.843615
vt 0.864092 0.116841
vt 0.859230 0.116841
vt 0.859230 0.096806
vt 0.864092 0.096806
vt 0.515409 0.537686
vt 0.518327 0.537686
vt 0.717697 0.043224
vt 0.714779 0.043224
vt 0.506765 0.411255
vt 0.486341 0.411255
vt 0.477697 0.537686
vt 0.457274 0.537686
vt 0.270537 0.921997
vt 0.267619 0.921997
vt 0.267619 0.901963
vt 0.270537 0.901963
vt 0.974922 0.856833
vt 0.972005 0.856833
vt 0.972005 0.851970
vt 0.974922 0.851970
vt 0.258975 0.921997
vt 0.256057 0.921997
vt 0.256057 0.901963
vt 0.258975 0.901963
vt 0.974922 0.840408
vt 0.972005 0.840408
vt 0.972005 0.835545
vt 0.974922 0.835545
vt 0.122265 0.872818
vt 0.117402 0.872818
vt 0.117402 0.852784
vt 0.122265 0.852784
vt 0.087909 0.873213
vt 0.083046 0.873213
vt 0.083046 0.853178
vt 0.087909 0.853178
vt 0.515409 0.527960
vt 0.518327 0.527960
vt 0.717697 0.052949
vt 0.714779 0.052949
vt 0.506765 0.420980
vt 0.486341 0.420980
vt 0.477697 0.527960
vt 0.457274 0.527960
vt 0.536194 0.922327
vt 0.533276 0.922327
vt 0.533276 0.902293
vt 0.536194 0.902293
vt 0.974922 0.899018
vt 0.972005 0.899018
vt 0.972005 0.894155
vt 0.974922 0.894155
vt 0.551646 0.922327
vt 0.548728 0.922327
vt 0.548728 0.902293
vt 0.551646 0.902293
vt 0.974922 0.912525
vt 0.972005 0.912525
vt 0.972005 0.907662
vt 0.974922 0.907662
vt 0.873411 0.232605
vt 0.868548 0.232605
vt 0.868548 0.212570
vt 0.873411 0.212570
vt 0.873889 0.766403
vt 0.869026 0.766403
vt 0.869026 0.746368
vt 0.873889 0.746368
vt 0.515409 0.518235
vt 0.518327 0.518235
vt 0.717697 0.062675
vt 0.714779 0.062675
vt 0.506765 0.430706
vt 0.486341 0.430706
vt 0.477697 0.518235
vt 0.457274 0.518235
vt 0.922882 0.583425
vt 0.919964 0.583425
vt 0.919964 0.563390
vt 0.922882 0.563390
vt 0.974922 0.883846
vt 0.972005 0.883846
vt 0.972005 0.878984
vt 0.974922 0.878984
vt 0.922882 0.612104
vt 0.919964 0.612104
vt 0.919964 0.592069
vt 0.922882 0.592069
vt 0.974922 0.959293
vt 0.972005 0.959293
vt 0.972005 0.954430
vt 0.974922 0.954430
vt 0.874592 0.698473
vt 0.869730 0.698473
vt 0.869730 0.678438
vt 0.874592 0.678438
vt 0.874592 0.727151
vt 0.869730 0.727151
vt 0.869730 0.707117
vt 0.874592 0.707117
vt 0.515409 0.508509
vt 0.518327 0.508509
vt 0.717697 0.072400
vt 0.714779 0.072400
vt 0.506765 0.440431
vt 0.486341 0.440431
vt 0.477697 0.508509
vt 0.457274 0.508509
vt 0.771686 0.923068
vt 0.768768 0.923068
vt 0.768768 0.903034
vt 0.771686 0.903034
vt 0.974922 0.945786
vt 0.972005 0.945786
vt 0.972005 0.940923
vt 0.974922 0.940923
vt 0.783248 0.923068
vt 0.780330 0.923068
vt 0.780330 0.903034
vt 0.783248 0.903034
vt 0.974922 0.932279
vt 0.972005 0.932279
vt 0.972005 0.927416
vt 0.974922 0.927416
vt 0.163365 0.874682
vt 0.158503 0.874682
vt 0.158503 0.854648
vt 0.163365 0.854648
vt 0.176872 0.874682
vt 0.172010 0.874682
vt 0.172010 0.854648
vt 0.176872 0.854648
vt 0.515409 0.498784
vt 0.518327 0.498784
vt 0.717697 0.082126
vt 0.714779 0.082126
vt 0.506765 0.450156
vt 0.486341 0.450156
vt 0.477697 0.498784
vt 0.457274 0.498784
vt 0.400264 0.923285
vt 0.397346 0.923285
vt 0.397346 0.903250
vt 0.400264 0.903250
vt 0.350327 0.966878
vt 0.347409 0.966878
vt 0.347409 0.962015
vt 0.350327 0.962015
vt 0.923549 0.232605
vt 0.920631 0.232605
vt 0.920631 0.212570
vt 0.923549 0.212570
vt 0.524412 0.966992
vt 0.521494 0.966992
vt 0.521494 0.962129
vt 0.524412 0.962129
vt 0.848553 0.024357
vt 0.843690 0.024357
vt 0.843690 0.004322
vt 0.848553 0.004322
vt 0.223529 0.848838
vt 0.218666 0.848838
vt 0.218666 0.828804
vt 0.223529 0.828804
vt 0.515409 0.489058
vt 0.518327 0.489058
vt 0.717697 0.091851
vt 0.714779 0.091851
vt 0.506765 0.459882
vt 0.486341 0.459882
vt 0.477697 0.489058
vt 0.457274 0.489058
vt 0.440835 0.924018
vt 0.437917 0.924018
vt 0.437917 0.903983
vt 0.440835 0.903983
vt 0.057507 0.967332
vt 0.054589 0.967332
vt 0.054589 0.962469
vt 0.057507 0.962469
vt 0.924027 0.766403
vt 0.921109 0.766403
vt 0.921109 0.746368
vt 0.924027 0.746368
vt 0.835606 0.967372
vt 0.832688 0.967372
vt 0.832688 0.962509
vt 0.835606 0.962509
vt 0.849090 0.651069
vt 0.844227 0.651069
vt 0.844227 0.631034
vt 0.849090 0.631034
vt 0.849128 0.162957
vt 0.844266 0.162957
vt 0.844266 0.142922
vt 0.849128 0.142922
vt 0.515409 0.479333
vt 0.518327 0.479333
vt 0.717697 0.101577
vt 0.714779 0.101577
vt 0.506765 0.469607
vt 0.486341 0.469607
vt 0.477697 0.479333
vt 0.457274 0.479333
vt 0.350327 0.924692
vt 0.347409 0.924692
vt 0.347409 0.904658
vt 0.350327 0.904658
vt 0.205792 0.967388
vt 0.202874 0.967388
vt 0.202874 0.962526
vt 0.205792 0.962526
vt 0.924730 0.698473
vt 0.921812 0.698473
vt 0.921812 0.678438
vt 0.924730 0.678438
vt 0.819409 0.967429
vt 0.816491 0.967429
vt 0.816491 0.962566
vt 0.819409 0.962566
vt 0.246606 0.849355
vt 0.241743 0.849355
vt 0.241743 0.829320
vt 0.246606 0.829320
vt 0.849599 0.088162
vt 0.844736 0.088162
vt 0.844736 0.068127
vt 0.849599 0.068127
vt 0.515409 0.469607
vt 0.518327 0.469607
vt 0.717697 0.111302
vt 0.714779 0.111302
vt 0.506765 0.479333
vt 0.486341 0.479333
vt 0.477697 0.469607
vt 0.457274 0.469607
vt 0.924730 0.727151
vt 0.921812 0.727151
vt 0.921812 0.707117
vt 0.924730 0.707117
vt 0.235044 0.967659
vt 0.232127 0.967659
vt 0.232127 0.962797
vt 0.235044 0.962797
vt 0.524412 0.924806
vt 0.521494 0.924806
vt 0.521494 0.904772
vt 0.524412 0.904772
vt 0.246606 0.967659
vt 0.243688 0.967659
vt 0.243688 0.962797
vt 0.246606 0.962797
vt 0.849598 0.059483
vt 0.844736 0.059483
vt 0.844736 0.039449
vt 0.849598 0.039449
vt 0.364358 0.849765
vt 0.359495 0.849765
vt 0.359495 0.829730
vt 0.364358 0.829730
vt 0.515409 0.459882
vt 0.518327 0.459882
vt 0.717697 0.121028
vt 0.714779 0.121028
vt 0.506765 0.489058
vt 0.486341 0.489058
vt 0.477697 0.459882
vt 0.457274 0.459882
vt 0.835606 0.925187
vt 0.832688 0.925187
vt 0.832688 0.905152
vt 0.835606 0.905152
vt 0.756714 0.967669
vt 0.753796 0.967669
vt 0.753796 0.962807
vt 0.756714 0.962807
vt 0.819409 0.925244
vt 0.816491 0.925244
vt 0.816491 0.905209
vt 0.819409 0.905209
vt 0.018802 0.967748
vt 0.015884 0.967748
vt 0.015884 0.962885
vt 0.018802 0.962885
vt 0.850585 0.116841
vt 0.845723 0.116841
vt 0.845723 0.096806
vt 0.850585 0.096806
vt 0.070326 0.850975
vt 0.065464 0.850975
vt 0.065464 0.830941
vt 0.070326 0.830941
vt 0.515409 0.450156
vt 0.518327 0.450156
vt 0.717697 0.130753
vt 0.714779 0.130753
vt 0.506765 0.498784
vt 0.486341 0.498784
vt 0.477697 0.450156
vt 0.457274 0.450156
vt 0.756714 0.925484
vt 0.753796 0.925484
vt 0.753796 0.905449
vt 0.756714 0.905449
vt 0.007240 0.967748
vt 0.004322 0.967748
vt 0.004322 0.962886
vt 0.007240 0.962886
vt 0.925704 0.024357
vt 0.922787 0.024357
vt 0.922787 0.004322
vt 0.925704 0.004322
vt 0.458749 0.968148
vt 0.455831 0.968148
vt 0.455831 0.963286
vt 0.458749 0.963286
vt 0.056819 0.850975
vt 0.051957 0.850975
vt 0.051957 0.830941
vt 0.056819 0.830941
vt 0.566006 0.851076
vt 0.561144 0.851076
vt 0.561144 0.831042
vt 0.566006 0.831042
vt 0.515409 0.440431
vt 0.518327 0.440431
vt 0.717697 0.140479
vt 0.714779 0.140479
vt 0.506765 0.508509
vt 0.486341 0.508509
vt 0.477697 0.440431
vt 0.457274 0.440431
vt 0.458749 0.925963
vt 0.455831 0.925963
vt 0.455831 0.905928
vt 0.458749 0.905928
vt 0.030363 0.993217
vt 0.027446 0.993217
vt 0.027446 0.988355
vt 0.030363 0.988355
vt 0.851745 0.926055
vt 0.848828 0.926055
vt 0.848828 0.906020
vt 0.851745 0.906020
vt 0.319409 0.993217
vt 0.316492 0.993217
vt 0.316492 0.988355
vt 0.319409 0.988355
vt 0.888099 0.727151
vt 0.883237 0.727151
vt 0.883237 0.707117
vt 0.888099 0.707117
vt 0.888099 0.698473
vt 0.883237 0.698473
vt 0.883237 0.678438
vt 0.888099 0.678438
vt 0.515409 0.430706
vt 0.518327 0.430706
vt 0.717697 0.150204
vt 0.714779 0.150204
vt 0.506765 0.518235
vt 0.486341 0.518235
vt 0.477697 0.430706
vt 0.457274 0.430706
vt 0.892266 0.926055
vt 0.889349 0.926055
vt 0.889349 0.906020
vt 0.892266 0.906020
vt 0.330971 0.993217
vt 0.328054 0.993217
vt 0.328054 0.988355
vt 0.330971 0.988355
vt 0.880704 0.926055
vt 0.877787 0.926055
vt 0.877787 0.906020
vt 0.880704 0.906020
vt 0.342533 0.993217
vt 0.339616 0.993217
vt 0.339616 0.988355
vt 0.342533 0.988355
vt 0.889074 0.024357
vt 0.884211 0.024357
vt 0.884211 0.004322
vt 0.889074 0.004322
vt 0.474827 0.889499
vt 0.469964 0.889499
vt 0.469964 0.869465
vt 0.474827 0.869465
vt 0.515409 0.420980
vt 0.518327 0.420980
vt 0.717697 0.159930
vt 0.714779 0.159930
vt 0.506765 0.527960
vt 0.486341 0.527960
vt 0.477697 0.420980
vt 0.457274 0.420980
vt 0.867197 0.926055
vt 0.864280 0.926055
vt 0.864280 0.906020
vt 0.867197 0.906020
vt 0.354095 0.993217
vt 0.351177 0.993217
vt 0.351177 0.988355
vt 0.354095 0.988355
vt 0.926241 0.651069
vt 0.923323 0.651069
vt 0.923323 0.631034
vt 0.926241 0.631034
vt 0.041925 0.993217
vt 0.039008 0.993217
vt 0.039008 0.988355
vt 0.041925 0.988355
vt 0.889610 0.651069
vt 0.884748 0.651069
vt 0.884748 0.631034
vt 0.889610 0.631034
vt 0.889649 0.162957
vt 0.884786 0.162957
vt 0.884786 0.142922
vt 0.889649 0.142922
vt 0.515409 0.411255
vt 0.518327 0.411255
vt 0.717697 0.169655
vt 0.714779 0.169655
vt 0.506765 0.537686
vt 0.486341 0.537686
vt 0.477697 0.411255
vt 0.457274 0.411255
vt 0.926280 0.162957
vt 0.923362 0.162957
vt 0.923362 0.142922
vt 0.926280 0.142922
vt 0.365657 0.993217
vt 0.362739 0.993217
vt 0.362739 0.988355
vt 0.365657 0.988355
vt 0.917335 0.926444
vt 0.914417 0.926444
vt 0.914417 0.906410
vt 0.917335 0.906410
vt 0.377219 0.993217
vt 0.374301 0.993217
vt 0.374301 0.988355
vt 0.377219 0.988355
vt 0.890119 0.088162
vt 0.885257 0.088162
vt 0.885257 0.068127
vt 0.890119 0.068127
vt 0.890119 0.059483
vt 0.885257 0.059483
vt 0.885257 0.039449
vt 0.890119 0.039449
vt 0.515409 0.401529
vt 0.518327 0.401529
vt 0.717697 0.179380
vt 0.714779 0.179380
vt 0.506765 0.547411
vt 0.486341 0.547411
vt 0.477697 0.401529
vt 0.457274 0.401529
vt 0.585382 0.926565
vt 0.582464 0.926565
vt 0.582464 0.906530
vt 0.585382 0.906530
vt 0.388781 0.993217
vt 0.385863 0.993217
vt 0.385863 0.988355
vt 0.388781 0.988355
vt 0.596944 0.926565
vt 0.594026 0.926565
vt 0.594026 0.906530
vt 0.596944 0.906530
vt 0.400342 0.993217
vt 0.397425 0.993217
vt 0.397425 0.988355
vt 0.400342 0.988355
vt 0.338765 0.890317
vt 0.333902 0.890317
vt 0.333902 0.870283
vt 0.338765 0.870283
vt 0.891106 0.116841
vt 0.886243 0.116841
vt 0.886243 0.096806
vt 0.891106 0.096806
vt 0.515409 0.391804
vt 0.518327 0.391804
vt 0.717697 0.189106
vt 0.714779 0.189106
vt 0.506765 0.557137
vt 0.486341 0.557137
vt 0.477697 0.391804
vt 0.457274 0.391804
vt 0.638293 0.926651
vt 0.635375 0.926651
vt 0.635375 0.906617
vt 0.638293 0.906617
vt 0.411904 0.993217
vt 0.408987 0.993217
vt 0.408987 0.988355
vt 0.411904 0.988355
vt 0.608589 0.926651
vt 0.605671 0.926651
vt 0.605671 0.906617
vt 0.608589 0.906617
vt 0.423466 0.993217
vt 0.420548 0.993217
vt 0.420548 0.988355
vt 0.423466 0.988355
vt 0.891815 0.516043
vt 0.886952 0.516043
vt 0.886952 0.496009
vt 0.891815 0.496009
vt 0.892008 0.809386
vt 0.887145 0.809386
vt 0.887145 0.789351
vt 0.892008 0.789351
vt 0.515409 0.382078
vt 0.518327 0.382078
vt 0.717697 0.198831
vt 0.714779 0.198831
vt 0.506765 0.566862
vt 0.486341 0.566862
vt 0.477697 0.382078
vt 0.457274 0.382078
vt 0.926750 0.088162
vt 0.923832 0.088162
vt 0.923832 0.068127
vt 0.926750 0.068127
vt 0.435028 0.993217
vt 0.432110 0.993217
vt 0.432110 0.988355
vt 0.435028 0.988355
vt 0.926750 0.059483
vt 0.923832 0.059483
vt 0.923832 0.039449
vt 0.926750 0.039449
vt 0.446590 0.993217
vt 0.443672 0.993217
vt 0.443672 0.988355
vt 0.446590 0.988355
vt 0.626731 0.892137
vt 0.621868 0.892137
vt 0.621868 0.872103
vt 0.626731 0.872103
vt 0.654370 0.892137
vt 0.649507 0.892137
vt 0.649507 0.872103
vt 0.654370 0.872103
vt 0.515409 0.372353
vt 0.518327 0.372353
vt 0.905773 0.898154
vt 0.902856 0.898154
vt 0.902856 0.877731
vt 0.905773 0.877731
vt 0.717697 0.208557
vt 0.714779 0.208557
vt 0.506765 0.576587
vt 0.486341 0.576587
vt 0.477697 0.372353
vt 0.457274 0.372353
vt 0.905773 0.926833
vt 0.902856 0.926833
vt 0.902856 0.906799
vt 0.905773 0.906799
vt 0.458151 0.993217
vt 0.455234 0.993217
vt 0.455234 0.988355
vt 0.458151 0.988355
vt 0.136403 0.927305
vt 0.133485 0.927305
vt 0.133485 0.907270
vt 0.136403 0.907270
vt 0.469713 0.993217
vt 0.466796 0.993217
vt 0.466796 0.988355
vt 0.469713 0.988355
vt 0.797039 0.892328
vt 0.792176 0.892328
vt 0.792176 0.872294
vt 0.797039 0.872294
vt 0.893248 0.358044
vt 0.888385 0.358044
vt 0.888385 0.338009
vt 0.893248 0.338009
s 1
usemtl M416_Final_Metal
f 2471/4972/2148 2472/4973/2148 2474/4974/2148 2473/4975/2148
f 2473/4976/2149 2474/4977/2149 2486/4978/2149 2485/4979/2149
f 2483/4980/2150 2484/4981/2150 2472/4982/2150 2471/4983/2150
f 2473/4984/2151 2485/4985/2151 2483/4986/2151 2471/4987/2151
f 2486/4988/2152 2474/4989/2152 2472/4990/2152 2484/4991/2152
f 2475/4992/2148 2476/4993/2148 2478/4994/2148 2477/4995/2148
f 2477/4996/2149 2478/4997/2149 2482/4998/2149 2481/4999/2149
f 2481/5000/2153 2482/5001/2153 2480/5002/2153 2479/5003/2153
f 2479/5004/2150 2480/5005/2150 2476/5006/2150 2475/5007/2150
f 2477/5008/2151 2481/5009/2151 2479/5010/2151 2475/5011/2151
f 2482/5012/2152 2478/5013/2152 2476/5014/2152 2480/5015/2152
f 2485/4979/2149 2486/4978/2149 2490/5016/2149 2489/5017/2149
f 2487/5018/2150 2488/5019/2150 2484/4981/2150 2483/4980/2150
f 2485/4985/2151 2489/5020/2151 2487/5021/2151 2483/4986/2151
f 2490/5022/2152 2486/4988/2152 2484/4991/2152 2488/5023/2152
f 2491/5024/2148 2492/5025/2148 2494/5026/2148 2493/5027/2148
f 2493/5028/2149 2494/5029/2149 2498/5030/2149 2497/5031/2149
f 2497/5032/2153 2498/5033/2153 2496/5034/2153 2495/5035/2153
f 2495/5036/2150 2496/5037/2150 2492/5038/2150 2491/5039/2150
f 2493/5040/2151 2497/5041/2151 2495/5042/2151 2491/5043/2151
f 2498/5044/2152 2494/5045/2152 2492/5046/2152 2496/5047/2152
f 2489/5017/2149 2490/5016/2149 2510/5048/2149 2509/5049/2149
f 2508/5050/2150 2499/5051/2150 2488/5019/2150 2487/5018/2150
f 2489/5020/2151 2509/5052/2151 2508/5053/2151 2487/5021/2151
f 2510/5054/2152 2490/5022/2152 2488/5023/2152 2499/5055/2152
f 2500/5056/2148 2501/5057/2148 2503/5058/2148 2502/5059/2148
f 2502/5060/2149 2503/5061/2149 2507/5062/2149 2506/5063/2149
f 2506/5064/2153 2507/5065/2153 2505/5066/2153 2504/5067/2153
f 2504/5068/2150 2505/5069/2150 2501/5070/2150 2500/5071/2150
f 2502/5072/2151 2506/5073/2151 2504/5074/2151 2500/5075/2151
f 2507/5076/2152 2503/5077/2152 2501/5078/2152 2505/5079/2152
f 2509/5049/2149 2510/5048/2149 2514/5080/2149 2513/5081/2149
f 2511/5082/2150 2512/5083/2150 2499/5051/2150 2508/5050/2150
f 2509/5052/2151 2513/5084/2151 2511/5085/2151 2508/5053/2151
f 2514/5086/2152 2510/5054/2152 2499/5055/2152 2512/5087/2152
f 2515/5088/2148 2516/5089/2148 2518/5090/2148 2517/5091/2148
f 2517/5092/2149 2518/5093/2149 2522/5094/2149 2521/5095/2149
f 2521/5096/2153 2522/5097/2153 2520/5098/2153 2519/5099/2153
f 2519/5100/2150 2520/5101/2150 2516/5102/2150 2515/5103/2150
f 2517/5104/2151 2521/5105/2151 2519/5106/2151 2515/5107/2151
f 2522/5108/2152 2518/5109/2152 2516/5110/2152 2520/5111/2152
f 2513/5081/2149 2514/5080/2149 2534/5112/2149 2523/5113/2149
f 2532/5114/2150 2533/5115/2150 2512/5083/2150 2511/5082/2150
f 2513/5084/2151 2523/5116/2151 2532/5117/2151 2511/5085/2151
f 2534/5118/2152 2514/5086/2152 2512/5087/2152 2533/5119/2152
f 2524/5120/2148 2525/5121/2148 2527/5122/2148 2526/5123/2148
f 2526/5124/2149 2527/5125/2149 2531/5126/2149 2530/5127/2149
f 2530/5128/2153 2531/5129/2153 2529/5130/2153 2528/5131/2153
f 2528/5132/2150 2529/5133/2150 2525/5134/2150 2524/5135/2150
f 2526/5136/2151 2530/5137/2151 2528/5138/2151 2524/5139/2151
f 2531/5140/2152 2527/5141/2152 2525/5142/2152 2529/5143/2152
f 2523/5113/2149 2534/5112/2149 2546/5144/2149 2536/5145/2149
f 2545/5146/2150 2535/5147/2150 2533/5115/2150 2532/5114/2150
f 2523/5116/2151 2536/5148/2151 2545/5149/2151 2532/5117/2151
f 2546/5150/2152 2534/5118/2152 2533/5119/2152 2535/5151/2152
f 2537/5152/2148 2538/5153/2148 2540/5154/2148 2539/5155/2148
f 2539/5156/2149 2540/5157/2149 2544/5158/2149 2543/5159/2149
f 2543/5160/2153 2544/5161/2153 2542/5162/2153 2541/5163/2153
f 2541/5164/2150 2542/5165/2150 2538/5166/2150 2537/5167/2150
f 2539/5168/2151 2543/5169/2151 2541/5170/2151 2537/5171/2151
f 2544/5172/2152 2540/5173/2152 2538/5174/2152 2542/5175/2152
f 2536/5145/2149 2546/5144/2149 2549/5176/2149 2558/5177/2149
f 2547/5178/2150 2548/5179/2150 2535/5147/2150 2545/5146/2150
f 2536/5148/2151 2558/5180/2151 2547/5181/2151 2545/5149/2151
f 2549/5182/2152 2546/5150/2152 2535/5151/2152 2548/5183/2152
f 2550/5184/2148 2551/5185/2148 2553/5186/2148 2552/5187/2148
f 2552/5188/2149 2553/5189/2149 2557/5190/2149 2556/5191/2149
f 2556/5192/2153 2557/5193/2153 2555/5194/2153 2554/5195/2153
f 2554/5196/2150 2555/5197/2150 2551/5198/2150 2550/5199/2150
f 2552/5200/2151 2556/5201/2151 2554/5202/2151 2550/5203/2151
f 2557/5204/2152 2553/5205/2152 2551/5206/2152 2555/5207/2152
f 2558/5177/2149 2549/5176/2149 2561/5208/2149 2560/5209/2149
f 2559/5210/2150 2570/5211/2150 2548/5179/2150 2547/5178/2150
f 2558/5180/2151 2560/5212/2151 2559/5213/2151 2547/5181/2151
f 2561/5214/2152 2549/5182/2152 2548/5183/2152 2570/5215/2152
f 2562/5216/2148 2563/5217/2148 2565/5218/2148 2564/5219/2148
f 2564/5220/2149 2565/5221/2149 2569/5222/2149 2568/5223/2149
f 2568/5224/2153 2569/5225/2153 2567/5226/2153 2566/5227/2153
f 2566/5228/2150 2567/5229/2150 2563/5230/2150 2562/5231/2150
f 2564/5232/2151 2568/5233/2151 2566/5234/2151 2562/5235/2151
f 2569/5236/2152 2565/5237/2152 2563/5238/2152 2567/5239/2152
f 2560/5209/2149 2561/5208/2149 2573/5240/2149 2572/5241/2149
f 2582/5242/2150 2571/5243/2150 2570/5211/2150 2559/5210/2150
f 2560/5212/2151 2572/5244/2151 2582/5245/2151 2559/5213/2151
f 2573/5246/2152 2561/5214/2152 2570/5215/2152 2571/5247/2152
f 2574/5248/2148 2575/5249/2148 2577/5250/2148 2576/5251/2148
f 2576/5252/2149 2577/5253/2149 2581/5254/2149 2580/5255/2149
f 2580/5256/2153 2581/5257/2153 2579/5258/2153 2578/5259/2153
f 2578/5260/2150 2579/5261/2150 2575/5262/2150 2574/5263/2150
f 2576/5264/2151 2580/5265/2151 2578/5266/2151 2574/5267/2151
f 2581/5268/2152 2577/5269/2152 2575/5270/2152 2579/5271/2152
f 2572/5241/2149 2573/5240/2149 2594/5272/2149 2584/5273/2149
f 2583/5274/2150 2593/5275/2150 2571/5243/2150 2582/5242/2150
f 2572/5244/2151 2584/5276/2151 2583/5277/2151 2582/5245/2151
f 2594/5278/2152 2573/5246/2152 2571/5247/2152 2593/5279/2152
f 2585/5280/2148 2586/5281/2148 2588/5282/2148 2587/5283/2148
f 2587/5284/2149 2588/5285/2149 2592/5286/2149 2591/5287/2149
f 2591/5288/2153 2592/5289/2153 2590/5290/2153 2589/5291/2153
f 2589/5292/2150 2590/5293/2150 2586/5294/2150 2585/5295/2150
f 2587/5296/2151 2591/5297/2151 2589/5298/2151 2585/5299/2151
f 2592/5300/2152 2588/5301/2152 2586/5302/2152 2590/5303/2152
f 2584/5273/2149 2594/5272/2149 2597/5304/2149 2596/5305/2149
f 2606/5306/2150 2595/5307/2150 2593/5275/2150 2583/5274/2150
f 2584/5276/2151 2596/5308/2151 2606/5309/2151 2583/5277/2151
f 2597/5310/2152 2594/5278/2152 2593/5279/2152 2595/5311/2152
f 2598/5312/2148 2599/5313/2148 2601/5314/2148 2600/5315/2148
f 2600/5316/2149 2601/5317/2149 2605/5318/2149 2604/5319/2149
f 2604/5320/2153 2605/5321/2153 2603/5322/2153 2602/5323/2153
f 2602/5324/2150 2603/5325/2150 2599/5326/2150 2598/5327/2150
f 2600/5328/2151 2604/5329/2151 2602/5330/2151 2598/5331/2151
f 2605/5332/2152 2601/5333/2152 2599/5334/2152 2603/5335/2152
f 2596/5305/2149 2597/5304/2149 2618/5336/2149 2617/5337/2149
f 2616/5338/2150 2607/5339/2150 2595/5307/2150 2606/5306/2150
f 2596/5308/2151 2617/5340/2151 2616/5341/2151 2606/5309/2151
f 2618/5342/2152 2597/5310/2152 2595/5311/2152 2607/5343/2152
f 2608/5344/2148 2609/5345/2148 2611/5346/2148 2610/5347/2148
f 2610/5348/2149 2611/5349/2149 2615/5350/2149 2614/5351/2149
f 2614/5352/2153 2615/5353/2153 2613/5354/2153 2612/5355/2153
f 2612/5356/2150 2613/5357/2150 2609/5358/2150 2608/5359/2150
f 2610/5360/2151 2614/5361/2151 2612/5362/2151 2608/5363/2151
f 2615/5364/2152 2611/5365/2152 2609/5366/2152 2613/5367/2152
f 2617/5337/2149 2618/5336/2149 2622/5368/2149 2621/5369/2149
f 2619/5370/2150 2620/5371/2150 2607/5339/2150 2616/5338/2150
f 2617/5340/2151 2621/5372/2151 2619/5373/2151 2616/5341/2151
f 2622/5374/2152 2618/5342/2152 2607/5343/2152 2620/5375/2152
f 2623/5376/2148 2624/5377/2148 2626/5378/2148 2625/5379/2148
f 2625/5380/2149 2626/5381/2149 2630/5382/2149 2629/5383/2149
f 2629/5384/2153 2630/5385/2153 2628/5386/2153 2627/5387/2153
f 2627/5388/2150 2628/5389/2150 2624/5390/2150 2623/5391/2150
f 2625/5392/2151 2629/5393/2151 2627/5394/2151 2623/5395/2151
f 2630/5396/2152 2626/5397/2152 2624/5398/2152 2628/5399/2152
f 2621/5369/2149 2622/5368/2149 2632/5400/2149 2642/5401/2149
f 2631/5402/2150 2641/5403/2150 2620/5371/2150 2619/5370/2150
f 2621/5372/2151 2642/5404/2151 2631/5405/2151 2619/5373/2151
f 2632/5406/2152 2622/5374/2152 2620/5375/2152 2641/5407/2152
f 2633/5408/2148 2634/5409/2148 2636/5410/2148 2635/5411/2148
f 2635/5412/2149 2636/5413/2149 2640/5414/2149 2639/5415/2149
f 2639/5416/2153 2640/5417/2153 2638/5418/2153 2637/5419/2153
f 2637/5420/2150 2638/5421/2150 2634/5422/2150 2633/5423/2150
f 2635/5424/2151 2639/5425/2151 2637/5426/2151 2633/5427/2151
f 2640/5428/2152 2636/5429/2152 2634/5430/2152 2638/5431/2152
f 2642/5401/2149 2632/5400/2149 2654/5432/2149 2653/5433/2149
f 2643/5434/2150 2644/5435/2150 2641/5403/2150 2631/5402/2150
f 2642/5404/2151 2653/5436/2151 2643/5437/2151 2631/5405/2151
f 2654/5438/2152 2632/5406/2152 2641/5407/2152 2644/5439/2152
f 2645/5440/2148 2646/5441/2148 2648/5442/2148 2647/5443/2148
f 2647/5444/2149 2648/5445/2149 2652/5446/2149 2651/5447/2149
f 2651/5448/2153 2652/5449/2153 2650/5450/2153 2649/5451/2153
f 2649/5452/2150 2650/5453/2150 2646/5454/2150 2645/5455/2150
f 2647/5456/2151 2651/5457/2151 2649/5458/2151 2645/5459/2151
f 2652/5460/2152 2648/5461/2152 2646/5462/2152 2650/5463/2152
f 2653/5433/2149 2654/5432/2149 2666/5464/2149 2656/5465/2149
f 2655/5466/2150 2665/5467/2150 2644/5435/2150 2643/5434/2150
f 2653/5436/2151 2656/5468/2151 2655/5469/2151 2643/5437/2151
f 2666/5470/2152 2654/5438/2152 2644/5439/2152 2665/5471/2152
f 2657/5472/2148 2658/5473/2148 2660/5474/2148 2659/5475/2148
f 2659/5476/2149 2660/5477/2149 2664/5478/2149 2663/5479/2149
f 2663/5480/2153 2664/5481/2153 2662/5482/2153 2661/5483/2153
f 2661/5484/2150 2662/5485/2150 2658/5486/2150 2657/5487/2150
f 2659/5488/2151 2663/5489/2151 2661/5490/2151 2657/5491/2151
f 2664/5492/2152 2660/5493/2152 2658/5494/2152 2662/5495/2152
f 2656/5465/2149 2666/5464/2149 2668/5496/2149 2678/5497/2149
f 2677/5498/2150 2667/5499/2150 2665/5467/2150 2655/5466/2150
f 2656/5468/2151 2678/5500/2151 2677/5501/2151 2655/5469/2151
f 2668/5502/2152 2666/5470/2152 2665/5471/2152 2667/5503/2152
f 2669/5504/2148 2670/5505/2148 2672/5506/2148 2671/5507/2148
f 2671/5508/2149 2672/5509/2149 2676/5510/2149 2675/5511/2149
f 2675/5512/2153 2676/5513/2153 2674/5514/2153 2673/5515/2153
f 2673/5516/2150 2674/5517/2150 2670/5518/2150 2669/5519/2150
f 2671/5520/2151 2675/5521/2151 2673/5522/2151 2669/5523/2151
f 2676/5524/2152 2672/5525/2152 2670/5526/2152 2674/5527/2152
f 2678/5497/2149 2668/5496/2149 2681/5528/2149 2690/5529/2149
f 2679/5530/2150 2680/5531/2150 2667/5499/2150 2677/5498/2150
f 2678/5500/2151 2690/5532/2151 2679/5533/2151 2677/5501/2151
f 2681/5534/2152 2668/5502/2152 2667/5503/2152 2680/5535/2152
f 2682/5536/2148 2683/5537/2148 2685/5538/2148 2684/5539/2148
f 2684/5540/2149 2685/5541/2149 2689/5542/2149 2688/5543/2149
f 2688/5544/2153 2689/5545/2153 2687/5546/2153 2686/5547/2153
f 2686/5548/2150 2687/5549/2150 2683/5550/2150 2682/5551/2150
f 2684/5552/2151 2688/5553/2151 2686/5554/2151 2682/5555/2151
f 2689/5556/2152 2685/5557/2152 2683/5558/2152 2687/5559/2152
f 2690/5529/2149 2681/5528/2149 2702/5560/2149 2692/5561/2149
f 2691/5562/2150 2701/5563/2150 2680/5531/2150 2679/5530/2150
f 2690/5532/2151 2692/5564/2151 2691/5565/2151 2679/5533/2151
f 2702/5566/2152 2681/5534/2152 2680/5535/2152 2701/5567/2152
f 2693/5568/2148 2694/5569/2148 2696/5570/2148 2695/5571/2148
f 2695/5572/2149 2696/5573/2149 2700/5574/2149 2699/5575/2149
f 2699/5576/2153 2700/5577/2153 2698/5578/2153 2697/5579/2153
f 2697/5580/2150 2698/5581/2150 2694/5582/2150 2693/5583/2150
f 2695/5584/2151 2699/5585/2151 2697/5586/2151 2693/5587/2151
f 2700/5588/2152 2696/5589/2152 2694/5590/2152 2698/5591/2152
f 2692/5561/2149 2702/5560/2149 2714/5592/2149 2713/5593/2149
f 2711/5594/2150 2712/5595/2150 2701/5563/2150 2691/5562/2150
f 2692/5564/2151 2713/5596/2151 2711/5597/2151 2691/5565/2151
f 2714/5598/2152 2702/5566/2152 2701/5567/2152 2712/5599/2152
f 2703/5600/2148 2704/5601/2148 2706/5602/2148 2705/5603/2148
f 2705/5604/2149 2706/5605/2149 2710/5606/2149 2709/5607/2149
f 2709/5608/2153 2710/5609/2153 2708/5610/2153 2707/5611/2153
f 2707/5612/2150 2708/5613/2150 2704/5614/2150 2703/5615/2150
f 2705/5616/2151 2709/5617/2151 2707/5618/2151 2703/5619/2151
f 2710/5620/2152 2706/5621/2152 2704/5622/2152 2708/5623/2152
f 2713/5593/2149 2714/5592/2149 2718/5624/2149 2717/5625/2149
f 2717/5626/2153 2718/5627/2153 2716/5628/2153 2715/5629/2153
f 2715/5630/2150 2716/5631/2150 2712/5595/2150 2711/5594/2150
f 2713/5596/2151 2717/5632/2151 2715/5633/2151 2711/5597/2151
f 2718/5634/2152 2714/5598/2152 2712/5599/2152 2716/5635/2152
f 2719/5636/2148 2720/5637/2148 2722/5638/2148 2721/5639/2148
f 2721/5640/2149 2722/5641/2149 2726/5642/2149 2725/5643/2149
f 2725/5644/2153 2726/5645/2153 2724/5646/2153 2723/5647/2153
f 2723/5648/2150 2724/5649/2150 2720/5650/2150 2719/5651/2150
f 2721/5652/2151 2725/5653/2151 2723/5654/2151 2719/5655/2151
f 2726/5656/2152 2722/5657/2152 2720/5658/2152 2724/5659/2152
o Iron_Sights_low
v -0.091600 0.076000 0.011600
v -0.091600 0.076400 0.012000
v -0.092000 0.076400 0.011600
v -0.091600 0.076117 0.011883
v -0.091831 0.076169 0.011831
v -0.091883 0.076400 0.011883
v -0.091883 0.076117 0.011600
v -0.091600 0.083600 0.012000
v -0.091600 0.084000 0.011600
v -0.092000 0.083600 0.011600
v -0.091600 0.083883 0.011883
v -0.091831 0.083831 0.011831
v -0.091883 0.083883 0.011600
v -0.091883 0.083600 0.011883
v -0.091600 0.076000 -0.011600
v -0.092000 0.076400 -0.011600
v -0.091600 0.076400 -0.012000
v -0.091883 0.076117 -0.011600
v -0.091831 0.076169 -0.011831
v -0.091883 0.076400 -0.011883
v -0.091600 0.076117 -0.011883
v -0.091600 0.084000 -0.011600
v -0.091600 0.083600 -0.012000
v -0.092000 0.083600 -0.011600
v -0.091600 0.083883 -0.011883
v -0.091831 0.083831 -0.011831
v -0.091883 0.083600 -0.011883
v -0.091883 0.083883 -0.011600
v -0.068400 0.076000 0.011600
v -0.068000 0.076400 0.011600
v -0.068400 0.076400 0.012000
v -0.068117 0.076117 0.011600
v -0.068169 0.076169 0.011831
v -0.068117 0.076400 0.011883
v -0.068400 0.076117 0.011883
v -0.068400 0.084000 0.011600
v -0.068400 0.083600 0.012000
v -0.068000 0.083600 0.011600
v -0.068400 0.083883 0.011883
v -0.068169 0.083831 0.011831
v -0.068117 0.083600 0.011883
v -0.068117 0.083883 0.011600
v -0.068400 0.076000 -0.011600
v -0.068400 0.076400 -0.012000
v -0.068000 0.076400 -0.011600
v -0.068400 0.076117 -0.011883
v -0.068169 0.076169 -0.011831
v -0.068117 0.076400 -0.011883
v -0.068117 0.076117 -0.011600
v -0.068400 0.084000 -0.011600
v -0.068000 0.083600 -0.011600
v -0.068400 0.083600 -0.012000
v -0.068117 0.083883 -0.011600
v -0.068169 0.083831 -0.011831
v -0.068117 0.083600 -0.011883
v -0.068400 0.083883 -0.011883
v -0.082100 0.084000 0.009600
v -0.082100 0.084400 0.010000
v -0.082500 0.084400 0.009600
v -0.082100 0.084117 0.009883
v -0.082331 0.084169 0.009831
v -0.082383 0.084400 0.009883
v -0.082383 0.084117 0.009600
v -0.082100 0.105600 0.010000
v -0.082100 0.106000 0.009600
v -0.082500 0.105600 0.009600
v -0.082100 0.105883 0.009883
v -0.082331 0.105831 0.009831
v -0.082383 0.105883 0.009600
v -0.082383 0.105600 0.009883
v -0.082100 0.084000 -0.009600
v -0.082500 0.084400 -0.009600
v -0.082100 0.084400 -0.010000
v -0.082383 0.084117 -0.009600
v -0.082331 0.084169 -0.009831
v -0.082383 0.084400 -0.009883
v -0.082100 0.084117 -0.009883
v -0.082100 0.106000 -0.009600
v -0.082100 0.105600 -0.010000
v -0.082500 0.105600 -0.009600
v -0.082100 0.105883 -0.009883
v -0.082331 0.105831 -0.009831
v -0.082383 0.105600 -0.009883
v -0.082383 0.105883 -0.009600
v -0.077900 0.084000 0.009600
v -0.077500 0.084400 0.009600
v -0.077900 0.084400 0.010000
v -0.077617 0.084117 0.009600
v -0.077669 0.084169 0.009831
v -0.077617 0.084400 0.009883
v -0.077900 0.084117 0.009883
v -0.077900 0.106000 0.009600
v -0.077900 0.105600 0.010000
v -0.077500 0.105600 0.009600
v -0.077900 0.105883 0.009883
v -0.077669 0.105831 0.009831
v -0.077617 0.105600 0.009883
v -0.077617 0.105883 0.009600
v -0.077900 0.084000 -0.009600
v -0.077900 0.084400 -0.010000
v -0.077500 0.084400 -0.009600
v -0.077900 0.084117 -0.009883
v -0.077669 0.084169 -0.009831
v -0.077617 0.084400 -0.009883
v -0.077617 0.084117 -0.009600
v -0.077900 0.106000 -0.009600
v -0.077500 0.105600 -0.009600
v -0.077900 0.105600 -0.010000
v -0.077617 0.105883 -0.009600
v -0.077669 0.105831 -0.009831
v -0.077617 0.105600 -0.009883
v -0.077900 0.105883 -0.009883
v -0.083600 0.084000 -0.010400
v -0.083600 0.084400 -0.010000
v -0.084000 0.084400 -0.010400
v -0.083600 0.084117 -0.010117
v -0.083831 0.084169 -0.010169
v -0.083883 0.084400 -0.010117
v -0.083883 0.084117 -0.010400
v -0.083600 0.109600 -0.010000
v -0.083600 0.110000 -0.010400
v -0.084000 0.109600 -0.010400
v -0.083600 0.109883 -0.010117
v -0.083831 0.109831 -0.010169
v -0.083883 0.109883 -0.010400
v -0.083883 0.109600 -0.010117
v -0.083600 0.084000 -0.012600
v -0.084000 0.084400 -0.012600
v -0.083600 0.084400 -0.013000
v -0.083883 0.084117 -0.012600
v -0.083831 0.084169 -0.012831
v -0.083883 0.084400 -0.012883
v -0.083600 0.084117 -0.012883
v -0.083600 0.110000 -0.012600
v -0.083600 0.109600 -0.013000
v -0.084000 0.109600 -0.012600
v -0.083600 0.109883 -0.012883
v -0.083831 0.109831 -0.012831
v -0.083883 0.109600 -0.012883
v -0.083883 0.109883 -0.012600
v -0.076400 0.084000 -0.010400
v -0.076000 0.084400 -0.010400
v -0.076400 0.084400 -0.010000
v -0.076117 0.084117 -0.010400
v -0.076169 0.084169 -0.010169
v -0.076117 0.084400 -0.010117
v -0.076400 0.084117 -0.010117
v -0.076400 0.110000 -0.010400
v -0.076400 0.109600 -0.010000
v -0.076000 0.109600 -0.010400
v -0.076400 0.109883 -0.010117
v -0.076169 0.109831 -0.010169
v -0.076117 0.109600 -0.010117
v -0.076117 0.109883 -0.010400
v -0.076400 0.084000 -0.012600
v -0.076400 0.084400 -0.013000
v -0.076000 0.084400 -0.012600
v -0.076400 0.084117 -0.012883
v -0.076169 0.084169 -0.012831
v -0.076117 0.084400 -0.012883
v -0.076117 0.084117 -0.012600
v -0.076400 0.110000 -0.012600
v -0.076000 0.109600 -0.012600
v -0.076400 0.109600 -0.013000
v -0.076117 0.109883 -0.012600
v -0.076169 0.109831 -0.012831
v -0.076117 0.109600 -0.012883
v -0.076400 0.109883 -0.012883
v -0.083600 0.084000 0.012600
v -0.083600 0.084400 0.013000
v -0.084000 0.084400 0.012600
v -0.083600 0.084117 0.012883
v -0.083831 0.084169 0.012831
v -0.083883 0.084400 0.012883
v -0.083883 0.084117 0.012600
v -0.083600 0.109600 0.013000
v -0.083600 0.110000 0.012600
v -0.084000 0.109600 0.012600
v -0.083600 0.109883 0.012883
v -0.083831 0.109831 0.012831
v -0.083883 0.109883 0.012600
v -0.083883 0.109600 0.012883
v -0.083600 0.084000 0.010400
v -0.084000 0.084400 0.010400
v -0.083600 0.084400 0.010000
v -0.083883 0.084117 0.010400
v -0.083831 0.084169 0.010169
v -0.083883 0.084400 0.010117
v -0.083600 0.084117 0.010117
v -0.083600 0.110000 0.010400
v -0.083600 0.109600 0.010000
v -0.084000 0.109600 0.010400
v -0.083600 0.109883 0.010117
v -0.083831 0.109831 0.010169
v -0.083883 0.109600 0.010117
v -0.083883 0.109883 0.010400
v -0.076400 0.084000 0.012600
v -0.076000 0.084400 0.012600
v -0.076400 0.084400 0.013000
v -0.076117 0.084117 0.012600
v -0.076169 0.084169 0.012831
v -0.076117 0.084400 0.012883
v -0.076400 0.084117 0.012883
v -0.076400 0.110000 0.012600
v -0.076400 0.109600 0.013000
v -0.076000 0.109600 0.012600
v -0.076400 0.109883 0.012883
v -0.076169 0.109831 0.012831
v -0.076117 0.109600 0.012883
v -0.076117 0.109883 0.012600
v -0.076400 0.084000 0.010400
v -0.076400 0.084400 0.010000
v -0.076000 0.084400 0.010400
v -0.076400 0.084117 0.010117
v -0.076169 0.084169 0.010169
v -0.076117 0.084400 0.010117
v -0.076117 0.084117 0.010400
v -0.076400 0.110000 0.010400
v -0.076000 0.109600 0.010400
v -0.076400 0.109600 0.010000
v -0.076117 0.109883 0.010400
v -0.076169 0.109831 0.010169
v -0.076117 0.109600 0.010117
v -0.076400 0.109883 0.010117
v 0.335400 0.076900 0.011600
v 0.335400 0.077300 0.012000
v 0.335000 0.077300 0.011600
v 0.335400 0.077017 0.011883
v 0.335169 0.077069 0.011831
v 0.335117 0.077300 0.011883
v 0.335117 0.077017 0.011600
v 0.335400 0.084500 0.012000
v 0.335400 0.084900 0.011600
v 0.335000 0.084500 0.011600
v 0.335400 0.084783 0.011883
v 0.335169 0.084731 0.011831
v 0.335117 0.084783 0.011600
v 0.335117 0.084500 0.011883
v 0.335400 0.076900 -0.011600
v 0.335000 0.077300 -0.011600
v 0.335400 0.077300 -0.012000
v 0.335117 0.077017 -0.011600
v 0.335169 0.077069 -0.011831
v 0.335117 0.077300 -0.011883
v 0.335400 0.077017 -0.011883
v 0.335400 0.084900 -0.011600
v 0.335400 0.084500 -0.012000
v 0.335000 0.084500 -0.011600
v 0.335400 0.084783 -0.011883
v 0.335169 0.084731 -0.011831
v 0.335117 0.084500 -0.011883
v 0.335117 0.084783 -0.011600
v 0.354600 0.076900 0.011600
v 0.355000 0.077300 0.011600
v 0.354600 0.077300 0.012000
v 0.354883 0.077017 0.011600
v 0.354831 0.077069 0.011831
v 0.354883 0.077300 0.011883
v 0.354600 0.077017 0.011883
v 0.354600 0.084900 0.011600
v 0.354600 0.084500 0.012000
v 0.355000 0.084500 0.011600
v 0.354600 0.084783 0.011883
v 0.354831 0.084731 0.011831
v 0.354883 0.084500 0.011883
v 0.354883 0.084783 0.011600
v 0.354600 0.076900 -0.011600
v 0.354600 0.077300 -0.012000
v 0.355000 0.077300 -0.011600
v 0.354600 0.077017 -0.011883
v 0.354831 0.077069 -0.011831
v 0.354883 0.077300 -0.011883
v 0.354883 0.077017 -0.011600
v 0.354600 0.084900 -0.011600
v 0.355000 0.084500 -0.011600
v 0.354600 0.084500 -0.012000
v 0.354883 0.084783 -0.011600
v 0.354831 0.084731 -0.011831
v 0.354883 0.084500 -0.011883
v 0.354600 0.084783 -0.011883
v 0.342400 0.084900 -0.009400
v 0.342400 0.085300 -0.009000
v 0.342000 0.085300 -0.009400
v 0.342400 0.085017 -0.009117
v 0.342169 0.085069 -0.009169
v 0.342117 0.085300 -0.009117
v 0.342117 0.085017 -0.009400
v 0.342400 0.114500 -0.009000
v 0.342400 0.114900 -0.009400
v 0.342000 0.114500 -0.009400
v 0.342400 0.114783 -0.009117
v 0.342169 0.114731 -0.009169
v 0.342117 0.114783 -0.009400
v 0.342117 0.114500 -0.009117
v 0.342400 0.084900 -0.011600
v 0.342000 0.085300 -0.011600
v 0.342400 0.085300 -0.012000
v 0.342117 0.085017 -0.011600
v 0.342169 0.085069 -0.011831
v 0.342117 0.085300 -0.011883
v 0.342400 0.085017 -0.011883
v 0.342400 0.114900 -0.011600
v 0.342400 0.114500 -0.012000
v 0.342000 0.114500 -0.011600
v 0.342400 0.114783 -0.011883
v 0.342169 0.114731 -0.011831
v 0.342117 0.114500 -0.011883
v 0.342117 0.114783 -0.011600
v 0.347600 0.084900 -0.009400
v 0.348000 0.085300 -0.009400
v 0.347600 0.085300 -0.009000
v 0.347883 0.085017 -0.009400
v 0.347831 0.085069 -0.009169
v 0.347883 0.085300 -0.009117
v 0.347600 0.085017 -0.009117
v 0.347600 0.114900 -0.009400
v 0.347600 0.114500 -0.009000
v 0.348000 0.114500 -0.009400
v 0.347600 0.114783 -0.009117
v 0.347831 0.114731 -0.009169
v 0.347883 0.114500 -0.009117
v 0.347883 0.114783 -0.009400
v 0.347600 0.084900 -0.011600
v 0.347600 0.085300 -0.012000
v 0.348000 0.085300 -0.011600
v 0.347600 0.085017 -0.011883
v 0.347831 0.085069 -0.011831
v 0.347883 0.085300 -0.011883
v 0.347883 0.085017 -0.011600
v 0.347600 0.114900 -0.011600
v 0.348000 0.114500 -0.011600
v 0.347600 0.114500 -0.012000
v 0.347883 0.114783 -0.011600
v 0.347831 0.114731 -0.011831
v 0.347883 0.114500 -0.011883
v 0.347600 0.114783 -0.011883
v 0.342400 0.084900 0.011600
v 0.342400 0.085300 0.012000
v 0.342000 0.085300 0.011600
v 0.342400 0.085017 0.011883
v 0.342169 0.085069 0.011831
v 0.342117 0.085300 0.011883
v 0.342117 0.085017 0.011600
v 0.342400 0.114500 0.012000
v 0.342400 0.114900 0.011600
v 0.342000 0.114500 0.011600
v 0.342400 0.114783 0.011883
v 0.342169 0.114731 0.011831
v 0.342117 0.114783 0.011600
v 0.342117 0.114500 0.011883
v 0.342400 0.084900 0.009400
v 0.342000 0.085300 0.009400
v 0.342400 0.085300 0.009000
v 0.342117 0.085017 0.009400
v 0.342169 0.085069 0.009169
v 0.342117 0.085300 0.009117
v 0.342400 0.085017 0.009117
v 0.342400 0.114900 0.009400
v 0.342400 0.114500 0.009000
v 0.342000 0.114500 0.009400
v 0.342400 0.114783 0.009117
v 0.342169 0.114731 0.009169
v 0.342117 0.114500 0.009117
v 0.342117 0.114783 0.009400
v 0.347600 0.084900 0.011600
v 0.348000 0.085300 0.011600
v 0.347600 0.085300 0.012000
v 0.347883 0.085017 0.011600
v 0.347831 0.085069 0.011831
v 0.347883 0.085300 0.011883
v 0.347600 0.085017 0.011883
v 0.347600 0.114900 0.011600
v 0.347600 0.114500 0.012000
v 0.348000 0.114500 0.011600
v 0.347600 0.114783 0.011883
v 0.347831 0.114731 0.011831
v 0.347883 0.114500 0.011883
v 0.347883 0.114783 0.011600
v 0.347600 0.084900 0.009400
v 0.347600 0.085300 0.009000
v 0.348000 0.085300 0.009400
v 0.347600 0.085017 0.009117
v 0.347831 0.085069 0.009169
v 0.347883 0.085300 0.009117
v 0.347883 0.085017 0.009400
v 0.347600 0.114900 0.009400
v 0.348000 0.114500 0.009400
v 0.347600 0.114500 0.009000
v 0.347883 0.114783 0.009400
v 0.347831 0.114731 0.009169
v 0.347883 0.114500 0.009117
v 0.347600 0.114783 0.009117
v 0.344400 0.084900 0.000600
v 0.344400 0.085300 0.001000
v 0.344000 0.085300 0.000600
v 0.344400 0.085017 0.000883
v 0.344169 0.085069 0.000831
v 0.344117 0.085300 0.000883
v 0.344117 0.085017 0.000600
v 0.344400 0.108500 0.001000
v 0.344400 0.108900 0.000600
v 0.344000 0.108500 0.000600
v 0.344400 0.108783 0.000883
v 0.344169 0.108731 0.000831
v 0.344117 0.108783 0.000600
v 0.344117 0.108500 0.000883
v 0.344400 0.084900 -0.000600
v 0.344000 0.085300 -0.000600
v 0.344400 0.085300 -0.001000
v 0.344117 0.085017 -0.000600
v 0.344169 0.085069 -0.000831
v 0.344117 0.085300 -0.000883
v 0.344400 0.085017 -0.000883
v 0.344400 0.108900 -0.000600
v 0.344400 0.108500 -0.001000
v 0.344000 0.108500 -0.000600
v 0.344400 0.108783 -0.000883
v 0.344169 0.108731 -0.000831
v 0.344117 0.108500 -0.000883
v 0.344117 0.108783 -0.000600
v 0.345600 0.084900 0.000600
v 0.346000 0.085300 0.000600
v 0.345600 0.085300 0.001000
v 0.345883 0.085017 0.000600
v 0.345831 0.085069 0.000831
v 0.345883 0.085300 0.000883
v 0.345600 0.085017 0.000883
v 0.345600 0.108900 0.000600
v 0.345600 0.108500 0.001000
v 0.346000 0.108500 0.000600
v 0.345600 0.108783 0.000883
v 0.345831 0.108731 0.000831
v 0.345883 0.108500 0.000883
v 0.345883 0.108783 0.000600
v 0.345600 0.084900 -0.000600
v 0.345600 0.085300 -0.001000
v 0.346000 0.085300 -0.000600
v 0.345600 0.085017 -0.000883
v 0.345831 0.085069 -0.000831
v 0.345883 0.085300 -0.000883
v 0.345883 0.085017 -0.000600
v 0.345600 0.108900 -0.000600
v 0.346000 0.108500 -0.000600
v 0.345600 0.108500 -0.001000
v 0.345883 0.108783 -0.000600
v 0.345831 0.108731 -0.000831
v 0.345883 0.108500 -0.000883
v 0.345600 0.108783 -0.000883
v -0.077500 0.100000 0.001800
v -0.077500 0.099100 0.001559
v -0.077500 0.100900 0.001559
v -0.077500 0.098441 0.000900
v -0.077500 0.101559 0.000900
v -0.077500 0.098441 -0.000900
v -0.077500 0.101559 -0.000900
v -0.077500 0.100000 -0.001800
v -0.077500 0.099100 -0.001559
v -0.077500 0.100900 -0.001559
v -0.077500 0.101800 0.000000
v -0.077500 0.098200 0.000000
v -0.082500 0.099100 0.001559
v -0.082500 0.100000 0.001800
v -0.082500 0.098441 0.000900
v -0.082500 0.101559 0.000900
v -0.082500 0.100900 0.001559
v -0.082500 0.101559 -0.000900
v -0.082500 0.100000 -0.001800
v -0.082500 0.099100 -0.001559
v -0.082500 0.100900 -0.001559
v -0.082500 0.098441 -0.000900
v -0.082500 0.101800 0.000000
v -0.082500 0.098200 0.000000
vn 0.0049 -0.0156 0.9999
vn 0.0050 0.0156 0.9999
vn -0.0049 0.0156 0.9999
vn -0.0050 -0.0156 0.9999
vn 0.9999 -0.0156 -0.0049
vn 0.9999 0.0156 -0.0050
vn 0.9999 0.0156 0.0049
vn 0.9999 -0.0156 0.0050
vn 0.0116 0.9999 -0.0115
vn -0.0114 0.9999 -0.0113
vn -0.0000 1.0000 -0.0000
vn -0.0114 0.9999 0.0113
vn 0.0114 0.9999 0.0113
vn -0.9999 -0.0156 0.0049
vn -0.9999 0.0156 0.0050
vn -0.9999 0.0156 -0.0049
vn -0.9999 -0.0156 -0.0050
vn -0.0049 -0.0156 -0.9999
vn -0.0050 0.0156 -0.9999
vn 0.0049 0.0156 -0.9999
vn 0.0050 -0.0156 -0.9999
vn 0.9999 -0.0093 -0.0103
vn 1.0000 -0.0000 -0.0000
vn 0.9997 0.0155 -0.0171
vn 0.9997 0.0155 0.0170
vn -0.0152 -0.9988 -0.0467
vn 0.0152 -0.9988 -0.0467
vn 0.0152 -0.9988 0.0467
vn -0.0152 -0.9988 0.0467
vn 0.0260 0.9996 -0.0059
vn -0.0260 0.9996 -0.0059
vn -0.0260 0.9996 0.0059
vn 0.0260 0.9996 0.0059
vn -0.9997 0.0155 0.0170
vn -0.9997 0.0155 -0.0170
vn -1.0000 -0.0000 -0.0000
vn -0.9999 -0.0093 0.0103
vn 0.9989 -0.0045 -0.0470
vn 0.9989 0.0045 -0.0470
vn 0.9989 0.0045 0.0470
vn 0.9989 -0.0045 0.0470
vn 0.0152 0.9988 -0.0467
vn -0.0152 0.9988 -0.0467
vn -0.0152 0.9988 0.0467
vn 0.0152 0.9988 0.0467
vn -0.9989 -0.0045 0.0470
vn -0.9989 0.0045 0.0470
vn -0.9989 0.0045 -0.0470
vn -0.9989 -0.0045 -0.0470
vn -0.0156 -0.0046 -0.9999
vn -0.0156 0.0046 -0.9999
vn 0.0156 0.0046 -0.9999
vn 0.0157 -0.0046 -0.9999
vn 0.0156 -0.0046 0.9999
vn 0.0157 0.0046 0.9999
vn -0.0156 0.0046 0.9999
vn -0.0156 -0.0046 0.9999
vn -0.0060 -1.0000 -0.0050
vn 0.0060 -1.0000 -0.0050
vn 0.0060 -1.0000 0.0050
vn -0.0060 -1.0000 0.0050
vn 0.0060 -0.0157 0.9999
vn 0.0060 0.0156 0.9999
vn -0.0060 0.0156 0.9999
vn -0.0060 -0.0156 0.9999
vn 0.9999 -0.0156 -0.0050
vn 0.9999 0.0156 0.0050
vn -0.0174 0.9997 -0.0144
vn 0.0180 0.9997 -0.0149
vn -0.0060 -0.0156 -0.9999
vn -0.0060 0.0156 -0.9999
vn 0.0060 0.0157 -0.9999
vn 0.0060 -0.0156 -0.9999
vn 0.0214 -0.0040 0.9998
vn 0.0214 0.0040 0.9998
vn -0.0213 0.0040 0.9998
vn -0.0213 -0.0039 0.9998
vn 0.9989 -0.0039 -0.0470
vn 0.9989 0.0039 -0.0470
vn 0.9989 0.0039 0.0470
vn 0.9989 -0.0039 0.0470
vn 0.0207 0.9987 -0.0465
vn -0.0207 0.9987 -0.0465
vn -0.0207 0.9987 0.0465
vn 0.0207 0.9987 0.0465
vn -0.9989 -0.0039 0.0470
vn -0.9989 0.0039 0.0470
vn -0.9989 0.0039 -0.0470
vn -0.9989 -0.0039 -0.0470
vn -0.0213 -0.0040 -0.9998
vn -0.0213 0.0039 -0.9998
vn 0.0214 0.0040 -0.9998
vn 0.0214 -0.0040 -0.9998
vn 0.0786 -0.0048 0.9969
vn 0.0786 0.0048 0.9969
vn -0.0786 0.0048 0.9969
vn -0.0785 -0.0047 0.9969
vn 0.9969 -0.0047 -0.0785
vn 0.9969 0.0047 -0.0785
vn 0.9969 0.0047 0.0785
vn 0.9969 -0.0047 0.0785
vn 0.0749 0.9944 -0.0749
vn -0.0749 0.9944 -0.0749
vn -0.0749 0.9944 0.0749
vn 0.0749 0.9944 0.0749
vn -0.9969 -0.0048 0.0786
vn -0.9969 0.0048 0.0786
vn -0.9969 0.0048 -0.0786
vn -0.9969 -0.0048 -0.0786
vn -0.0786 -0.0048 -0.9969
vn -0.0785 0.0047 -0.9969
vn 0.0786 0.0048 -0.9969
vn 0.0786 -0.0048 -0.9969
vn -0.0050 -1.0000 0.0050
vn -0.0034 -0.9240 0.3823
vn -0.3251 -0.8881 0.3251
vn -0.3823 -0.9240 0.0034
vn -0.3815 -0.0105 0.9243
vn -0.3251 -0.3251 0.8881
vn -0.0034 -0.3823 0.9240
vn -0.9240 -0.3824 0.0034
vn -0.8881 -0.3251 0.3250
vn -0.9243 -0.0105 0.3815
vn -0.0034 0.3823 0.9240
vn -0.3251 0.3251 0.8881
vn -0.3815 0.0105 0.9243
vn -0.3823 0.9240 0.0033
vn -0.3250 0.8881 0.3250
vn -0.0034 0.9240 0.3823
vn -0.9243 0.0106 0.3815
vn -0.8881 0.3251 0.3250
vn -0.9240 0.3823 0.0034
vn -0.0050 -1.0000 -0.0050
vn -0.3823 -0.9240 -0.0034
vn -0.3251 -0.8881 -0.3251
vn -0.0034 -0.9240 -0.3823
vn -0.9243 -0.0105 -0.3815
vn -0.8881 -0.3251 -0.3250
vn -0.9240 -0.3823 -0.0034
vn -0.0034 -0.3823 -0.9240
vn -0.3251 -0.3251 -0.8881
vn -0.3815 -0.0105 -0.9243
vn -0.0033 0.9240 -0.3823
vn -0.3250 0.8881 -0.3250
vn -0.3823 0.9240 -0.0033
vn -0.3815 0.0105 -0.9243
vn -0.3251 0.3251 -0.8881
vn -0.0034 0.3823 -0.9240
vn -0.9240 0.3824 -0.0034
vn -0.8881 0.3251 -0.3250
vn -0.9243 0.0106 -0.3815
vn 0.0050 -1.0000 0.0050
vn 0.3823 -0.9240 0.0034
vn 0.3251 -0.8881 0.3251
vn 0.0034 -0.9240 0.3823
vn 0.9243 -0.0105 0.3815
vn 0.8881 -0.3251 0.3250
vn 0.9240 -0.3823 0.0034
vn 0.0034 -0.3823 0.9240
vn 0.3251 -0.3251 0.8881
vn 0.3815 -0.0105 0.9243
vn 0.0033 0.9240 0.3823
vn 0.3250 0.8881 0.3250
vn 0.3823 0.9240 0.0033
vn 0.3815 0.0105 0.9243
vn 0.3250 0.3251 0.8881
vn 0.0034 0.3823 0.9240
vn 0.9240 0.3824 0.0034
vn 0.8881 0.3251 0.3251
vn 0.9243 0.0105 0.3815
vn 0.0050 -1.0000 -0.0050
vn 0.0034 -0.9240 -0.3823
vn 0.3251 -0.8881 -0.3251
vn 0.3823 -0.9240 -0.0034
vn 0.3815 -0.0105 -0.9243
vn 0.3251 -0.3251 -0.8881
vn 0.0034 -0.3823 -0.9240
vn 0.9240 -0.3824 -0.0034
vn 0.8881 -0.3251 -0.3250
vn 0.9243 -0.0105 -0.3815
vn 0.3823 0.9240 -0.0033
vn 0.3250 0.8881 -0.3250
vn 0.0034 0.9240 -0.3823
vn 0.9243 0.0105 -0.3815
vn 0.8881 0.3251 -0.3251
vn 0.9240 0.3823 -0.0034
vn 0.0034 0.3823 -0.9240
vn 0.3250 0.3250 -0.8881
vn 0.3815 0.0105 -0.9243
vn -0.3211 -0.9442 0.0730
vn -0.0177 -0.9245 0.3807
vn -0.3250 -0.8881 0.3251
vn -0.3822 -0.9241 0.0041
vn -0.3261 -0.0672 0.9429
vn -0.3823 -0.0037 0.9240
vn -0.0177 -0.3806 0.9246
vn -0.9241 -0.3822 0.0041
vn -0.8881 -0.3251 0.3251
vn -0.9240 -0.0037 0.3823
vn -0.3261 0.0672 0.9429
vn -0.0177 0.3807 0.9245
vn -0.3823 0.0037 0.9240
vn -0.3823 0.9240 0.0041
vn -0.3251 0.8881 0.3250
vn -0.0177 0.9246 0.3806
vn -0.9240 0.0037 0.3823
vn -0.8881 0.3251 0.3251
vn -0.9241 0.3822 0.0041
vn -0.3211 -0.9442 -0.0729
vn -0.3822 -0.9241 -0.0041
vn -0.3250 -0.8881 -0.3251
vn -0.0177 -0.9246 -0.3806
vn -0.9999 -0.0093 -0.0103
vn -0.9240 -0.0037 -0.3823
vn -0.8881 -0.3251 -0.3251
vn -0.9241 -0.3822 -0.0041
vn -0.3261 -0.0672 -0.9429
vn -0.0177 -0.3807 -0.9245
vn -0.3823 -0.0037 -0.9240
vn -0.0177 0.9246 -0.3806
vn -0.3251 0.8881 -0.3251
vn -0.3822 0.9241 -0.0041
vn -0.3261 0.0672 -0.9429
vn -0.3823 0.0037 -0.9240
vn -0.0177 0.3806 -0.9246
vn -0.9241 0.3822 -0.0041
vn -0.8881 0.3251 -0.3251
vn -0.9240 0.0037 -0.3823
vn 0.3211 -0.9442 0.0729
vn 0.3822 -0.9241 0.0041
vn 0.3250 -0.8881 0.3251
vn 0.0177 -0.9246 0.3806
vn 0.9999 -0.0093 0.0103
vn 0.9241 -0.0037 0.3822
vn 0.8881 -0.3251 0.3251
vn 0.9241 -0.3822 0.0041
vn 0.3261 -0.0672 0.9429
vn 0.0177 -0.3806 0.9246
vn 0.3823 -0.0037 0.9240
vn 0.0177 0.9246 0.3806
vn 0.3251 0.8881 0.3251
vn 0.3822 0.9241 0.0041
vn 0.3261 0.0672 0.9429
vn 0.3823 0.0037 0.9240
vn 0.3251 0.3251 0.8881
vn 0.0177 0.3806 0.9246
vn 0.9241 0.3822 0.0041
vn 0.9240 0.0037 0.3823
vn 0.3211 -0.9442 -0.0730
vn 0.0177 -0.9245 -0.3807
vn 0.3250 -0.8881 -0.3251
vn 0.3822 -0.9241 -0.0041
vn 0.3261 -0.0672 -0.9429
vn 0.3823 -0.0037 -0.9240
vn 0.0177 -0.3806 -0.9246
vn 0.9241 -0.3822 -0.0041
vn 0.8881 -0.3251 -0.3251
vn 0.9240 -0.0037 -0.3823
vn 0.3823 0.9240 -0.0041
vn 0.3251 0.8881 -0.3251
vn 0.0177 0.9246 -0.3806
vn 0.9241 0.0037 -0.3822
vn 0.9241 0.3822 -0.0041
vn 0.3261 0.0672 -0.9429
vn 0.0177 0.3806 -0.9246
vn 0.3251 0.3251 -0.8881
vn 0.3823 0.0037 -0.9240
vn -0.0105 -0.9243 0.3815
vn -0.3600 -0.9194 0.1585
vn -0.0675 -0.0197 0.9975
vn -0.3823 -0.0031 0.9240
vn -0.0105 -0.3815 0.9243
vn -0.9194 -0.3600 0.1585
vn -0.9240 -0.0031 0.3824
vn -0.0583 0.0171 0.9982
vn -0.0105 0.3815 0.9243
vn -0.3823 0.0031 0.9240
vn -0.3600 0.9194 0.1585
vn -0.3251 0.8881 0.3251
vn -0.0106 0.9243 0.3815
vn -0.9240 0.0031 0.3823
vn -0.9194 0.3600 0.1585
vn -0.3600 -0.9194 -0.1585
vn -0.0106 -0.9243 -0.3815
vn -0.9240 -0.0031 -0.3824
vn -0.8881 -0.3250 -0.3250
vn -0.9194 -0.3600 -0.1585
vn -0.0105 -0.3815 -0.9243
vn -0.3823 -0.0031 -0.9240
vn -0.0106 0.9243 -0.3815
vn -0.3600 0.9194 -0.1585
vn -0.3823 0.0031 -0.9240
vn -0.0105 0.3815 -0.9243
vn -0.9194 0.3600 -0.1585
vn -0.9240 0.0031 -0.3823
vn 0.3600 -0.9194 0.1585
vn 0.3251 -0.8881 0.3250
vn 0.0106 -0.9243 0.3815
vn 0.9240 -0.0031 0.3823
vn 0.9194 -0.3600 0.1585
vn 0.0674 -0.0197 0.9975
vn 0.0105 -0.3815 0.9243
vn 0.3823 -0.0031 0.9240
vn 0.0106 0.9243 0.3815
vn 0.3251 0.8881 0.3250
vn 0.3600 0.9194 0.1585
vn 0.0584 0.0170 0.9981
vn 0.3823 0.0031 0.9240
vn 0.0105 0.3815 0.9243
vn 0.9194 0.3600 0.1585
vn 0.8881 0.3251 0.3250
vn 0.9240 0.0031 0.3823
vn 0.0105 -0.9243 -0.3815
vn 0.3600 -0.9194 -0.1585
vn 0.3823 -0.0031 -0.9240
vn 0.0105 -0.3815 -0.9243
vn 0.9194 -0.3600 -0.1585
vn 0.9240 -0.0031 -0.3823
vn 0.3600 0.9194 -0.1585
vn 0.3251 0.8881 -0.3250
vn 0.0106 0.9243 -0.3815
vn 0.9240 0.0031 -0.3823
vn 0.8881 0.3251 -0.3250
vn 0.9194 0.3600 -0.1585
vn 0.0105 0.3815 -0.9243
vn 0.3823 0.0031 -0.9240
vn -0.9240 -0.0031 0.3823
vn -0.9240 -0.0031 -0.3823
vn -0.0674 -0.0197 -0.9975
vn -0.0105 0.9243 -0.3814
vn -0.0584 0.0170 -0.9981
vn 0.0106 -0.9243 -0.3815
vn 0.0675 -0.0197 -0.9975
vn 0.0583 0.0171 -0.9982
vn 0.0106 0.3815 -0.9243
vn -0.0040 -0.9240 0.3823
vn -0.3250 -0.8881 0.3250
vn -0.3823 -0.9241 0.0033
vn -0.3814 -0.0105 0.9244
vn -0.3250 -0.3251 0.8881
vn -0.0041 -0.3822 0.9241
vn -0.9241 -0.3822 0.0034
vn -0.8881 -0.3250 0.3250
vn -0.9244 -0.0105 0.3814
vn -0.0041 0.3822 0.9241
vn -0.3250 0.3251 0.8881
vn -0.3814 0.0105 0.9243
vn -0.0180 0.9997 0.0149
vn -0.0041 0.9241 0.3822
vn -0.9244 0.0105 0.3814
vn -0.8881 0.3250 0.3250
vn -0.9241 0.3822 0.0034
vn -0.3823 -0.9240 -0.0033
vn -0.3250 -0.8881 -0.3250
vn -0.0040 -0.9241 -0.3822
vn -0.9244 -0.0105 -0.3814
vn -0.9241 -0.3822 -0.0034
vn -0.0041 -0.3822 -0.9241
vn -0.3250 -0.3251 -0.8881
vn -0.3814 -0.0105 -0.9243
vn -0.0041 0.9241 -0.3822
vn -0.3823 0.9241 -0.0033
vn -0.3814 0.0105 -0.9244
vn -0.3250 0.3251 -0.8881
vn -0.0041 0.3822 -0.9241
vn -0.9241 0.3822 -0.0034
vn -0.8881 0.3250 -0.3250
vn -0.9244 0.0105 -0.3814
vn 0.3824 -0.9240 0.0034
vn 0.0040 -0.9241 0.3822
vn 0.9243 -0.0106 0.3816
vn 0.8880 -0.3251 0.3251
vn 0.9240 -0.3824 0.0034
vn 0.0041 -0.3822 0.9241
vn 0.3815 -0.0106 0.9243
vn 0.0173 0.9997 0.0144
vn 0.0040 0.9241 0.3822
vn 0.3250 0.8881 0.3251
vn 0.3823 0.9240 0.0034
vn 0.0041 0.3822 0.9241
vn 0.8880 0.3251 0.3251
vn 0.9243 0.0106 0.3816
vn 0.0041 -0.9241 -0.3822
vn 0.0041 -0.3822 -0.9241
vn 0.9240 -0.3824 -0.0033
vn 0.8880 -0.3251 -0.3251
vn 0.9243 -0.0106 -0.3816
vn 0.3823 0.9240 -0.0034
vn 0.3250 0.8881 -0.3251
vn 0.0040 0.9241 -0.3822
vn 0.9243 0.0106 -0.3816
vn 0.8880 0.3251 -0.3251
vn 0.9240 0.3824 -0.0034
vn 0.0041 0.3822 -0.9241
vn 0.3815 0.0106 -0.9243
vn -0.1243 -0.9521 0.2793
vn -0.0144 -0.9244 0.3810
vn -0.3824 -0.0027 0.9240
vn -0.0144 -0.3810 0.9245
vn -0.9240 -0.0027 0.3823
vn -0.0144 0.3810 0.9245
vn -0.3824 0.0027 0.9240
vn -0.3250 0.8881 0.3251
vn -0.0144 0.9245 0.3810
vn -0.9240 0.0027 0.3824
vn -0.1243 -0.9521 -0.2793
vn -0.0144 -0.9245 -0.3810
vn -0.9240 -0.0027 -0.3824
vn -0.0144 -0.3810 -0.9244
vn -0.3824 -0.0027 -0.9240
vn -0.0144 0.9245 -0.3810
vn -0.3250 0.8881 -0.3251
vn -0.3823 0.0027 -0.9240
vn -0.0144 0.3810 -0.9245
vn -0.9240 0.0027 -0.3824
vn 0.1243 -0.9521 0.2793
vn 0.3599 -0.9194 0.1585
vn 0.0144 -0.9245 0.3810
vn 0.9240 -0.0027 0.3824
vn 0.8881 -0.3250 0.3250
vn 0.9194 -0.3599 0.1585
vn 0.0144 -0.3811 0.9244
vn 0.3250 -0.3250 0.8881
vn 0.3823 -0.0027 0.9240
vn 0.0144 0.9245 0.3810
vn 0.3599 0.9194 0.1585
vn 0.3823 0.0027 0.9240
vn 0.3250 0.3250 0.8881
vn 0.0144 0.3810 0.9245
vn 0.9194 0.3599 0.1584
vn 0.8881 0.3250 0.3250
vn 0.9240 0.0027 0.3824
vn 0.1243 -0.9521 -0.2793
vn 0.0144 -0.9245 -0.3810
vn 0.3599 -0.9194 -0.1585
vn 0.3824 -0.0027 -0.9240
vn 0.3250 -0.3250 -0.8881
vn 0.0144 -0.3810 -0.9245
vn 0.9194 -0.3599 -0.1585
vn 0.8881 -0.3250 -0.3251
vn 0.9240 -0.0027 -0.3823
vn 0.3599 0.9194 -0.1585
vn 0.0144 0.9245 -0.3810
vn 0.9240 0.0027 -0.3824
vn 0.8881 0.3250 -0.3249
vn 0.9194 0.3599 -0.1584
vn 0.0144 0.3810 -0.9244
vn 0.3823 0.0027 -0.9240
vn -0.0144 -0.9245 0.3810
vn -0.3823 -0.0027 0.9240
vn 0.0144 -0.9244 0.3810
vn 0.0144 -0.3810 0.9245
vn 0.3824 0.0027 0.9240
vn 0.0144 -0.9244 -0.3811
vn 0.9240 0.0027 -0.3823
vn 0.0144 0.3810 -0.9245
vn -0.2402 -0.9406 0.2402
vn -0.1585 -0.9194 0.3600
vn -0.3823 -0.0034 0.9240
vn -0.1585 -0.3600 0.9194
vn -0.8880 -0.3251 0.3251
vn -0.9240 -0.0034 0.3824
vn -0.1585 0.3600 0.9194
vn -0.3823 0.0034 0.9240
vn -0.3251 0.8880 0.3251
vn -0.1585 0.9194 0.3600
vn -0.9240 0.0034 0.3823
vn -0.8880 0.3251 0.3252
vn -0.9194 0.3600 0.1586
vn -0.2402 -0.9406 -0.2402
vn -0.1585 -0.9194 -0.3600
vn -0.9240 -0.0034 -0.3823
vn -0.8880 -0.3251 -0.3252
vn -0.9194 -0.3600 -0.1586
vn -0.1585 -0.3600 -0.9194
vn -0.3823 -0.0034 -0.9240
vn -0.1585 0.9194 -0.3600
vn -0.3251 0.8880 -0.3251
vn -0.3823 0.0034 -0.9240
vn -0.1585 0.3600 -0.9194
vn -0.8880 0.3251 -0.3251
vn -0.9240 0.0034 -0.3824
vn 0.2401 -0.9406 0.2402
vn 0.3250 -0.8881 0.3250
vn 0.1585 -0.9194 0.3600
vn 0.9241 -0.0033 0.3822
vn 0.9194 -0.3599 0.1584
vn 0.1585 -0.3600 0.9194
vn 0.3822 -0.0034 0.9241
vn 0.1585 0.9194 0.3600
vn 0.3823 0.0034 0.9240
vn 0.1585 0.3600 0.9194
vn 0.9241 0.0033 0.3823
vn 0.2401 -0.9406 -0.2402
vn 0.1585 -0.9194 -0.3600
vn 0.3250 -0.8881 -0.3250
vn 0.3823 -0.0034 -0.9240
vn 0.1585 -0.3600 -0.9194
vn 0.9194 -0.3599 -0.1584
vn 0.8881 -0.3250 -0.3250
vn 0.9241 -0.0033 -0.3823
vn 0.1585 0.9194 -0.3600
vn 0.9241 0.0033 -0.3822
vn 0.8881 0.3250 -0.3250
vn 0.1585 0.3600 -0.9194
vn 0.3822 0.0034 -0.9241
vn -0.0000 -0.0470 0.9989
vn -0.0000 -0.0470 -0.9989
vn -0.0000 0.9856 -0.1689
vn -0.0000 0.9856 0.1689
vn -0.0000 0.5000 0.8660
vn -0.0000 -0.0000 1.0000
vn -0.0000 0.7071 0.7071
vn -0.0000 0.9659 0.2588
vn -0.0000 0.9659 -0.2588
vn -0.0000 0.5000 -0.8660
vn -0.0000 0.7071 -0.7071
vn -0.0000 -0.0000 -1.0000
vn -0.0000 -0.5000 -0.8660
vn -0.0000 -0.7071 -0.7071
vn -0.0000 -1.0000 -0.0000
vn -0.0000 -0.9659 -0.2588
vn -0.0000 -0.9659 0.2588
vn -0.0000 -0.5000 0.8660
vn -0.0000 -0.7071 0.7071
vt 0.834771 0.027160
vt 0.827769 0.027160
vt 0.827769 0.004597
vt 0.834771 0.004597
vt 0.654095 0.834505
vt 0.647093 0.834505
vt 0.647093 0.811942
vt 0.654095 0.811942
vt 0.514088 0.794745
vt 0.491524 0.794745
vt 0.504848 0.792800
vt 0.500764 0.774127
vt 0.491524 0.772182
vt 0.514088 0.772182
vt 0.504848 0.774127
vt 0.626456 0.834505
vt 0.619453 0.834505
vt 0.619453 0.811942
vt 0.626456 0.811942
vt 0.835307 0.653872
vt 0.828305 0.653872
vt 0.828305 0.631309
vt 0.835307 0.631309
vt 0.590026 0.800579
vt 0.588859 0.800579
vt 0.586914 0.792020
vt 0.591972 0.792020
vt 0.533551 0.816059
vt 0.542013 0.802404
vt 0.542888 0.802638
vt 0.533551 0.795441
vt 0.552224 0.795441
vt 0.542888 0.799137
vt 0.551143 0.959925
vt 0.551143 0.966927
vt 0.549004 0.966927
vt 0.549004 0.959925
vt 0.852563 0.445283
vt 0.848479 0.445283
vt 0.848479 0.426610
vt 0.852563 0.426610
vt 0.158778 0.796432
vt 0.177451 0.796432
vt 0.168114 0.800128
vt 0.158778 0.817050
vt 0.167239 0.803394
vt 0.168114 0.803629
vt 0.500764 0.792800
vt 0.521769 0.862150
vt 0.521769 0.837642
vt 0.523909 0.837642
vt 0.523909 0.862150
vt 0.256560 0.966598
vt 0.256560 0.959595
vt 0.258700 0.959595
vt 0.258700 0.966598
vt 0.771183 0.960666
vt 0.771183 0.967668
vt 0.769043 0.967668
vt 0.769043 0.960666
vt 0.147267 0.863639
vt 0.147267 0.839131
vt 0.149407 0.839131
vt 0.149407 0.863639
vt 0.508262 0.828447
vt 0.508262 0.803939
vt 0.515265 0.803939
vt 0.515265 0.828447
vt 0.722220 0.829387
vt 0.722220 0.804879
vt 0.729222 0.804879
vt 0.729222 0.829387
vt 0.347684 0.866387
vt 0.347684 0.841879
vt 0.349824 0.841879
vt 0.349824 0.866387
vt 0.759015 0.813364
vt 0.740342 0.813364
vt 0.740342 0.790801
vt 0.759015 0.790801
vt 0.535919 0.959925
vt 0.535919 0.966927
vt 0.533779 0.966927
vt 0.533779 0.959925
vt 0.521769 0.895853
vt 0.521769 0.871344
vt 0.523909 0.871344
vt 0.523909 0.895853
vt 0.445195 0.837707
vt 0.438193 0.837707
vt 0.438193 0.819034
vt 0.445195 0.819034
vt 0.835346 0.165760
vt 0.828344 0.165760
vt 0.828344 0.143197
vt 0.835346 0.143197
vt 0.588859 0.801746
vt 0.580106 0.812444
vt 0.591972 0.810304
vt 0.590026 0.801746
vt 0.598779 0.812444
vt 0.836803 0.119644
vt 0.829801 0.119644
vt 0.829801 0.097081
vt 0.836803 0.097081
vt 0.823769 0.838932
vt 0.816766 0.838932
vt 0.816766 0.820260
vt 0.823769 0.820260
vt 0.403744 0.591181
vt 0.403744 0.562783
vt 0.408801 0.562783
vt 0.408801 0.591181
vt 0.035520 0.626314
vt 0.035520 0.597915
vt 0.037660 0.597915
vt 0.037660 0.626314
vt 0.860871 0.775375
vt 0.860871 0.780432
vt 0.858731 0.780432
vt 0.858731 0.775375
vt 0.399794 0.836974
vt 0.399794 0.808575
vt 0.401934 0.808575
vt 0.401934 0.836974
vt 0.186645 0.824830
vt 0.186645 0.796432
vt 0.191702 0.796432
vt 0.191702 0.824830
vt 0.824438 0.344307
vt 0.824438 0.315909
vt 0.829495 0.315909
vt 0.829495 0.344307
vt 0.608119 0.840340
vt 0.608119 0.811942
vt 0.610259 0.811942
vt 0.610259 0.840340
vt 0.872205 0.775375
vt 0.872205 0.780432
vt 0.870065 0.780432
vt 0.870065 0.775375
vt 0.635650 0.840340
vt 0.635650 0.811942
vt 0.637790 0.811942
vt 0.637790 0.840340
vt 0.824438 0.381900
vt 0.824438 0.353502
vt 0.829495 0.353502
vt 0.829495 0.381900
vt 0.255588 0.867444
vt 0.255588 0.844881
vt 0.256755 0.844881
vt 0.256755 0.867444
vt 0.565195 0.784530
vt 0.565195 0.761967
vt 0.566362 0.761967
vt 0.566362 0.784530
vt 0.989840 0.172284
vt 0.988673 0.172284
vt 0.988673 0.171117
vt 0.989840 0.171117
vt 0.041609 0.856473
vt 0.041609 0.833909
vt 0.042776 0.833909
vt 0.042776 0.856473
vt 0.805959 0.872483
vt 0.805959 0.849920
vt 0.807126 0.849920
vt 0.807126 0.872483
vt 0.728586 0.773122
vt 0.728586 0.772847
vt 0.728811 0.772897
vt 0.728861 0.773122
vt 0.834771 0.004322
vt 0.834996 0.004373
vt 0.835046 0.004597
vt 0.626731 0.834505
vt 0.626680 0.834730
vt 0.626456 0.834780
vt 0.827493 0.004597
vt 0.827544 0.004373
vt 0.827769 0.004322
vt 0.491249 0.772182
vt 0.491300 0.771957
vt 0.491524 0.771907
vt 0.619453 0.834780
vt 0.619229 0.834730
vt 0.619178 0.834505
vt 0.728586 0.795685
vt 0.728861 0.795685
vt 0.728811 0.795909
vt 0.728586 0.795960
vt 0.626456 0.811667
vt 0.626680 0.811717
vt 0.626731 0.811942
vt 0.835583 0.653872
vt 0.835532 0.654097
vt 0.835307 0.654147
vt 0.491524 0.795020
vt 0.491300 0.794970
vt 0.491249 0.794745
vt 0.828305 0.654147
vt 0.828081 0.654097
vt 0.828030 0.653872
vt 0.619178 0.811942
vt 0.619229 0.811717
vt 0.619453 0.811667
vt 0.706023 0.773122
vt 0.705748 0.773122
vt 0.705798 0.772897
vt 0.706023 0.772847
vt 0.654095 0.811667
vt 0.654320 0.811717
vt 0.654370 0.811942
vt 0.835046 0.027160
vt 0.834996 0.027385
vt 0.834771 0.027435
vt 0.514088 0.771907
vt 0.514312 0.771957
vt 0.514363 0.772182
vt 0.827769 0.027435
vt 0.827544 0.027385
vt 0.827493 0.027160
vt 0.646818 0.811942
vt 0.646868 0.811717
vt 0.647093 0.811667
vt 0.706023 0.795685
vt 0.706023 0.795960
vt 0.705798 0.795909
vt 0.705748 0.795685
vt 0.835307 0.631034
vt 0.835532 0.631085
vt 0.835583 0.631309
vt 0.654370 0.834505
vt 0.654320 0.834730
vt 0.654095 0.834780
vt 0.514363 0.794745
vt 0.514312 0.794970
vt 0.514088 0.795020
vt 0.647093 0.834780
vt 0.646868 0.834730
vt 0.646818 0.834505
vt 0.828030 0.631309
vt 0.828081 0.631085
vt 0.828305 0.631034
vt 0.865842 0.426610
vt 0.865842 0.426335
vt 0.866067 0.426386
vt 0.866117 0.426610
vt 0.458474 0.839652
vt 0.458749 0.839652
vt 0.458698 0.839877
vt 0.458474 0.839927
vt 0.158778 0.817325
vt 0.158553 0.817275
vt 0.158503 0.817050
vt 0.458474 0.819034
vt 0.458474 0.818759
vt 0.458698 0.818809
vt 0.458749 0.819034
vt 0.848203 0.426610
vt 0.848254 0.426386
vt 0.848479 0.426335
vt 0.158503 0.796432
vt 0.158553 0.796207
vt 0.158778 0.796157
vt 0.865842 0.445283
vt 0.866117 0.445283
vt 0.866067 0.445508
vt 0.865842 0.445558
vt 0.177451 0.817050
vt 0.177726 0.817050
vt 0.177675 0.817275
vt 0.177451 0.817325
vt 0.839044 0.305027
vt 0.839044 0.305302
vt 0.838819 0.305252
vt 0.838769 0.305027
vt 0.848479 0.445558
vt 0.848254 0.445508
vt 0.848203 0.445283
vt 0.839044 0.284409
vt 0.838769 0.284409
vt 0.838819 0.284184
vt 0.839044 0.284134
vt 0.177451 0.796157
vt 0.177675 0.796207
vt 0.177726 0.796432
vt 0.861758 0.426610
vt 0.861483 0.426610
vt 0.861533 0.426386
vt 0.861758 0.426335
vt 0.552224 0.816059
vt 0.552499 0.816059
vt 0.552449 0.816284
vt 0.552224 0.816334
vt 0.454389 0.839652
vt 0.454389 0.839927
vt 0.454165 0.839877
vt 0.454114 0.839652
vt 0.852563 0.426335
vt 0.852788 0.426386
vt 0.852838 0.426610
vt 0.454389 0.819034
vt 0.454114 0.819034
vt 0.454165 0.818809
vt 0.454389 0.818759
vt 0.552224 0.795166
vt 0.552449 0.795217
vt 0.552499 0.795441
vt 0.861758 0.445283
vt 0.861758 0.445558
vt 0.861533 0.445508
vt 0.861483 0.445283
vt 0.843129 0.305027
vt 0.843404 0.305027
vt 0.843353 0.305252
vt 0.843129 0.305302
vt 0.533551 0.816334
vt 0.533327 0.816284
vt 0.533276 0.816059
vt 0.852838 0.445283
vt 0.852788 0.445508
vt 0.852563 0.445558
vt 0.533276 0.795441
vt 0.533327 0.795217
vt 0.533551 0.795166
vt 0.843129 0.284409
vt 0.843129 0.284134
vt 0.843353 0.284184
vt 0.843404 0.284409
vt 0.548728 0.959925
vt 0.548779 0.959701
vt 0.549004 0.959650
vt 0.308392 0.830121
vt 0.308668 0.830121
vt 0.308617 0.830346
vt 0.308392 0.830396
vt 0.147267 0.863914
vt 0.147042 0.863863
vt 0.146992 0.863639
vt 0.308392 0.805613
vt 0.308392 0.805338
vt 0.308617 0.805388
vt 0.308668 0.805613
vt 0.769043 0.967943
vt 0.768819 0.967893
vt 0.768768 0.967668
vt 0.146992 0.839131
vt 0.147042 0.838906
vt 0.147267 0.838856
vt 0.551143 0.959650
vt 0.551368 0.959701
vt 0.551418 0.959925
vt 0.149682 0.863639
vt 0.149631 0.863863
vt 0.149407 0.863914
vt 0.508262 0.828723
vt 0.508038 0.828672
vt 0.507987 0.828447
vt 0.771458 0.967668
vt 0.771408 0.967893
vt 0.771183 0.967943
vt 0.507987 0.803939
vt 0.508038 0.803715
vt 0.508262 0.803664
vt 0.149407 0.838856
vt 0.149631 0.838906
vt 0.149682 0.839131
vt 0.549004 0.967203
vt 0.548779 0.967152
vt 0.548728 0.966927
vt 0.524184 0.862150
vt 0.524134 0.862375
vt 0.523909 0.862425
vt 0.301390 0.830121
vt 0.301390 0.830396
vt 0.301166 0.830346
vt 0.301115 0.830121
vt 0.768768 0.960666
vt 0.768819 0.960441
vt 0.769043 0.960391
vt 0.301390 0.805613
vt 0.301115 0.805613
vt 0.301166 0.805388
vt 0.301390 0.805338
vt 0.523909 0.837367
vt 0.524134 0.837417
vt 0.524184 0.837642
vt 0.551418 0.966927
vt 0.551368 0.967152
vt 0.551143 0.967203
vt 0.515540 0.828447
vt 0.515489 0.828672
vt 0.515265 0.828723
vt 0.521769 0.862425
vt 0.521545 0.862375
vt 0.521494 0.862150
vt 0.771183 0.960391
vt 0.771408 0.960441
vt 0.771458 0.960666
vt 0.521494 0.837642
vt 0.521545 0.837417
vt 0.521769 0.837367
vt 0.515265 0.803664
vt 0.515489 0.803715
vt 0.515540 0.803939
vt 0.258975 0.966598
vt 0.258924 0.966822
vt 0.258700 0.966873
vt 0.729497 0.829387
vt 0.729446 0.829612
vt 0.729222 0.829662
vt 0.521769 0.896128
vt 0.521545 0.896077
vt 0.521494 0.895853
vt 0.729222 0.804604
vt 0.729446 0.804655
vt 0.729497 0.804879
vt 0.533779 0.967202
vt 0.533555 0.967152
vt 0.533504 0.966927
vt 0.521494 0.871344
vt 0.521545 0.871120
vt 0.521769 0.871069
vt 0.256560 0.966873
vt 0.256336 0.966822
vt 0.256285 0.966598
vt 0.524184 0.895853
vt 0.524134 0.896077
vt 0.523909 0.896128
vt 0.706023 0.829387
vt 0.706023 0.829663
vt 0.705798 0.829612
vt 0.705748 0.829387
vt 0.536194 0.966927
vt 0.536144 0.967152
vt 0.535919 0.967202
vt 0.706023 0.804879
vt 0.705748 0.804879
vt 0.705798 0.804655
vt 0.706023 0.804604
vt 0.523909 0.871069
vt 0.524134 0.871120
vt 0.524184 0.871344
vt 0.258700 0.959320
vt 0.258924 0.959371
vt 0.258975 0.959595
vt 0.350099 0.866387
vt 0.350049 0.866612
vt 0.349824 0.866662
vt 0.722220 0.829662
vt 0.721995 0.829612
vt 0.721944 0.829387
vt 0.533504 0.959925
vt 0.533555 0.959700
vt 0.533779 0.959650
vt 0.721944 0.804879
vt 0.721995 0.804655
vt 0.722220 0.804604
vt 0.349824 0.841604
vt 0.350049 0.841655
vt 0.350099 0.841879
vt 0.256285 0.959595
vt 0.256336 0.959371
vt 0.256560 0.959320
vt 0.713025 0.829387
vt 0.713300 0.829387
vt 0.713250 0.829612
vt 0.713025 0.829663
vt 0.347684 0.866662
vt 0.347460 0.866612
vt 0.347409 0.866387
vt 0.535919 0.959650
vt 0.536144 0.959700
vt 0.536194 0.959925
vt 0.347409 0.841879
vt 0.347460 0.841655
vt 0.347684 0.841604
vt 0.713025 0.804879
vt 0.713025 0.804604
vt 0.713250 0.804655
vt 0.713300 0.804879
vt 0.759015 0.790526
vt 0.759239 0.790577
vt 0.759290 0.790801
vt 0.445195 0.818759
vt 0.445419 0.818809
vt 0.445470 0.819034
vt 0.837078 0.119644
vt 0.837028 0.119869
vt 0.836803 0.119919
vt 0.437917 0.819034
vt 0.437968 0.818809
vt 0.438193 0.818759
vt 0.580106 0.789881
vt 0.579831 0.789881
vt 0.579882 0.789656
vt 0.580106 0.789605
vt 0.829801 0.119919
vt 0.829576 0.119869
vt 0.829526 0.119644
vt 0.759290 0.813364
vt 0.759239 0.813589
vt 0.759015 0.813639
vt 0.836803 0.096806
vt 0.837028 0.096857
vt 0.837078 0.097081
vt 0.824044 0.838932
vt 0.823993 0.839157
vt 0.823769 0.839207
vt 0.580106 0.812719
vt 0.579882 0.812668
vt 0.579831 0.812444
vt 0.816766 0.839207
vt 0.816542 0.839157
vt 0.816491 0.838932
vt 0.829526 0.097081
vt 0.829576 0.096857
vt 0.829801 0.096806
vt 0.740067 0.790801
vt 0.740117 0.790577
vt 0.740342 0.790526
vt 0.835346 0.142922
vt 0.835571 0.142973
vt 0.835621 0.143197
vt 0.445470 0.837707
vt 0.445419 0.837931
vt 0.445195 0.837982
vt 0.598779 0.789881
vt 0.598779 0.789605
vt 0.599004 0.789656
vt 0.599054 0.789881
vt 0.438193 0.837982
vt 0.437968 0.837931
vt 0.437917 0.837707
vt 0.828069 0.143197
vt 0.828119 0.142973
vt 0.828344 0.142922
vt 0.740342 0.813639
vt 0.740117 0.813589
vt 0.740067 0.813364
vt 0.823769 0.819984
vt 0.823993 0.820035
vt 0.824044 0.820260
vt 0.835621 0.165760
vt 0.835571 0.165985
vt 0.835346 0.166036
vt 0.599054 0.812444
vt 0.599004 0.812668
vt 0.598779 0.812719
vt 0.828344 0.166036
vt 0.828119 0.165985
vt 0.828069 0.165760
vt 0.816491 0.820260
vt 0.816542 0.820035
vt 0.816766 0.819984
vt 0.883539 0.780432
vt 0.883814 0.780432
vt 0.883763 0.780657
vt 0.883539 0.780707
vt 0.409076 0.591181
vt 0.409025 0.591406
vt 0.408801 0.591456
vt 0.399794 0.837249
vt 0.399570 0.837198
vt 0.399519 0.836974
vt 0.408801 0.562508
vt 0.409025 0.562558
vt 0.409076 0.562783
vt 0.858731 0.780707
vt 0.858507 0.780657
vt 0.858456 0.780432
vt 0.399519 0.808575
vt 0.399570 0.808351
vt 0.399794 0.808300
vt 0.881399 0.780432
vt 0.881399 0.780707
vt 0.881175 0.780657
vt 0.881124 0.780432
vt 0.402209 0.836974
vt 0.402158 0.837198
vt 0.401934 0.837249
vt 0.186645 0.825105
vt 0.186420 0.825055
vt 0.186370 0.824830
vt 0.861146 0.780432
vt 0.861095 0.780657
vt 0.860871 0.780707
vt 0.186370 0.796432
vt 0.186420 0.796207
vt 0.186645 0.796157
vt 0.401934 0.808300
vt 0.402158 0.808351
vt 0.402209 0.808575
vt 0.883539 0.775375
vt 0.883539 0.775100
vt 0.883763 0.775150
vt 0.883814 0.775375
vt 0.037935 0.626314
vt 0.037884 0.626538
vt 0.037660 0.626589
vt 0.403744 0.591456
vt 0.403519 0.591406
vt 0.403468 0.591181
vt 0.858456 0.775375
vt 0.858507 0.775150
vt 0.858731 0.775100
vt 0.403468 0.562783
vt 0.403519 0.562558
vt 0.403744 0.562508
vt 0.037660 0.597640
vt 0.037884 0.597691
vt 0.037935 0.597915
vt 0.881399 0.775375
vt 0.881124 0.775375
vt 0.881175 0.775150
vt 0.881399 0.775100
vt 0.191977 0.824830
vt 0.191927 0.825055
vt 0.191702 0.825105
vt 0.035520 0.626589
vt 0.035295 0.626538
vt 0.035245 0.626314
vt 0.860871 0.775100
vt 0.861095 0.775150
vt 0.861146 0.775375
vt 0.035245 0.597915
vt 0.035295 0.597691
vt 0.035520 0.597640
vt 0.191702 0.796157
vt 0.191927 0.796207
vt 0.191977 0.796432
vt 0.892733 0.775375
vt 0.892458 0.775375
vt 0.892508 0.775150
vt 0.892733 0.775100
vt 0.829770 0.344307
vt 0.829720 0.344532
vt 0.829495 0.344582
vt 0.635650 0.840615
vt 0.635425 0.840565
vt 0.635375 0.840340
vt 0.829495 0.315634
vt 0.829720 0.315684
vt 0.829770 0.315909
vt 0.870065 0.780707
vt 0.869841 0.780657
vt 0.869790 0.780432
vt 0.635375 0.811942
vt 0.635425 0.811717
vt 0.635650 0.811667
vt 0.894873 0.775375
vt 0.894873 0.775100
vt 0.895097 0.775150
vt 0.895148 0.775375
vt 0.638065 0.840340
vt 0.638014 0.840565
vt 0.637790 0.840615
vt 0.824438 0.382175
vt 0.824214 0.382125
vt 0.824163 0.381900
vt 0.872480 0.780432
vt 0.872429 0.780657
vt 0.872205 0.780707
vt 0.824163 0.353502
vt 0.824214 0.353277
vt 0.824438 0.353226
vt 0.637790 0.811667
vt 0.638014 0.811717
vt 0.638065 0.811942
vt 0.892733 0.780432
vt 0.892733 0.780707
vt 0.892508 0.780657
vt 0.892458 0.780432
vt 0.610534 0.840340
vt 0.610484 0.840565
vt 0.610259 0.840615
vt 0.824438 0.344582
vt 0.824214 0.344532
vt 0.824163 0.344307
vt 0.869790 0.775375
vt 0.869841 0.775150
vt 0.870065 0.775100
vt 0.824163 0.315909
vt 0.824214 0.315684
vt 0.824438 0.315634
vt 0.610259 0.811667
vt 0.610484 0.811717
vt 0.610534 0.811942
vt 0.894873 0.780432
vt 0.895148 0.780432
vt 0.895097 0.780657
vt 0.894873 0.780707
vt 0.829770 0.381900
vt 0.829720 0.382125
vt 0.829495 0.382175
vt 0.608119 0.840615
vt 0.607895 0.840565
vt 0.607844 0.840340
vt 0.872205 0.775100
vt 0.872429 0.775150
vt 0.872480 0.775375
vt 0.607844 0.811942
vt 0.607895 0.811717
vt 0.608119 0.811667
vt 0.829495 0.353226
vt 0.829720 0.353277
vt 0.829770 0.353502
vt 0.989840 0.181479
vt 0.989840 0.181204
vt 0.990064 0.181254
vt 0.990115 0.181479
vt 0.257030 0.867444
vt 0.256979 0.867668
vt 0.256755 0.867719
vt 0.041609 0.856748
vt 0.041385 0.856697
vt 0.041334 0.856473
vt 0.256755 0.844606
vt 0.256979 0.844656
vt 0.257030 0.844881
vt 0.988398 0.171117
vt 0.988448 0.170893
vt 0.988673 0.170842
vt 0.041334 0.833909
vt 0.041385 0.833685
vt 0.041609 0.833634
vt 0.989840 0.182646
vt 0.990115 0.182646
vt 0.990064 0.182870
vt 0.989840 0.182921
vt 0.043051 0.856473
vt 0.043001 0.856697
vt 0.042776 0.856748
vt 0.805959 0.872759
vt 0.805734 0.872708
vt 0.805683 0.872483
vt 0.988673 0.172559
vt 0.988448 0.172509
vt 0.988398 0.172284
vt 0.805683 0.849920
vt 0.805734 0.849696
vt 0.805959 0.849645
vt 0.042776 0.833634
vt 0.043001 0.833685
vt 0.043051 0.833909
vt 0.988673 0.181479
vt 0.988398 0.181479
vt 0.988448 0.181254
vt 0.988673 0.181204
vt 0.566637 0.784530
vt 0.566586 0.784754
vt 0.566362 0.784805
vt 0.255588 0.867719
vt 0.255363 0.867668
vt 0.255313 0.867444
vt 0.989840 0.170842
vt 0.990064 0.170893
vt 0.990115 0.171117
vt 0.255313 0.844881
vt 0.255363 0.844656
vt 0.255588 0.844606
vt 0.566362 0.761692
vt 0.566586 0.761742
vt 0.566637 0.761967
vt 0.988673 0.182646
vt 0.988673 0.182921
vt 0.988448 0.182870
vt 0.988398 0.182646
vt 0.807401 0.872483
vt 0.807350 0.872708
vt 0.807126 0.872759
vt 0.565195 0.784805
vt 0.564970 0.784754
vt 0.564920 0.784530
vt 0.990115 0.172284
vt 0.990064 0.172509
vt 0.989840 0.172559
vt 0.564920 0.761967
vt 0.564970 0.761742
vt 0.565195 0.761692
vt 0.807126 0.849645
vt 0.807350 0.849696
vt 0.807401 0.849920
vt 0.302849 0.830121
vt 0.306934 0.830121
vt 0.711566 0.829387
vt 0.707482 0.829387
vt 0.586914 0.812444
vt 0.591972 0.812444
vt 0.591972 0.789881
vt 0.586914 0.789881
vt 0.850480 0.246811
vt 0.849605 0.246811
vt 0.849605 0.241948
vt 0.850480 0.241948
vt 0.851121 0.246811
vt 0.851121 0.241948
vt 0.989273 0.046270
vt 0.990148 0.046270
vt 0.990148 0.051132
vt 0.989273 0.051132
vt 0.988398 0.046270
vt 0.988398 0.051132
vt 0.862157 0.246811
vt 0.862157 0.241948
vt 0.862798 0.241948
vt 0.862798 0.246811
vt 0.861282 0.246811
vt 0.861282 0.241948
vt 0.860406 0.246811
vt 0.860406 0.241948
vt 0.859766 0.246811
vt 0.859766 0.241948
vt 0.989273 0.059777
vt 0.989273 0.064639
vt 0.988398 0.064639
vt 0.988398 0.059777
vt 0.990148 0.059777
vt 0.990148 0.064639
vt 0.848730 0.246811
vt 0.848089 0.246811
vt 0.848089 0.241948
vt 0.848730 0.241948
vt 0.544638 0.800888
vt 0.544404 0.800012
vt 0.544404 0.801763
vt 0.543763 0.802404
vt 0.541372 0.801763
vt 0.541372 0.800012
vt 0.541137 0.800888
vt 0.542013 0.799372
vt 0.543763 0.799372
vt 0.167239 0.800362
vt 0.166598 0.801003
vt 0.169630 0.801003
vt 0.168990 0.800362
vt 0.169865 0.801878
vt 0.169630 0.802754
vt 0.168990 0.803394
vt 0.166598 0.802754
vt 0.166364 0.801878
vt 0.302849 0.809503
vt 0.306934 0.809503
vt 0.707482 0.808769
vt 0.711566 0.808769
vt 0.586914 0.810304
s 1
usemtl M416_Final_Metal
f 2757/5660/2154 2763/5661/2155 2734/5662/2156 2728/5663/2157
f 2771/5664/2158 2777/5665/2159 2764/5666/2160 2756/5667/2161
f 2776/5668/2162 2748/5669/2163 2825/5670/2164
f 2783/5671/2164 2735/5672/2165 2762/5673/2166 2811/5674/2164
f 2729/5675/2167 2736/5676/2168 2750/5677/2169 2742/5678/2170
f 2743/5679/2171 2749/5680/2172 2778/5681/2173 2770/5682/2174
f 3147/5683/2164 3119/5684/2164 3077/5685/2164 3105/5686/2164
f 2827/5687/2175 3180/5688/2176 3186/5689/2176
f 2833/5690/2177 2820/5691/2178 3185/5692/2176
f 2853/5693/2179 2881/5694/2180 2867/5695/2181 2839/5696/2182
f 2832/5697/2183 2804/5698/2184 2791/5699/2185 2818/5700/2186
f 2792/5701/2187 2806/5702/2188 3197/5703/2189
f 2785/5704/2190 3189/5705/2189 3198/5706/2189
f 2783/5671/2164 2797/5707/2164 2748/5669/2163 2735/5672/2165
f 2883/5708/2191 2889/5709/2192 2876/5710/2193 2868/5711/2194
f 2909/5712/2179 2937/5713/2180 2923/5714/2181 2895/5715/2182
f 2888/5716/2195 2860/5717/2196 2847/5718/2197 2874/5719/2198
f 2841/5720/2199 2848/5721/2200 2862/5722/2201 2854/5723/2202
f 2855/5724/2203 2861/5725/2204 2890/5726/2205 2882/5727/2206
f 2925/5728/2207 2931/5729/2208 2902/5730/2209 2896/5731/2210
f 2939/5732/2191 2945/5733/2192 2932/5734/2193 2924/5735/2194
f 2965/5736/2211 2993/5737/2212 2979/5738/2213 2951/5739/2214
f 2944/5740/2195 2916/5741/2196 2903/5742/2197 2930/5743/2198
f 2897/5744/2199 2904/5745/2200 2918/5746/2201 2910/5747/2202
f 2981/5748/2215 2987/5749/2216 2958/5750/2217 2952/5751/2218
f 2995/5752/2219 3001/5753/2159 2988/5754/2220 2980/5755/2161
f 3119/5684/2164 3133/5756/2164 2972/5757/2221
f 3035/5758/2164 3161/5759/2164 3000/5760/2222
f 2953/5761/2167 2960/5762/2168 2974/5763/2169 2966/5764/2170
f 2967/5765/2223 2973/5766/2224 3002/5767/2225 2994/5768/2226
f 3037/5769/2227 3043/5770/2228 3014/5771/2229 3008/5772/2230
f 3051/5773/2231 3057/5774/2232 3044/5775/2233 3036/5776/2234
f 3056/5777/2235 3028/5778/2236 3015/5779/2237 3042/5780/2238
f 3009/5781/2239 3016/5782/2240 3030/5783/2241 3022/5784/2242
f 3023/5785/2243 3029/5786/2244 3058/5787/2245 3050/5788/2246
f 3093/5789/2227 3099/5790/2228 3070/5791/2229 3064/5792/2230
f 3107/5793/2231 3113/5794/2232 3100/5795/2233 3092/5796/2234
f 3112/5797/2235 3084/5798/2236 3071/5799/2237 3098/5800/2238
f 3065/5801/2239 3072/5802/2240 3086/5803/2241 3078/5804/2242
f 3079/5805/2243 3085/5806/2244 3114/5807/2245 3106/5808/2246
f 3149/5809/2247 3155/5810/2248 3126/5811/2249 3120/5812/2250
f 3163/5813/2251 3169/5814/2252 3156/5815/2253 3148/5816/2254
f 3168/5817/2255 3140/5818/2256 3127/5819/2257 3154/5820/2258
f 3121/5821/2259 3128/5822/2260 3142/5823/2261 3134/5824/2262
f 3135/5825/2263 3141/5826/2264 3170/5827/2265 3162/5828/2266
f 2727/5829/2267 2730/5830/2268 2731/5831/2269 2733/5832/2270
f 2728/5663/2157 2732/5833/2271 2731/5834/2272 2730/5835/2273
f 2729/5675/2167 2733/5836/2274 2731/5837/2275 2732/5838/2276
f 2734/5662/2156 2737/5839/2277 2738/5840/2278 2740/5841/2279
f 2735/5672/2165 2739/5842/2280 2738/5843/2281 2737/5844/2282
f 2736/5676/2168 2740/5845/2283 2738/5846/2284 2739/5847/2285
f 2741/5848/2286 2744/5849/2287 2745/5850/2288 2747/5851/2289
f 2742/5678/2170 2746/5852/2290 2745/5853/2291 2744/5854/2292
f 2743/5679/2171 2747/5855/2293 2745/5856/2294 2746/5857/2295
f 2748/5669/2163 2751/5858/2296 2752/5859/2297 2754/5860/2298
f 2749/5680/2172 2753/5861/2299 2752/5862/2300 2751/5863/2301
f 2750/5677/2169 2754/5864/2302 2752/5865/2303 2753/5866/2304
f 2755/5867/2305 2758/5868/2306 2759/5869/2307 2761/5870/2308
f 2756/5667/2161 2760/5871/2309 2759/5872/2310 2758/5873/2311
f 2757/5660/2154 2761/5874/2312 2759/5875/2313 2760/5876/2314
f 2762/5673/2166 2765/5877/2315 2766/5878/2316 2768/5879/2317
f 2763/5661/2155 2767/5880/2318 2766/5881/2319 2765/5882/2320
f 2764/5666/2160 2768/5883/2321 2766/5884/2322 2767/5885/2323
f 2769/5886/2324 2772/5887/2325 2773/5888/2326 2775/5889/2327
f 2770/5682/2174 2774/5890/2328 2773/5891/2329 2772/5892/2330
f 2771/5664/2158 2775/5893/2331 2773/5894/2332 2774/5895/2333
f 2776/5668/2162 2779/5896/2334 2780/5897/2335 2782/5898/2336
f 2777/5665/2159 2781/5899/2337 2780/5900/2338 2779/5901/2339
f 2778/5681/2173 2782/5902/2340 2780/5903/2341 2781/5904/2342
f 2783/5905/2343 2786/5906/2344 2787/5907/2345 2789/5908/2346
f 2784/5909/2347 2788/5910/2348 2787/5911/2272 2786/5912/2349
f 2785/5704/2190 2789/5913/2350 2787/5914/2351 2788/5915/2352
f 2790/5916/2353 2793/5917/2354 2794/5918/2278 2796/5919/2355
f 2791/5699/2185 2795/5920/2356 2794/5921/2357 2793/5922/2358
f 2792/5701/2187 2796/5923/2359 2794/5924/2360 2795/5925/2361
f 2797/5926/2362 2800/5927/2363 2801/5928/2364 2803/5929/2365
f 2798/5930/2366 2802/5931/2367 2801/5932/2368 2800/5933/2369
f 2799/5934/2370 2803/5935/2371 2801/5936/2294 2802/5937/2372
f 2804/5698/2184 2807/5938/2373 2808/5939/2374 2810/5940/2375
f 2805/5941/2376 2809/5942/2377 2808/5943/2300 2807/5944/2378
f 2806/5702/2188 2810/5945/2379 2808/5946/2380 2809/5947/2381
f 2811/5948/2382 2814/5949/2383 2815/5950/2384 2817/5951/2385
f 2812/5952/2386 2816/5953/2387 2815/5954/2388 2814/5955/2389
f 2813/5956/2390 2817/5957/2391 2815/5958/2313 2816/5959/2392
f 2818/5700/2186 2821/5960/2393 2822/5961/2394 2824/5962/2395
f 2819/5963/2396 2823/5964/2397 2822/5965/2398 2821/5966/2399
f 2820/5691/2178 2824/5967/2400 2822/5968/2322 2823/5969/2401
f 2825/5970/2402 2828/5971/2403 2829/5972/2404 2831/5973/2405
f 2826/5974/2406 2830/5975/2407 2829/5976/2329 2828/5977/2408
f 2827/5687/2175 2831/5978/2409 2829/5979/2410 2830/5980/2411
f 2832/5697/2183 2835/5981/2412 2836/5982/2413 2838/5983/2414
f 2833/5690/2177 2837/5984/2415 2836/5985/2338 2835/5986/2416
f 2834/5987/2417 2838/5988/2418 2836/5989/2419 2837/5990/2420
f 2839/5696/2182 2842/5991/2421 2843/5992/2269 2845/5993/2422
f 2840/5994/2423 2844/5995/2424 2843/5996/2272 2842/5997/2425
f 2841/5720/2199 2845/5998/2426 2843/5999/2351 2844/6000/2427
f 2846/6001/2428 2849/6002/2429 2850/6003/2278 2852/6004/2430
f 2847/5718/2197 2851/6005/2431 2850/6006/2432 2849/6007/2433
f 2848/5721/2200 2852/6008/2434 2850/6009/2284 2851/6010/2435
f 2853/5693/2179 2856/6011/2436 2857/6012/2288 2859/6013/2437
f 2854/5723/2202 2858/6014/2438 2857/6015/2439 2856/6016/2440
f 2855/5724/2203 2859/6017/2441 2857/6018/2294 2858/6019/2442
f 2860/5717/2196 2863/6020/2443 2864/6021/2374 2866/6022/2444
f 2861/5725/2204 2865/6023/2445 2864/6024/2300 2863/6025/2446
f 2862/5722/2201 2866/6026/2447 2864/6027/2380 2865/6028/2448
f 2867/5695/2181 2870/6029/2449 2871/6030/2450 2873/6031/2451
f 2868/5711/2194 2872/6032/2452 2871/6033/2310 2870/6034/2453
f 2869/6035/2454 2873/6036/2455 2871/6037/2313 2872/6038/2456
f 2874/5719/2198 2877/6039/2457 2878/6040/2458 2880/6041/2459
f 2875/6042/2460 2879/6043/2461 2878/6044/2398 2877/6045/2462
f 2876/5710/2193 2880/6046/2463 2878/6047/2464 2879/6048/2465
f 2881/5694/2180 2884/6049/2466 2885/6050/2326 2887/6051/2467
f 2882/5727/2206 2886/6052/2468 2885/6053/2329 2884/6054/2469
f 2883/5708/2191 2887/6055/2470 2885/6056/2332 2886/6057/2471
f 2888/5716/2195 2891/6058/2472 2892/6059/2473 2894/6060/2474
f 2889/5709/2192 2893/6061/2475 2892/6062/2476 2891/6063/2477
f 2890/5726/2205 2894/6064/2478 2892/6065/2419 2893/6066/2479
f 2895/5715/2182 2898/6067/2421 2899/6068/2269 2901/6069/2422
f 2896/5731/2210 2900/6070/2424 2899/6071/2272 2898/6072/2425
f 2897/5744/2199 2901/6073/2426 2899/6074/2351 2900/6075/2480
f 2902/5730/2209 2905/6076/2429 2906/6077/2278 2908/6078/2430
f 2903/5742/2197 2907/6079/2431 2906/6080/2432 2905/6081/2433
f 2904/5745/2200 2908/6082/2434 2906/6083/2284 2907/6084/2435
f 2909/5712/2179 2912/6085/2436 2913/6086/2288 2915/6087/2437
f 2910/5747/2202 2914/6088/2481 2913/6089/2439 2912/6090/2440
f 2911/6091/2482 2915/6092/2441 2913/6093/2294 2914/6094/2442
f 2916/5741/2196 2919/6095/2483 2920/6096/2374 2922/6097/2444
f 2917/6098/2484 2921/6099/2445 2920/6100/2300 2919/6101/2446
f 2918/5746/2201 2922/6102/2447 2920/6103/2380 2921/6104/2448
f 2923/5714/2181 2926/6105/2449 2927/6106/2450 2929/6107/2451
f 2924/5735/2194 2928/6108/2452 2927/6109/2310 2926/6110/2453
f 2925/5728/2207 2929/6111/2455 2927/6112/2313 2928/6113/2456
f 2930/5743/2198 2933/6114/2457 2934/6115/2458 2936/6116/2459
f 2931/5729/2208 2935/6117/2461 2934/6118/2398 2933/6119/2462
f 2932/5734/2193 2936/6120/2463 2934/6121/2464 2935/6122/2465
f 2937/5713/2180 2940/6123/2485 2941/6124/2326 2943/6125/2467
f 2938/6126/2486 2942/6127/2468 2941/6128/2329 2940/6129/2469
f 2939/5732/2191 2943/6130/2470 2941/6131/2332 2942/6132/2471
f 2944/5740/2195 2947/6133/2472 2948/6134/2473 2950/6135/2474
f 2945/5733/2192 2949/6136/2475 2948/6137/2476 2947/6138/2477
f 2946/6139/2487 2950/6140/2488 2948/6141/2419 2949/6142/2479
f 2951/5739/2214 2954/6143/2489 2955/6144/2490 2957/6145/2491
f 2952/5751/2218 2956/6146/2492 2955/6147/2493 2954/6148/2494
f 2953/5761/2167 2957/6149/2495 2955/6150/2496 2956/6151/2497
f 2958/5750/2217 2961/6152/2498 2962/6153/2499 2964/6154/2500
f 2959/6155/2501 2963/6156/2280 2962/6157/2281 2961/6158/2502
f 2960/5762/2168 2964/6159/2503 2962/6160/2504 2963/6161/2505
f 2965/5736/2211 2968/6162/2506 2969/6163/2507 2971/6164/2508
f 2966/5764/2170 2970/6165/2509 2969/6166/2439 2968/6167/2510
f 2967/5765/2223 2971/6168/2511 2969/6169/2512 2970/6170/2513
f 2972/5757/2221 2975/6171/2514 2976/6172/2297 2978/6173/2515
f 2973/5766/2224 2977/6174/2516 2976/6175/2517 2975/6176/2518
f 2974/5763/2169 2978/6177/2519 2976/6178/2520 2977/6179/2521
f 2979/5738/2213 2982/6180/2522 2983/6181/2384 2985/6182/2523
f 2980/5755/2161 2984/6183/2524 2983/6184/2525 2982/6185/2526
f 2981/5748/2215 2985/6186/2527 2983/6187/2313 2984/6188/2528
f 2986/6189/2529 2989/6190/2530 2990/6191/2531 2992/6192/2532
f 2987/5749/2216 2991/6193/2318 2990/6194/2398 2989/6195/2533
f 2988/5754/2220 2992/6196/2321 2990/6197/2534 2991/6198/2535
f 2993/5737/2212 2996/6199/2536 2997/6200/2404 2999/6201/2327
f 2994/5768/2226 2998/6202/2328 2997/6203/2329 2996/6204/2537
f 2995/5752/2219 2999/6205/2538 2997/6206/2539 2998/6207/2540
f 3000/5760/2222 3003/6208/2541 3004/6209/2542 3006/6210/2543
f 3001/5753/2159 3005/6211/2544 3004/6212/2545 3003/6213/2546
f 3002/5767/2225 3006/6214/2547 3004/6215/2419 3005/6216/2548
f 3007/6217/2549 3010/6218/2550 3011/6219/2345 3013/6220/2422
f 3008/5772/2230 3012/6221/2551 3011/6222/2272 3010/6223/2552
f 3009/5781/2239 3013/6224/2426 3011/6225/2351 3012/6226/2553
f 3014/5771/2229 3017/6227/2554 3018/6228/2278 3020/6229/2555
f 3015/5779/2237 3019/6230/2431 3018/6231/2556 3017/6232/2557
f 3016/5782/2240 3020/6233/2558 3018/6234/2284 3019/6235/2435
f 3021/6236/2559 3024/6237/2436 3025/6238/2364 3027/6239/2560
f 3022/5784/2242 3026/6240/2561 3025/6241/2291 3024/6242/2440
f 3023/5785/2243 3027/6243/2562 3025/6244/2294 3026/6245/2563
f 3028/5778/2236 3031/6246/2564 3032/6247/2565 3034/6248/2444
f 3029/5786/2244 3033/6249/2566 3032/6250/2300 3031/6251/2567
f 3030/5783/2241 3034/6252/2447 3032/6253/2380 3033/6254/2568
f 3035/6255/2569 3038/6256/2570 3039/6257/2384 3041/6258/2571
f 3036/5776/2234 3040/6259/2572 3039/6260/2573 3038/6261/2574
f 3037/5769/2227 3041/6262/2575 3039/6263/2576 3040/6264/2577
f 3042/5780/2238 3045/6265/2578 3046/6266/2531 3048/6267/2579
f 3043/5770/2228 3047/6268/2580 3046/6269/2581 3045/6270/2582
f 3044/5775/2233 3048/6271/2583 3046/6272/2584 3047/6273/2585
f 3049/6274/2586 3052/6275/2587 3053/6276/2404 3055/6277/2588
f 3050/5788/2246 3054/6278/2589 3053/6279/2590 3052/6280/2591
f 3051/5773/2231 3055/6281/2592 3053/6282/2593 3054/6283/2594
f 3056/5777/2235 3059/6284/2595 3060/6285/2542 3062/6286/2596
f 3057/5774/2232 3061/6287/2597 3060/6288/2598 3059/6289/2599
f 3058/5787/2245 3062/6290/2600 3060/6291/2341 3061/6292/2601
f 3063/6293/2549 3066/6294/2602 3067/6295/2345 3069/6296/2422
f 3064/5792/2230 3068/6297/2603 3067/6298/2272 3066/6299/2552
f 3065/5801/2239 3069/6300/2426 3067/6301/2351 3068/6302/2553
f 3070/5791/2229 3073/6303/2554 3074/6304/2278 3076/6305/2555
f 3071/5799/2237 3075/6306/2431 3074/6307/2556 3073/6308/2557
f 3072/5802/2240 3076/6309/2558 3074/6310/2284 3075/6311/2435
f 3077/6312/2559 3080/6313/2436 3081/6314/2364 3083/6315/2560
f 3078/5804/2242 3082/6316/2561 3081/6317/2291 3080/6318/2440
f 3079/5805/2243 3083/6319/2562 3081/6320/2294 3082/6321/2563
f 3084/5798/2236 3087/6322/2564 3088/6323/2565 3090/6324/2444
f 3085/5806/2244 3089/6325/2566 3088/6326/2517 3087/6327/2567
f 3086/5803/2241 3090/6328/2447 3088/6329/2380 3089/6330/2568
f 3091/6331/2569 3094/6332/2570 3095/6333/2384 3097/6334/2604
f 3092/5796/2234 3096/6335/2572 3095/6336/2573 3094/6337/2574
f 3093/5789/2227 3097/6338/2605 3095/6339/2576 3096/6340/2577
f 3098/5800/2238 3101/6341/2578 3102/6342/2531 3104/6343/2579
f 3099/5790/2228 3103/6344/2606 3102/6345/2581 3101/6346/2582
f 3100/5795/2233 3104/6347/2583 3102/6348/2584 3103/6349/2585
f 3105/6350/2586 3108/6351/2607 3109/6352/2404 3111/6353/2588
f 3106/5808/2246 3110/6354/2589 3109/6355/2590 3108/6356/2591
f 3107/5793/2231 3111/6357/2592 3109/6358/2593 3110/6359/2594
f 3112/5797/2235 3115/6360/2595 3116/6361/2542 3118/6362/2596
f 3113/5794/2232 3117/6363/2608 3116/6364/2598 3115/6365/2599
f 3114/5807/2245 3118/6366/2609 3116/6367/2341 3117/6368/2601
f 3119/6369/2610 3122/6370/2611 3123/6371/2345 3125/6372/2422
f 3120/5812/2250 3124/6373/2612 3123/6374/2272 3122/6375/2613
f 3121/5821/2259 3125/6376/2426 3123/6377/2614 3124/6378/2615
f 3126/5811/2249 3129/6379/2616 3130/6380/2278 3132/6381/2617
f 3127/5819/2257 3131/6382/2431 3130/6383/2618 3129/6384/2619
f 3128/5822/2260 3132/6385/2620 3130/6386/2621 3131/6387/2622
f 3133/6388/2623 3136/6389/2436 3137/6390/2364 3139/6391/2624
f 3134/5824/2262 3138/6392/2625 3137/6393/2626 3136/6394/2627
f 3135/5825/2263 3139/6395/2628 3137/6396/2294 3138/6397/2629
f 3140/5818/2256 3143/6398/2630 3144/6399/2631 3146/6400/2444
f 3141/5826/2264 3145/6401/2632 3144/6402/2300 3143/6403/2633
f 3142/5823/2261 3146/6404/2447 3144/6405/2634 3145/6406/2635
f 3147/6407/2636 3150/6408/2570 3151/6409/2637 3153/6410/2638
f 3148/5816/2254 3152/6411/2639 3151/6412/2573 3150/6413/2640
f 3149/5809/2247 3153/6414/2641 3151/6415/2313 3152/6416/2642
f 3154/5820/2258 3157/6417/2643 3158/6418/2458 3160/6419/2459
f 3155/5810/2248 3159/6420/2644 3158/6421/2398 3157/6422/2645
f 3156/5815/2253 3160/6423/2583 3158/6424/2584 3159/6425/2646
f 3161/6426/2647 3164/6427/2648 3165/6428/2649 3167/6429/2588
f 3162/5828/2266 3166/6430/2650 3165/6431/2329 3164/6432/2651
f 3163/5813/2251 3167/6433/2652 3165/6434/2653 3166/6435/2654
f 3168/5817/2255 3171/6436/2472 3172/6437/2473 3174/6438/2655
f 3169/5814/2252 3173/6439/2656 3172/6440/2657 3171/6441/2599
f 3170/5827/2265 3174/6442/2658 3172/6443/2419 3173/6444/2659
f 2741/5848/2286 2727/5829/2267 2733/5832/2270 2744/5849/2287
f 2744/5854/2292 2733/5836/2274 2729/5675/2167 2742/5678/2170
f 2728/5663/2157 2734/5662/2156 2740/5841/2279 2732/5833/2271
f 2732/5838/2276 2740/5845/2283 2736/5676/2168 2729/5675/2167
f 2735/5672/2165 2748/5669/2163 2754/5860/2298 2739/5842/2280
f 2739/5847/2285 2754/5864/2302 2750/5677/2169 2736/5676/2168
f 2749/5680/2172 2743/5679/2171 2746/5857/2295 2753/5861/2299
f 2753/5866/2304 2746/5852/2290 2742/5678/2170 2750/5677/2169
f 2769/5886/2324 2741/5848/2286 2747/5851/2289 2772/5887/2325
f 2772/5892/2330 2747/5855/2293 2743/5679/2171 2770/5682/2174
f 2748/5669/2163 2776/5668/2162 2782/5898/2336 2751/5858/2296
f 2751/5863/2301 2782/5902/2340 2778/5681/2173 2749/5680/2172
f 2777/5665/2159 2771/5664/2158 2774/5895/2333 2781/5899/2337
f 2781/5904/2342 2774/5890/2328 2770/5682/2174 2778/5681/2173
f 2755/5867/2305 2769/5886/2324 2775/5889/2327 2758/5868/2306
f 2758/5873/2311 2775/5893/2331 2771/5664/2158 2756/5667/2161
f 2776/5668/2162 2762/5673/2166 2768/5879/2317 2779/5896/2334
f 2779/5901/2339 2768/5883/2321 2764/5666/2160 2777/5665/2159
f 2763/5661/2155 2757/5660/2154 2760/5876/2314 2767/5880/2318
f 2767/5885/2323 2760/5871/2309 2756/5667/2161 2764/5666/2160
f 2727/5829/2267 2755/5867/2305 2761/5870/2308 2730/5830/2268
f 2730/5835/2273 2761/5874/2312 2757/5660/2154 2728/5663/2157
f 2762/5673/2166 2735/5672/2165 2737/5844/2282 2765/5877/2315
f 2765/5882/2320 2737/5839/2277 2734/5662/2156 2763/5661/2155
f 2789/5908/2346 2800/5927/2363 2797/5926/2362 2783/5905/2343
f 2800/5933/2369 2789/5913/2350 2785/5704/2190 2798/5930/2366
f 2790/5916/2353 2796/5919/2355 2788/5910/2348 2784/5909/2347
f 2788/5915/2352 2796/5923/2359 2792/5701/2187 2785/5704/2190
f 2791/5699/2185 2804/5698/2184 2810/5940/2375 2795/5920/2356
f 2795/5925/2361 2810/5945/2379 2806/5702/2188 2792/5701/2187
f 2802/5937/2372 2809/5942/2377 2805/5941/2376 2799/5934/2370
f 2809/5947/2381 2802/5931/2367 2798/5930/2366 2806/5702/2188
f 2825/5970/2402 2797/5926/2362 2803/5929/2365 2828/5971/2403
f 2828/5977/2408 2803/5935/2371 2799/5934/2370 2826/5974/2406
f 2804/5698/2184 2832/5697/2183 2838/5983/2414 2807/5938/2373
f 2807/5944/2378 2838/5988/2418 2834/5987/2417 2805/5941/2376
f 2833/5690/2177 2827/5687/2175 2830/5980/2411 2837/5984/2415
f 2834/5987/2417 2837/5990/2420 2830/5975/2407 2826/5974/2406
f 2831/5973/2405 2814/5949/2383 2811/5948/2382 2825/5970/2402
f 2814/5955/2389 2831/5978/2409 2827/5687/2175 2812/5952/2386
f 2832/5697/2183 2818/5700/2186 2824/5962/2395 2835/5981/2412
f 2835/5986/2416 2824/5967/2400 2820/5691/2178 2833/5690/2177
f 2813/5956/2390 2816/5959/2392 2823/5964/2397 2819/5963/2396
f 2823/5969/2401 2816/5953/2387 2812/5952/2386 2820/5691/2178
f 2783/5905/2343 2811/5948/2382 2817/5951/2385 2786/5906/2344
f 2786/5912/2349 2817/5957/2391 2813/5956/2390 2784/5909/2347
f 2818/5700/2186 2791/5699/2185 2793/5922/2358 2821/5960/2393
f 2821/5966/2399 2793/5917/2354 2790/5916/2353 2819/5963/2396
f 2853/5693/2179 2839/5696/2182 2845/5993/2422 2856/6011/2436
f 2856/6016/2440 2845/5998/2426 2841/5720/2199 2854/5723/2202
f 2840/5994/2423 2846/6001/2428 2852/6004/2430 2844/5995/2424
f 2844/6000/2427 2852/6008/2434 2848/5721/2200 2841/5720/2199
f 2847/5718/2197 2860/5717/2196 2866/6022/2444 2851/6005/2431
f 2851/6010/2435 2866/6026/2447 2862/5722/2201 2848/5721/2200
f 2861/5725/2204 2855/5724/2203 2858/6019/2442 2865/6023/2445
f 2865/6028/2448 2858/6014/2438 2854/5723/2202 2862/5722/2201
f 2881/5694/2180 2853/5693/2179 2859/6013/2437 2884/6049/2466
f 2884/6054/2469 2859/6017/2441 2855/5724/2203 2882/5727/2206
f 2860/5717/2196 2888/5716/2195 2894/6060/2474 2863/6020/2443
f 2863/6025/2446 2894/6064/2478 2890/5726/2205 2861/5725/2204
f 2889/5709/2192 2883/5708/2191 2886/6057/2471 2893/6061/2475
f 2893/6066/2479 2886/6052/2468 2882/5727/2206 2890/5726/2205
f 2867/5695/2181 2881/5694/2180 2887/6051/2467 2870/6029/2449
f 2870/6034/2453 2887/6055/2470 2883/5708/2191 2868/5711/2194
f 2888/5716/2195 2874/5719/2198 2880/6041/2459 2891/6058/2472
f 2891/6063/2477 2880/6046/2463 2876/5710/2193 2889/5709/2192
f 2875/6042/2460 2869/6035/2454 2872/6038/2456 2879/6043/2461
f 2879/6048/2465 2872/6032/2452 2868/5711/2194 2876/5710/2193
f 2839/5696/2182 2867/5695/2181 2873/6031/2451 2842/5991/2421
f 2840/5994/2423 2842/5997/2425 2873/6036/2455 2869/6035/2454 2826/6445/2660 2799/6446/2660
f 2874/5719/2198 2847/5718/2197 2849/6007/2433 2877/6039/2457
f 2877/6045/2462 2849/6002/2429 2846/6001/2428 2875/6042/2460
f 2909/5712/2179 2895/5715/2182 2901/6069/2422 2912/6085/2436
f 2912/6090/2440 2901/6073/2426 2897/5744/2199 2910/5747/2202
f 2896/5731/2210 2902/5730/2209 2908/6078/2430 2900/6070/2424
f 2900/6075/2480 2908/6082/2434 2904/5745/2200 2897/5744/2199
f 2903/5742/2197 2916/5741/2196 2922/6097/2444 2907/6079/2431
f 2907/6084/2435 2922/6102/2447 2918/5746/2201 2904/5745/2200
f 2917/6098/2484 2911/6091/2482 2914/6094/2442 2921/6099/2445
f 2921/6104/2448 2914/6088/2481 2910/5747/2202 2918/5746/2201
f 2937/5713/2180 2909/5712/2179 2915/6087/2437 2940/6123/2485
f 2813/6447/2661 2938/6126/2486 2940/6129/2469 2915/6092/2441 2911/6091/2482 2784/6448/2661
f 2916/5741/2196 2944/5740/2195 2950/6135/2474 2919/6095/2483
f 2919/6101/2446 2950/6140/2488 2946/6139/2487 2917/6098/2484
f 2945/5733/2192 2939/5732/2191 2942/6132/2471 2949/6136/2475
f 2949/6142/2479 2942/6127/2468 2938/6126/2486 2946/6139/2487
f 2923/5714/2181 2937/5713/2180 2943/6125/2467 2926/6105/2449
f 2926/6110/2453 2943/6130/2470 2939/5732/2191 2924/5735/2194
f 2944/5740/2195 2930/5743/2198 2936/6116/2459 2947/6133/2472
f 2947/6138/2477 2936/6120/2463 2932/5734/2193 2945/5733/2192
f 2931/5729/2208 2925/5728/2207 2928/6113/2456 2935/6117/2461
f 2935/6122/2465 2928/6108/2452 2924/5735/2194 2932/5734/2193
f 2895/5715/2182 2923/5714/2181 2929/6107/2451 2898/6067/2421
f 2898/6072/2425 2929/6111/2455 2925/5728/2207 2896/5731/2210
f 2930/5743/2198 2903/5742/2197 2905/6081/2433 2933/6114/2457
f 2933/6119/2462 2905/6076/2429 2902/5730/2209 2931/5729/2208
f 2965/5736/2211 2951/5739/2214 2957/6145/2491 2968/6162/2506
f 2968/6167/2510 2957/6149/2495 2953/5761/2167 2966/5764/2170
f 2952/5751/2218 2958/5750/2217 2964/6154/2500 2956/6146/2492
f 2956/6151/2497 2964/6159/2503 2960/5762/2168 2953/5761/2167
f 2959/6155/2501 2972/5757/2221 2978/6173/2515 2963/6156/2280
f 2963/6161/2505 2978/6177/2519 2974/5763/2169 2960/5762/2168
f 2973/5766/2224 2967/5765/2223 2970/6170/2513 2977/6174/2516
f 2977/6179/2521 2970/6165/2509 2966/5764/2170 2974/5763/2169
f 2993/5737/2212 2965/5736/2211 2971/6164/2508 2996/6199/2536
f 2996/6204/2537 2971/6168/2511 2967/5765/2223 2994/5768/2226
f 3006/6210/2543 2975/6171/2514 2972/5757/2221 3021/6449/2662 3049/6450/2662 3000/5760/2222
f 2975/6176/2518 3006/6214/2547 3002/5767/2225 2973/5766/2224
f 3001/5753/2159 2995/5752/2219 2998/6207/2540 3005/6211/2544
f 3005/6216/2548 2998/6202/2328 2994/5768/2226 3002/5767/2225
f 2979/5738/2213 2993/5737/2212 2999/6201/2327 2982/6180/2522
f 2982/6185/2526 2999/6205/2538 2995/5752/2219 2980/5755/2161
f 3000/5760/2222 2986/6189/2529 2992/6192/2532 3003/6208/2541
f 3003/6213/2546 2992/6196/2321 2988/5754/2220 3001/5753/2159
f 2987/5749/2216 2981/5748/2215 2984/6188/2528 2991/6193/2318
f 2991/6198/2535 2984/6183/2524 2980/5755/2161 2988/5754/2220
f 2951/5739/2214 2979/5738/2213 2985/6182/2523 2954/6143/2489
f 2954/6148/2494 2985/6186/2527 2981/5748/2215 2952/5751/2218
f 2959/6155/2501 2961/6158/2502 2989/6190/2530 2986/6189/2529 3091/6451/2663 3063/6452/2663
f 2989/6195/2533 2961/6152/2498 2958/5750/2217 2987/5749/2216
f 3021/6236/2559 3007/6217/2549 3013/6220/2422 3024/6237/2436
f 3024/6242/2440 3013/6224/2426 3009/5781/2239 3022/5784/2242
f 3008/5772/2230 3014/5771/2229 3020/6229/2555 3012/6221/2551
f 3012/6226/2553 3020/6233/2558 3016/5782/2240 3009/5781/2239
f 3015/5779/2237 3028/5778/2236 3034/6248/2444 3019/6230/2431
f 3019/6235/2435 3034/6252/2447 3030/5783/2241 3016/5782/2240
f 3029/5786/2244 3023/5785/2243 3026/6245/2563 3033/6249/2566
f 3033/6254/2568 3026/6240/2561 3022/5784/2242 3030/5783/2241
f 3049/6274/2586 3021/6236/2559 3027/6239/2560 3052/6275/2587
f 3052/6280/2591 3027/6243/2562 3023/5785/2243 3050/5788/2246
f 3028/5778/2236 3056/5777/2235 3062/6286/2596 3031/6246/2564
f 3031/6251/2567 3062/6290/2600 3058/5787/2245 3029/5786/2244
f 3057/5774/2232 3051/5773/2231 3054/6283/2594 3061/6287/2597
f 3061/6292/2601 3054/6278/2589 3050/5788/2246 3058/5787/2245
f 3035/6255/2569 3049/6274/2586 3055/6277/2588 3038/6256/2570
f 3038/6261/2574 3055/6281/2592 3051/5773/2231 3036/5776/2234
f 3056/5777/2235 3042/5780/2238 3048/6267/2579 3059/6284/2595
f 3059/6289/2599 3048/6271/2583 3044/5775/2233 3057/5774/2232
f 3043/5770/2228 3037/5769/2227 3040/6264/2577 3047/6268/2580
f 3047/6273/2585 3040/6259/2572 3036/5776/2234 3044/5775/2233
f 3007/6217/2549 3035/6255/2569 3041/6258/2571 3010/6218/2550
f 3010/6223/2552 3041/6262/2575 3037/5769/2227 3008/5772/2230
f 3042/5780/2238 3015/5779/2237 3017/6232/2557 3045/6265/2578
f 3045/6270/2582 3017/6227/2554 3014/5771/2229 3043/5770/2228
f 3077/6312/2559 3063/6293/2549 3069/6296/2422 3080/6313/2436
f 3080/6318/2440 3069/6300/2426 3065/5801/2239 3078/5804/2242
f 3064/5792/2230 3070/5791/2229 3076/6305/2555 3068/6297/2603
f 3068/6302/2553 3076/6309/2558 3072/5802/2240 3065/5801/2239
f 3071/5799/2237 3084/5798/2236 3090/6324/2444 3075/6306/2431
f 3075/6311/2435 3090/6328/2447 3086/5803/2241 3072/5802/2240
f 3085/5806/2244 3079/5805/2243 3082/6321/2563 3089/6325/2566
f 3089/6330/2568 3082/6316/2561 3078/5804/2242 3086/5803/2241
f 3105/6350/2586 3077/6312/2559 3083/6315/2560 3108/6351/2607
f 3108/6356/2591 3083/6319/2562 3079/5805/2243 3106/5808/2246
f 3084/5798/2236 3112/5797/2235 3118/6362/2596 3087/6322/2564
f 3087/6327/2567 3118/6366/2609 3114/5807/2245 3085/5806/2244
f 3113/5794/2232 3107/5793/2231 3110/6359/2594 3117/6363/2608
f 3117/6368/2601 3110/6354/2589 3106/5808/2246 3114/5807/2245
f 3091/6331/2569 3105/6350/2586 3111/6353/2588 3094/6332/2570
f 3094/6337/2574 3111/6357/2592 3107/5793/2231 3092/5796/2234
f 3112/5797/2235 3098/5800/2238 3104/6343/2579 3115/6360/2595
f 3115/6365/2599 3104/6347/2583 3100/5795/2233 3113/5794/2232
f 3099/5790/2228 3093/5789/2227 3096/6340/2577 3103/6344/2606
f 3103/6349/2585 3096/6335/2572 3092/5796/2234 3100/5795/2233
f 3063/6293/2549 3091/6331/2569 3097/6334/2604 3066/6294/2602
f 3066/6299/2552 3097/6338/2605 3093/5789/2227 3064/5792/2230
f 3098/5800/2238 3071/5799/2237 3073/6308/2557 3101/6341/2578
f 3101/6346/2582 3073/6303/2554 3070/5791/2229 3099/5790/2228
f 3133/6388/2623 3119/6369/2610 3125/6372/2422 3136/6389/2436
f 3136/6394/2627 3125/6376/2426 3121/5821/2259 3134/5824/2262
f 3120/5812/2250 3126/5811/2249 3132/6381/2617 3124/6373/2612
f 3124/6378/2615 3132/6385/2620 3128/5822/2260 3121/5821/2259
f 3127/5819/2257 3140/5818/2256 3146/6400/2444 3131/6382/2431
f 3131/6387/2622 3146/6404/2447 3142/5823/2261 3128/5822/2260
f 3141/5826/2264 3135/5825/2263 3138/6397/2629 3145/6401/2632
f 3145/6406/2635 3138/6392/2625 3134/5824/2262 3142/5823/2261
f 3139/6391/2624 3164/6427/2648 3161/6426/2647 3133/6388/2623
f 3164/6432/2651 3139/6395/2628 3135/5825/2263 3162/5828/2266
f 3140/5818/2256 3168/5817/2255 3174/6438/2655 3143/6398/2630
f 3143/6403/2633 3174/6442/2658 3170/5827/2265 3141/5826/2264
f 3169/5814/2252 3163/5813/2251 3166/6435/2654 3173/6439/2656
f 3173/6444/2659 3166/6430/2650 3162/5828/2266 3170/5827/2265
f 3147/6407/2636 3161/6426/2647 3167/6429/2588 3150/6408/2570
f 3150/6413/2640 3167/6433/2652 3163/5813/2251 3148/5816/2254
f 3168/5817/2255 3154/5820/2258 3160/6419/2459 3171/6436/2472
f 3171/6441/2599 3160/6423/2583 3156/5815/2253 3169/5814/2252
f 3155/5810/2248 3149/5809/2247 3152/6416/2642 3159/6420/2644
f 3159/6425/2646 3152/6411/2639 3148/5816/2254 3156/5815/2253
f 3153/6410/2638 3122/6370/2611 3119/6369/2610 3147/6407/2636
f 3122/6375/2613 3153/6414/2641 3149/5809/2247 3120/5812/2250
f 3154/5820/2258 3127/5819/2257 3129/6384/2619 3157/6417/2643
f 3157/6422/2645 3129/6379/2616 3126/5811/2249 3155/5810/2248
f 2741/5848/2286 2769/5886/2324 2755/5867/2305 2727/5829/2267
f 3183/6453/2664 3182/6454/2665 3193/6455/2665 3194/6456/2664
f 3180/6457/2666 3183/6453/2664 3194/6456/2664 3196/6458/2666
f 3186/6459/2164 3180/6460/2667 3196/6461/2667 3198/6462/2164
f 3178/6463/2668 3186/6459/2164 3198/6462/2164 3189/6464/2668
f 3187/6465/2669 3176/6466/2669 3178/6467/2670 3189/6468/2670
f 3188/6469/2671 3175/6470/2671 3176/6466/2669 3187/6465/2669
f 3191/6471/2672 3177/6472/2672 3175/6470/2671 3188/6469/2671
f 3190/6473/2673 3179/6474/2673 3177/6472/2672 3191/6471/2672
f 3197/6475/2674 3185/6476/2674 3179/6477/2675 3190/6478/2675
f 3192/6479/2676 3181/6480/2676 3185/6476/2674 3197/6475/2674
f 3184/6481/2677 3181/6482/2678 3192/6483/2678 3195/6484/2677
f 3182/6454/2665 3184/6481/2677 3195/6484/2677 3193/6455/2665
f 2748/5669/2163 2797/5707/2164 2825/5670/2164
f 3175/6485/2176 3177/6486/2176 2820/5691/2178
f 2820/5691/2178 2812/5952/2386 3176/6487/2176
f 2812/5952/2386 2827/5687/2175 3186/5689/2176
f 3178/6488/2176 2812/5952/2386 3186/5689/2176
f 2827/5687/2175 2833/5690/2177 3183/6489/2176
f 2833/5690/2177 3184/6490/2176 3182/6491/2176
f 2833/5690/2177 3182/6491/2176 3183/6489/2176
f 3176/6487/2176 3175/6485/2176 2820/5691/2178
f 3178/6488/2176 3176/6487/2176 2812/5952/2386
f 2827/5687/2175 3183/6489/2176 3180/5688/2176
f 3181/6492/2176 3184/6490/2176 2833/5690/2177
f 2820/5691/2178 3177/6486/2176 3179/6493/2176
f 3185/5692/2176 3181/6492/2176 2833/5690/2177
f 2820/5691/2178 3179/6493/2176 3185/5692/2176
f 3190/6494/2189 3191/6495/2189 2792/5701/2187
f 2806/5702/2188 3195/6496/2189 3192/6497/2189
f 3197/5703/2189 3190/6494/2189 2792/5701/2187
f 2806/5702/2188 3192/6497/2189 3197/5703/2189
f 3193/6498/2189 3195/6496/2189 2806/5702/2188
f 2806/5702/2188 2798/5930/2366 3194/6499/2189
f 2798/5930/2366 2785/5704/2190 3198/5706/2189
f 3196/6500/2189 2798/5930/2366 3198/5706/2189
f 2785/5704/2190 2792/5701/2187 3187/6501/2189
f 2792/5701/2187 3191/6495/2189 3188/6502/2189
f 2792/5701/2187 3188/6502/2189 3187/6501/2189
f 3194/6499/2189 3193/6498/2189 2806/5702/2188
f 3196/6500/2189 3194/6499/2189 2798/5930/2366
f 2785/5704/2190 3187/6501/2189 3189/5705/2189
f 2834/6503/2665 2826/6445/2660 2869/6035/2454
f 2846/6001/2428 2840/5994/2423 2805/6504/2665
f 2840/5994/2423 2799/6446/2660 2805/6504/2665
f 2834/6503/2665 2869/6035/2454 2875/6042/2460
f 2790/6505/2671 2784/6448/2661 2911/6091/2482
f 2946/6139/2487 2938/6126/2486 2819/6506/2671
f 2938/6126/2486 2813/6447/2661 2819/6506/2671
f 2790/6505/2671 2911/6091/2482 2917/6098/2484
f 2834/6503/2665 2875/6042/2460 2846/6001/2428 2805/6504/2665
f 3007/6507/2164 3021/6449/2662 2972/5757/2221
f 2972/5757/2221 2959/6155/2501 3119/5684/2164
f 2959/6155/2501 3063/6452/2663 3077/5685/2164
f 3133/5756/2164 3161/5759/2164 3035/5758/2164 3007/6507/2164
f 2959/6155/2501 3077/5685/2164 3119/5684/2164
f 3133/5756/2164 3007/6507/2164 2972/5757/2221
f 3091/6451/2663 2986/6189/2529 3105/5686/2164
f 2986/6189/2529 3000/5760/2222 3161/5759/2164
f 3105/5686/2164 2986/6189/2529 3147/5683/2164
f 3000/5760/2222 3049/6450/2662 3035/5758/2164
f 2790/6505/2671 2917/6098/2484 2946/6139/2487 2819/6506/2671
f 3161/5759/2164 3147/5683/2164 2986/6189/2529
f 2762/5673/2166 2776/5668/2162 2825/5670/2164 2811/5674/2164
o Lower_Receiver_low
v -0.083800 -0.025000 0.020800
v -0.083800 -0.023800 0.022000
v 0.039000 -0.044000 0.014000
v -0.085000 -0.023800 0.020800
v 0.039000 -0.044000 -0.014000
v -0.083800 -0.024649 0.021649
v -0.084493 -0.024493 0.021493
v 0.097000 -0.044000 0.014000
v -0.084649 -0.023800 0.021649
v -0.084649 -0.024649 0.020800
v -0.083800 0.018800 0.022000
v 0.097000 -0.044000 -0.014000
v -0.083800 0.020000 0.020800
v -0.085000 0.018800 0.020800
v -0.083800 0.019649 0.021649
v -0.084493 0.019493 0.021493
v -0.084649 0.019649 0.020800
v -0.084649 0.018800 0.021649
v -0.083800 -0.025000 -0.020800
v -0.085000 -0.023800 -0.020800
v -0.083800 -0.023800 -0.022000
v -0.084649 -0.024649 -0.020800
v -0.084493 -0.024493 -0.021493
v -0.084649 -0.023800 -0.021649
v -0.083800 -0.024649 -0.021649
v -0.083800 0.020000 -0.020800
v -0.083800 0.018800 -0.022000
v -0.085000 0.018800 -0.020800
v -0.083800 0.019649 -0.021649
v -0.084493 0.019493 -0.021493
v -0.084649 0.018800 -0.021649
v -0.084649 0.019649 -0.020800
v 0.098800 -0.025000 0.020800
v 0.100000 -0.023800 0.020800
v 0.098800 -0.023800 0.022000
v 0.099649 -0.024649 0.020800
v 0.099493 -0.024493 0.021493
v 0.099649 -0.023800 0.021649
v 0.098800 -0.024649 0.021649
v 0.098800 0.020000 0.020800
v 0.098800 0.018800 0.022000
v 0.100000 0.018800 0.020800
v 0.098800 0.019649 0.021649
v 0.099493 0.019493 0.021493
v 0.099649 0.018800 0.021649
v 0.099649 0.019649 0.020800
v 0.098800 -0.025000 -0.020800
v 0.098800 -0.023800 -0.022000
v 0.100000 -0.023800 -0.020800
v 0.098800 -0.024649 -0.021649
v 0.099493 -0.024493 -0.021493
v 0.099649 -0.023800 -0.021649
v 0.099649 -0.024649 -0.020800
v 0.098800 0.020000 -0.020800
v 0.100000 0.018800 -0.020800
v 0.098800 0.018800 -0.022000
v 0.099649 0.019649 -0.020800
v 0.099493 0.019493 -0.021493
v 0.099649 0.018800 -0.021649
v 0.098800 0.019649 -0.021649
v 0.036200 -0.053000 0.016800
v 0.036200 -0.051800 0.018000
v 0.035000 -0.051800 0.016800
v 0.036200 -0.052649 0.017649
v 0.035507 -0.052493 0.017493
v 0.035351 -0.051800 0.017649
v 0.035351 -0.052649 0.016800
v 0.036200 -0.053000 -0.016800
v 0.035000 -0.051800 -0.016800
v 0.036200 -0.051800 -0.018000
v 0.035351 -0.052649 -0.016800
v 0.035507 -0.052493 -0.017493
v 0.035351 -0.051800 -0.017649
v 0.036200 -0.052649 -0.017649
v 0.099800 -0.053000 0.016800
v 0.101000 -0.051800 0.016800
v 0.099800 -0.051800 0.018000
v 0.100649 -0.052649 0.016800
v 0.100493 -0.052493 0.017493
v 0.100649 -0.051800 0.017649
v 0.099800 -0.052649 0.017649
v 0.101000 -0.020200 0.016800
v 0.100493 -0.019507 0.017493
v 0.100649 -0.020200 0.017649
v 0.100649 -0.019351 0.016800
v 0.099800 -0.053000 -0.016800
v 0.099800 -0.051800 -0.018000
v 0.101000 -0.051800 -0.016800
v 0.099800 -0.052649 -0.017649
v 0.100493 -0.052493 -0.017493
v 0.100649 -0.051800 -0.017649
v 0.100649 -0.052649 -0.016800
v 0.101000 -0.020200 -0.016800
v 0.100649 -0.019351 -0.016800
v 0.100493 -0.019507 -0.017493
v 0.100649 -0.020200 -0.017649
v -0.035800 -0.058000 0.004800
v -0.035800 -0.056800 0.006000
v -0.037000 -0.056800 0.004800
v -0.035800 -0.057649 0.005649
v -0.036493 -0.057493 0.005493
v -0.036649 -0.056800 0.005649
v -0.036649 -0.057649 0.004800
v -0.035800 -0.055200 0.006000
v -0.035800 -0.054000 0.004800
v -0.037000 -0.055200 0.004800
v -0.035800 -0.054351 0.005649
v -0.036493 -0.054507 0.005493
v -0.036649 -0.054351 0.004800
v -0.036649 -0.055200 0.005649
v -0.035800 -0.058000 -0.004800
v -0.037000 -0.056800 -0.004800
v -0.035800 -0.056800 -0.006000
v -0.036649 -0.057649 -0.004800
v -0.036493 -0.057493 -0.005493
v -0.036649 -0.056800 -0.005649
v -0.035800 -0.057649 -0.005649
v -0.035800 -0.054000 -0.004800
v -0.035800 -0.055200 -0.006000
v -0.037000 -0.055200 -0.004800
v -0.035800 -0.054351 -0.005649
v -0.036493 -0.054507 -0.005493
v -0.036649 -0.055200 -0.005649
v -0.036649 -0.054351 -0.004800
v 0.033800 -0.058000 0.004800
v 0.033800 -0.056800 0.006000
v 0.033800 -0.057649 0.005649
v 0.033800 -0.055200 0.006000
v 0.033800 -0.058000 -0.004800
v 0.033800 -0.056800 -0.006000
v 0.033800 -0.057649 -0.005649
v 0.031700 -0.058000 0.004800
v 0.031700 -0.056800 0.006000
v 0.031700 -0.057649 0.005649
v 0.031700 -0.025200 0.006000
v 0.030500 -0.025200 0.004800
v 0.030851 -0.025200 0.005649
v 0.031700 -0.058000 -0.004800
v 0.031700 -0.056800 -0.006000
v 0.031700 -0.057649 -0.005649
v 0.031700 -0.025200 -0.006000
v 0.030500 -0.025200 -0.004800
v 0.030851 -0.025200 -0.005649
v 0.034300 -0.058000 0.004800
v 0.035500 -0.056800 0.004800
v 0.034300 -0.056800 0.006000
v 0.035149 -0.057649 0.004800
v 0.034993 -0.057493 0.005493
v 0.035149 -0.056800 0.005649
v 0.034300 -0.057649 0.005649
v 0.034300 -0.025200 0.006000
v 0.034300 -0.058000 -0.004800
v 0.034300 -0.056800 -0.006000
v 0.035500 -0.056800 -0.004800
v 0.034300 -0.057649 -0.005649
v 0.034993 -0.057493 -0.005493
v 0.035149 -0.056800 -0.005649
v 0.035149 -0.057649 -0.004800
v 0.034300 -0.025200 -0.006000
v -0.003070 -0.046593 0.001800
v -0.002820 -0.045420 0.003000
v -0.003994 -0.045170 0.001800
v -0.002996 -0.046249 0.002649
v -0.003642 -0.045953 0.002493
v -0.003650 -0.045243 0.002649
v -0.003826 -0.046073 0.001800
v 0.001255 -0.026248 0.003000
v 0.001505 -0.025074 0.001800
v 0.000081 -0.025998 0.001800
v 0.001431 -0.025418 0.002649
v 0.000721 -0.025426 0.002493
v 0.000601 -0.025241 0.001800
v 0.000425 -0.026071 0.002649
v -0.003070 -0.046593 -0.001800
v -0.003994 -0.045170 -0.001800
v -0.002820 -0.045420 -0.003000
v -0.003826 -0.046073 -0.001800
v -0.003642 -0.045953 -0.002493
v -0.003650 -0.045243 -0.002649
v -0.002996 -0.046249 -0.002649
v 0.001505 -0.025074 -0.001800
v 0.001255 -0.026248 -0.003000
v 0.000081 -0.025998 -0.001800
v 0.001431 -0.025418 -0.002649
v 0.000721 -0.025426 -0.002493
v 0.000425 -0.026071 -0.002649
v 0.000601 -0.025241 -0.001800
v -0.001505 -0.046926 0.001800
v -0.000081 -0.046002 0.001800
v -0.001255 -0.045752 0.003000
v -0.000601 -0.046759 0.001800
v -0.000721 -0.046574 0.002493
v -0.000425 -0.045929 0.002649
v -0.001431 -0.046582 0.002649
v 0.003070 -0.025407 0.001800
v 0.002820 -0.026580 0.003000
v 0.003994 -0.026830 0.001800
v 0.002996 -0.025750 0.002649
v 0.003642 -0.026047 0.002493
v 0.003650 -0.026757 0.002649
v 0.003826 -0.025927 0.001800
v -0.001505 -0.046926 -0.001800
v -0.001255 -0.045752 -0.003000
v -0.000081 -0.046002 -0.001800
v -0.001431 -0.046582 -0.002649
v -0.000721 -0.046574 -0.002493
v -0.000425 -0.045929 -0.002649
v -0.000601 -0.046759 -0.001800
v 0.003070 -0.025407 -0.001800
v 0.003994 -0.026830 -0.001800
v 0.002820 -0.026580 -0.003000
v 0.003826 -0.025927 -0.001800
v 0.003642 -0.026047 -0.002493
v 0.003650 -0.026757 -0.002649
v 0.002996 -0.025750 -0.002649
v 0.100000 -0.019146 -0.017000
v 0.100000 -0.019083 -0.016800
v 0.100000 -0.020200 -0.017917
v 0.100000 -0.020000 -0.017854
v 0.100000 -0.019396 -0.017604
v 0.100000 -0.020200 0.017917
v 0.100000 -0.023800 0.017917
v 0.100000 -0.020000 0.017854
v 0.100000 -0.019396 0.017604
v 0.100000 -0.023800 -0.017917
v 0.100000 -0.019083 0.016800
v 0.100000 -0.019146 0.017000
v 0.097000 -0.053000 0.014000
v 0.097000 -0.053000 -0.014000
v 0.039000 -0.053000 0.014000
v 0.039000 -0.053000 -0.014000
v 0.099649 -0.024649 0.018000
v 0.099800 -0.024283 0.018000
v 0.098800 -0.025000 0.018000
v 0.036200 -0.025000 0.018000
v 0.035000 -0.025000 0.016800
v 0.035000 -0.025200 0.005710
v 0.035000 -0.025000 0.005646
v 0.035000 -0.025200 -0.005710
v 0.035000 -0.025000 -0.005646
v 0.035000 -0.051800 -0.005710
v 0.035000 -0.051800 0.005710
v 0.035000 -0.025000 -0.016800
v 0.036200 -0.025000 -0.018000
v 0.099649 -0.024649 -0.018000
v 0.099800 -0.024283 -0.018000
v 0.098800 -0.025000 -0.018000
v 0.030500 -0.054000 -0.004800
v 0.030500 -0.054000 0.004800
v 0.035500 -0.052710 -0.004800
v 0.035500 -0.052710 0.004800
v 0.031700 -0.025000 0.005917
v 0.031500 -0.025000 0.005854
v 0.030896 -0.025000 0.005604
v 0.030646 -0.025000 0.005000
v 0.030583 -0.025000 0.004800
v 0.031500 -0.025000 -0.005854
v 0.030896 -0.025000 -0.005604
v 0.031700 -0.025000 -0.005917
v 0.030646 -0.025000 -0.005000
v 0.030583 -0.025000 -0.004800
v 0.034500 -0.025000 0.005854
v 0.034300 -0.025000 0.005917
v 0.034500 -0.025000 -0.005854
v 0.034300 -0.025000 -0.005917
v 0.035351 -0.052649 0.005159
v 0.035351 -0.052649 -0.005159
v 0.035149 -0.052159 0.005649
v 0.035149 -0.052159 -0.005649
v 0.035351 -0.025000 0.017649
v 0.035351 -0.025000 -0.017649
v 0.030851 -0.054351 -0.005649
v 0.030851 -0.054351 0.005649
v 0.031700 -0.055200 0.006000
v 0.031700 -0.055248 -0.006000
vn 0.0019 -0.0081 1.0000
vn 0.0020 0.0081 1.0000
vn -0.0019 0.0081 1.0000
vn -0.0020 -0.0081 1.0000
vn -0.0000 -1.0000 -0.0000
vn -0.0304 -0.9954 0.0908
vn -0.0269 -0.9973 -0.0678
vn 0.0545 -0.9933 -0.1023
vn 0.0354 -0.9972 0.0663
vn 0.0020 1.0000 -0.0083
vn -0.0019 1.0000 -0.0083
vn -0.0020 1.0000 0.0083
vn 0.0019 1.0000 0.0083
vn -0.9999 -0.0081 0.0083
vn -0.9999 0.0081 0.0083
vn -0.9999 0.0081 -0.0083
vn -0.9999 -0.0081 -0.0083
vn -0.0019 -0.0081 -1.0000
vn -0.0020 0.0081 -1.0000
vn 0.0019 0.0081 -1.0000
vn 0.0020 -0.0081 -1.0000
vn -0.0055 -0.0000 1.0000
vn -0.0054 -0.0127 0.9999
vn 0.0062 -0.0127 0.9999
vn 0.0063 -0.0000 1.0000
vn -0.0000 -0.0000 1.0000
vn 0.9999 -0.0108 -0.0102
vn 0.9999 0.0108 -0.0102
vn 0.9999 0.0108 0.0102
vn 0.9999 -0.0108 0.0102
vn -0.0000 -0.9994 0.0337
vn -0.0051 -0.9994 0.0335
vn -0.0051 -0.9994 -0.0335
vn -0.0000 -0.9994 -0.0337
vn -1.0000 -0.0000 -0.0000
vn -0.9996 -0.0000 -0.0295
vn -0.9995 -0.0127 -0.0292
vn -0.9999 -0.0130 -0.0000
vn -0.9995 -0.0127 0.0292
vn -0.9996 -0.0000 0.0295
vn -0.0000 -0.0000 -1.0000
vn 0.0063 -0.0000 -1.0000
vn 0.0062 -0.0127 -0.9999
vn -0.0054 -0.0127 -0.9999
vn -0.0055 -0.0000 -1.0000
vn -0.0380 0.0862 0.9955
vn -0.0047 0.1412 0.9900
vn -0.0046 -0.1417 0.9899
vn -0.0000 -0.1421 0.9899
vn -0.0000 -0.0109 0.9999
vn 0.2489 -0.9681 -0.0271
vn 0.2489 -0.9681 0.0271
vn -0.0000 0.9994 -0.0338
vn -0.0051 0.9994 -0.0336
vn -0.0052 0.9994 0.0336
vn -0.0000 0.9994 0.0338
vn -0.9898 -0.1396 0.0303
vn -0.9897 0.1396 0.0302
vn -0.9897 0.1396 -0.0303
vn -0.9897 -0.1396 -0.0302
vn -0.0000 -0.0983 -0.9952
vn -0.0047 -0.1431 -0.9897
vn -0.0046 0.1412 -0.9900
vn -0.0380 0.0862 -0.9955
vn 0.0909 -0.0037 -0.9959
vn -0.0000 -0.0109 -0.9999
vn -0.0965 0.0025 -0.9953
vn 0.0897 0.0025 -0.9960
vn 0.9910 -0.0106 0.1332
vn 1.0000 -0.0000 -0.0000
vn 0.0938 -0.0038 0.9956
vn 0.0926 0.0026 0.9957
vn -0.0996 0.0026 0.9950
vn 0.9994 -0.0000 0.0351
vn 0.9970 -0.0693 0.0332
vn 0.9970 -0.0693 -0.0332
vn 0.9994 -0.0000 -0.0351
vn -0.3384 -0.9383 -0.0714
vn -0.0724 -0.9948 -0.0714
vn -0.0725 -0.9948 0.0714
vn -0.3384 -0.9383 0.0714
vn -0.9994 -0.0000 0.0339
vn -0.9994 0.0028 0.0338
vn -0.9994 0.0028 -0.0338
vn -0.9994 -0.0000 -0.0339
vn -0.0036 -0.9999 0.0155
vn -0.0036 -0.9999 -0.0154
vn 0.1345 -0.0444 0.9899
vn 0.1410 -0.0142 0.9899
vn -0.1345 0.0444 0.9899
vn -0.1410 0.0142 0.9899
vn 0.9717 -0.2232 -0.0780
vn 0.9784 -0.1913 -0.0780
vn 0.9784 -0.1913 0.0780
vn 0.9717 -0.2232 0.0780
vn 0.3384 0.9383 -0.0714
vn 0.0724 0.9948 -0.0714
vn 0.0724 0.9948 0.0714
vn 0.3384 0.9383 0.0714
vn -0.9784 0.1913 0.0780
vn -0.9717 0.2232 0.0780
vn -0.9717 0.2232 -0.0780
vn -0.9784 0.1913 -0.0780
vn -0.1410 0.0142 -0.9899
vn -0.1345 0.0444 -0.9899
vn 0.1410 -0.0142 -0.9899
vn 0.1345 -0.0444 -0.9899
vn -0.0013 -0.9239 0.3825
vn -0.3251 -0.8881 0.3251
vn -0.3820 -0.9241 0.0056
vn -0.3821 -0.0055 0.9241
vn -0.3251 -0.3251 0.8881
vn -0.0013 -0.3825 0.9239
vn -0.9241 -0.3820 0.0056
vn -0.8881 -0.3251 0.3251
vn -0.9241 -0.0055 0.3821
vn -0.0013 0.3826 0.9239
vn -0.3251 0.3251 0.8881
vn -0.3821 0.0055 0.9241
vn -0.3820 0.9241 0.0056
vn -0.3251 0.8881 0.3251
vn -0.0013 0.9239 0.3825
vn -0.9241 0.0055 0.3821
vn -0.8881 0.3251 0.3251
vn -0.9241 0.3821 0.0056
vn -0.3820 -0.9241 -0.0056
vn -0.3251 -0.8881 -0.3251
vn -0.0013 -0.9239 -0.3825
vn -0.9241 -0.0055 -0.3821
vn -0.8881 -0.3251 -0.3251
vn -0.9241 -0.3820 -0.0056
vn -0.0013 -0.3825 -0.9239
vn -0.3251 -0.3251 -0.8881
vn -0.3821 -0.0055 -0.9241
vn -0.0013 0.9239 -0.3825
vn -0.3251 0.8881 -0.3251
vn -0.3820 0.9241 -0.0056
vn -0.3821 0.0055 -0.9241
vn -0.3251 0.3251 -0.8881
vn -0.0013 0.3825 -0.9239
vn -0.9241 0.3820 -0.0056
vn -0.8881 0.3251 -0.3251
vn -0.9241 0.0055 -0.3821
vn 0.0024 -0.9918 0.1274
vn 0.3743 -0.9249 0.0672
vn 0.3251 -0.8881 0.3251
vn 0.0013 -0.9239 0.3825
vn 0.9241 -0.0055 0.3821
vn 0.8881 -0.3251 0.3251
vn 0.9249 -0.3743 0.0667
vn 0.0013 -0.3825 0.9239
vn 0.3251 -0.3251 0.8881
vn 0.3821 -0.0055 0.9241
vn 0.0013 0.9239 0.3825
vn 0.3251 0.8881 0.3251
vn 0.3820 0.9241 0.0056
vn 0.3821 0.0055 0.9241
vn 0.3251 0.3251 0.8881
vn 0.0013 0.3825 0.9239
vn 0.9999 0.0094 0.0096
vn 0.9241 0.3820 0.0056
vn 0.8881 0.3251 0.3251
vn 0.9241 0.0055 0.3821
vn 0.0024 -0.9918 -0.1274
vn 0.0013 -0.9239 -0.3825
vn 0.3251 -0.8881 -0.3251
vn 0.3743 -0.9249 -0.0672
vn 0.3821 -0.0055 -0.9241
vn 0.3251 -0.3251 -0.8881
vn 0.0013 -0.3825 -0.9239
vn 0.9910 -0.0106 -0.1332
vn 0.9249 -0.3743 -0.0667
vn 0.8881 -0.3251 -0.3251
vn 0.9241 -0.0055 -0.3821
vn 0.3821 0.9241 -0.0056
vn 0.3251 0.8881 -0.3251
vn 0.0013 0.9239 -0.3825
vn 0.9999 0.0094 -0.0097
vn 0.9241 0.0055 -0.3821
vn 0.8881 0.3251 -0.3251
vn 0.9241 0.3821 -0.0056
vn 0.0013 0.3825 -0.9239
vn 0.3251 0.3251 -0.8881
vn 0.3821 0.0055 -0.9241
vn -0.0037 -0.9240 0.3823
vn -0.3784 -0.9249 0.0361
vn -0.3817 -0.0086 0.9242
vn -0.0037 -0.3823 0.9240
vn -0.9246 -0.3804 0.0196
vn -0.9242 -0.0086 0.3817
vn -0.3783 -0.9250 -0.0361
vn -0.0037 -0.9240 -0.3823
vn -0.9242 -0.0086 -0.3817
vn -0.9246 -0.3804 -0.0196
vn -0.0037 -0.3823 -0.9240
vn -0.3817 -0.0086 -0.9242
vn 0.3819 -0.9242 0.0069
vn 0.0037 -0.9240 0.3823
vn 0.9242 -0.0073 0.3819
vn 0.9242 -0.3819 0.0069
vn 0.0037 -0.3823 0.9240
vn 0.3818 -0.0075 0.9242
vn 0.3377 0.8879 0.3123
vn 0.3822 0.9241 0.0062
vn 0.3823 0.0052 0.9240
vn 0.3377 0.3123 0.8879
vn 0.9242 0.3819 0.0069
vn 0.9242 0.0073 0.3819
vn 0.0037 -0.9240 -0.3823
vn 0.3819 -0.9242 -0.0069
vn 0.3818 -0.0075 -0.9242
vn 0.0037 -0.3823 -0.9240
vn 0.9242 -0.3819 -0.0069
vn 0.9242 -0.0073 -0.3819
vn 0.3822 0.9241 -0.0062
vn 0.3377 0.8879 -0.3123
vn 0.9242 0.0073 -0.3819
vn 0.9242 0.3819 -0.0069
vn 0.3377 0.3123 -0.8879
vn 0.3822 0.0052 -0.9240
vn -0.0035 -0.9241 0.3822
vn -0.3800 -0.9247 0.0228
vn -0.3692 -0.1022 0.9237
vn -0.0035 -0.3823 0.9240
vn -0.9247 -0.3801 0.0228
vn -0.9237 -0.1022 0.3692
vn -0.0035 0.3823 0.9240
vn -0.3692 0.1022 0.9237
vn -0.3800 0.9247 0.0228
vn -0.0035 0.9240 0.3823
vn -0.9237 0.1022 0.3692
vn -0.9247 0.3800 0.0228
vn -0.3800 -0.9247 -0.0228
vn -0.0035 -0.9240 -0.3823
vn -0.9237 -0.1022 -0.3692
vn -0.9247 -0.3800 -0.0228
vn -0.0035 -0.3823 -0.9240
vn -0.3692 -0.1022 -0.9237
vn -0.0035 0.9240 -0.3823
vn -0.3800 0.9247 -0.0228
vn -0.3692 0.1022 -0.9237
vn -0.0033 0.3733 -0.9277
vn -0.9247 0.3800 -0.0228
vn -0.9237 0.1022 -0.3692
vn -0.3571 0.2923 0.8871
vn -0.3826 0.0020 0.9239
vn -0.1882 0.3418 0.9207
vn -0.9239 0.0021 0.3826
vn -0.8871 0.2923 0.3571
vn -0.9257 0.3772 0.0295
vn -0.3826 0.0020 -0.9239
vn -0.3571 0.2923 -0.8871
vn -0.1882 0.3418 -0.9207
vn -0.9239 0.0021 -0.3826
vn -0.9257 0.3772 -0.0295
vn -0.8871 0.2923 -0.3571
vn 0.3800 -0.9247 0.0228
vn 0.1945 -0.9150 0.3534
vn 0.9250 -0.0472 0.3769
vn 0.9247 -0.3800 0.0228
vn 0.1945 -0.3534 0.9150
vn 0.3817 -0.0085 0.9242
vn 0.1872 0.3427 0.9206
vn 0.3826 0.0019 0.9239
vn 0.3553 0.2942 0.8872
vn 0.1945 -0.9150 -0.3534
vn 0.3800 -0.9247 -0.0228
vn 0.3817 -0.0085 -0.9242
vn 0.1945 -0.3534 -0.9150
vn 0.9247 -0.3800 -0.0228
vn 0.9250 -0.0472 -0.3769
vn 0.3553 0.2942 -0.8872
vn 0.3826 0.0019 -0.9239
vn 0.1872 0.3427 -0.9206
vn -0.2920 -0.8823 0.3692
vn -0.5026 -0.8011 0.3251
vn -0.5601 -0.8266 0.0547
vn -0.3754 0.0679 0.9244
vn -0.3855 -0.2504 0.8881
vn -0.1767 -0.3399 0.9237
vn -0.9830 -0.1754 0.0547
vn -0.9362 -0.1333 0.3251
vn -0.9066 0.1808 0.3813
vn -0.0232 0.3824 0.9237
vn -0.2504 0.3855 0.8881
vn -0.3706 0.0906 0.9244
vn -0.1754 0.9830 0.0547
vn -0.1333 0.9362 0.3251
vn 0.0921 0.9248 0.3692
vn -0.9017 0.2035 0.3813
vn -0.8011 0.5026 0.3251
vn -0.8266 0.5601 0.0547
vn -0.5601 -0.8266 -0.0547
vn -0.5026 -0.8011 -0.3251
vn -0.2920 -0.8823 -0.3692
vn -0.9066 0.1808 -0.3813
vn -0.9363 -0.1333 -0.3251
vn -0.9830 -0.1754 -0.0547
vn -0.1767 -0.3399 -0.9237
vn -0.3855 -0.2504 -0.8881
vn -0.3754 0.0679 -0.9244
vn 0.0921 0.9248 -0.3692
vn -0.1333 0.9362 -0.3251
vn -0.1754 0.9830 -0.0547
vn -0.3707 0.0906 -0.9243
vn -0.2504 0.3855 -0.8881
vn -0.0232 0.3823 -0.9237
vn -0.8266 0.5601 -0.0547
vn -0.8011 0.5026 -0.3251
vn -0.9017 0.2035 -0.3813
vn 0.1755 -0.9830 0.0547
vn 0.1333 -0.9363 0.3251
vn -0.0921 -0.9248 0.3692
vn 0.9017 -0.2035 0.3814
vn 0.8011 -0.5026 0.3251
vn 0.8266 -0.5601 0.0547
vn 0.0232 -0.3823 0.9237
vn 0.2504 -0.3855 0.8881
vn 0.3706 -0.0906 0.9244
vn 0.2920 0.8823 0.3692
vn 0.5026 0.8011 0.3251
vn 0.5601 0.8266 0.0547
vn 0.3754 -0.0679 0.9244
vn 0.3855 0.2504 0.8881
vn 0.1767 0.3399 0.9237
vn 0.9830 0.1754 0.0547
vn 0.9363 0.1333 0.3251
vn 0.9066 -0.1808 0.3813
vn -0.0921 -0.9248 -0.3692
vn 0.1333 -0.9363 -0.3251
vn 0.1754 -0.9830 -0.0547
vn 0.3706 -0.0906 -0.9244
vn 0.2504 -0.3855 -0.8881
vn 0.0232 -0.3823 -0.9237
vn 0.8266 -0.5601 -0.0547
vn 0.8011 -0.5026 -0.3251
vn 0.9017 -0.2035 -0.3813
vn 0.5601 0.8266 -0.0547
vn 0.5026 0.8011 -0.3251
vn 0.2920 0.8823 -0.3692
vn 0.9066 -0.1808 -0.3813
vn 0.9363 0.1333 -0.3251
vn 0.9830 0.1754 -0.0547
vn 0.1767 0.3399 -0.9237
vn 0.3855 0.2504 -0.8881
vn 0.3754 -0.0679 -0.9244
vn 0.0109 -0.9999 -0.0000
vn 0.3827 -0.9239 -0.0000
vn 0.0109 -0.9999 0.0001
vn 0.9239 -0.3827 -0.0000
vn 0.9915 -0.1298 -0.0000
vn -0.3827 -0.9239 -0.0000
vn -0.9239 -0.3827 -0.0000
vn -0.3827 -0.0000 0.9239
vn -0.9239 -0.0000 0.3827
vn -0.3827 -0.0000 -0.9239
vn -0.9239 -0.0000 -0.3827
vn 0.3827 -0.0000 -0.9239
vn 0.3827 -0.0000 0.9239
vn -0.0000 0.9239 -0.3827
vn 0.0001 0.3737 -0.9276
vn -0.0000 0.9239 0.3827
vn -0.0000 0.3827 0.9239
vn 0.9239 -0.0000 -0.3827
vn 0.9239 -0.0000 0.3827
vn -0.0000 -0.3827 0.9239
vn -0.0000 -0.9239 -0.3827
vn -0.0000 -0.3827 -0.9239
vn -0.0000 -0.9239 0.3827
vt 0.313602 0.420706
vt 0.272181 0.420697
vt 0.272181 0.243119
vt 0.313602 0.243127
vt 0.568275 0.615213
vt 0.565552 0.612503
vt 0.598229 0.612503
vt 0.595506 0.615213
vt 0.598229 0.674039
vt 0.565552 0.674039
vt 0.595506 0.671330
vt 0.219492 0.418241
vt 0.219492 0.246406
vt 0.259950 0.246406
vt 0.259950 0.418241
vt 0.436414 0.685573
vt 0.436414 0.644667
vt 0.476872 0.644667
vt 0.476872 0.685573
vt 0.005155 0.246532
vt 0.046575 0.246522
vt 0.046575 0.424101
vt 0.005155 0.424110
vt 0.670387 0.607121
vt 0.696445 0.607121
vt 0.696458 0.668972
vt 0.669702 0.668972
vt 0.670058 0.668825
vt 0.670399 0.668000
vt 0.665826 0.726888
vt 0.696225 0.726888
vt 0.696225 0.759565
vt 0.665826 0.759565
vt 0.740435 0.629555
vt 0.740435 0.564246
vt 0.749771 0.564246
vt 0.749771 0.629555
vt 0.749771 0.631587
vt 0.740435 0.631587
vt 0.810431 0.061859
vt 0.810369 0.061667
vt 0.821217 0.061667
vt 0.821217 0.087401
vt 0.810431 0.087401
vt 0.768759 0.816315
vt 0.768759 0.790580
vt 0.779607 0.790580
vt 0.779545 0.790772
vt 0.779545 0.816315
vt 0.009420 0.637243
vt 0.009064 0.637096
vt 0.035819 0.637096
vt 0.035806 0.698947
vt 0.009748 0.698946
vt 0.009762 0.638068
vt 0.515703 0.651704
vt 0.515703 0.586060
vt 0.517259 0.586061
vt 0.517259 0.651704
vt 0.517259 0.653747
vt 0.515703 0.653746
vt 0.749771 0.632070
vt 0.740435 0.632070
vt 0.760327 0.741542
vt 0.760327 0.679150
vt 0.769664 0.679150
vt 0.769664 0.741542
vt 0.380687 0.956111
vt 0.379151 0.956111
vt 0.379151 0.946774
vt 0.380687 0.946774
vt 0.377418 0.670020
vt 0.377418 0.604377
vt 0.378973 0.604376
vt 0.378926 0.670020
vt 0.377418 0.672549
vt 0.377418 0.672063
vt 0.408142 0.670014
vt 0.408142 0.672542
vt 0.259950 0.682396
vt 0.257084 0.678740
vt 0.256841 0.678159
vt 0.517259 0.654233
vt 0.486534 0.654227
vt 0.486534 0.651698
vt 0.923047 0.316303
vt 0.926981 0.316303
vt 0.926981 0.325640
vt 0.923047 0.325640
vt 0.847408 0.776381
vt 0.848955 0.776381
vt 0.848955 0.779882
vt 0.847408 0.779882
vt 0.810720 0.124714
vt 0.810720 0.097059
vt 0.820056 0.097059
vt 0.820056 0.124714
vt 0.081759 0.357219
vt 0.072422 0.357219
vt 0.056862 0.246549
vt 0.097320 0.246549
vt 0.348233 0.895181
vt 0.348233 0.876124
vt 0.349789 0.876124
vt 0.349789 0.895181
vt 0.839240 0.386558
vt 0.839240 0.367533
vt 0.842741 0.367533
vt 0.842741 0.386558
vt 0.830366 0.129389
vt 0.831920 0.129389
vt 0.831920 0.132890
vt 0.830366 0.132890
vt 0.835209 0.553333
vt 0.835209 0.534295
vt 0.838710 0.534295
vt 0.838710 0.553333
vt 0.902719 0.357210
vt 0.902719 0.338154
vt 0.904275 0.338154
vt 0.904275 0.357210
vt 0.056036 0.246515
vt 0.056188 0.245829
vt 0.056862 0.245694
vt 0.313610 0.242299
vt 0.314287 0.242449
vt 0.314435 0.243124
vt 0.436414 0.686334
vt 0.435740 0.686160
vt 0.435589 0.685519
vt 0.271364 0.243115
vt 0.271518 0.242440
vt 0.272189 0.242290
vt 0.259950 0.245694
vt 0.260623 0.245879
vt 0.260775 0.246492
vt 0.435589 0.644613
vt 0.435740 0.643924
vt 0.436414 0.643798
vt 0.097320 0.245694
vt 0.097993 0.245829
vt 0.098145 0.246515
vt 0.477697 0.685519
vt 0.477546 0.686160
vt 0.476872 0.686334
vt 0.004322 0.246528
vt 0.004470 0.245853
vt 0.005147 0.245703
vt 0.218666 0.246492
vt 0.218818 0.245879
vt 0.219492 0.245694
vt 0.046567 0.245694
vt 0.047237 0.245844
vt 0.047392 0.246519
vt 0.476872 0.643798
vt 0.477546 0.643924
vt 0.477697 0.644613
vt 0.056862 0.423222
vt 0.056862 0.424008
vt 0.056188 0.423842
vt 0.056036 0.423187
vt 0.260775 0.682446
vt 0.260623 0.683134
vt 0.259950 0.683262
vt 0.314435 0.420703
vt 0.314287 0.421375
vt 0.313610 0.421528
vt 0.260775 0.418327
vt 0.260623 0.419017
vt 0.259950 0.419126
vt 0.272189 0.421519
vt 0.271519 0.421366
vt 0.271364 0.420694
vt 0.259950 0.641415
vt 0.259950 0.640649
vt 0.260623 0.640821
vt 0.260775 0.641465
vt 0.097320 0.423222
vt 0.098145 0.423187
vt 0.097993 0.423842
vt 0.097320 0.424008
vt 0.005147 0.424932
vt 0.004470 0.424779
vt 0.004322 0.424107
vt 0.219492 0.682396
vt 0.219492 0.683262
vt 0.218818 0.683134
vt 0.218666 0.682446
vt 0.219492 0.419126
vt 0.218818 0.419017
vt 0.218666 0.418327
vt 0.219492 0.641415
vt 0.218666 0.641465
vt 0.218818 0.640821
vt 0.219492 0.640649
vt 0.047392 0.424097
vt 0.047237 0.424770
vt 0.046567 0.424923
vt 0.564726 0.612469
vt 0.564878 0.611783
vt 0.565552 0.611648
vt 0.696452 0.606292
vt 0.697129 0.606442
vt 0.697277 0.607118
vt 0.768759 0.817075
vt 0.768085 0.816902
vt 0.767934 0.816260
vt 0.598229 0.611648
vt 0.598903 0.611783
vt 0.599054 0.612469
vt 0.822042 0.087347
vt 0.821890 0.087988
vt 0.821217 0.088162
vt 0.036638 0.698950
vt 0.036490 0.699625
vt 0.035813 0.699775
vt 0.565552 0.674825
vt 0.564878 0.674659
vt 0.564726 0.674004
vt 0.665776 0.760391
vt 0.665087 0.760239
vt 0.664959 0.759565
vt 0.697290 0.668969
vt 0.697142 0.669641
vt 0.696465 0.669794
vt 0.839429 0.274903
vt 0.839368 0.275490
vt 0.838877 0.275382
vt 0.838769 0.274708
vt 0.839445 0.274708
vt 0.665740 0.669794
vt 0.665069 0.669641
vt 0.664959 0.669163
vt 0.665541 0.669165
vt 0.665734 0.669166
vt 0.696991 0.759565
vt 0.696819 0.760239
vt 0.696174 0.760391
vt 0.599054 0.674004
vt 0.598903 0.674659
vt 0.598229 0.674825
vt 0.035827 0.636274
vt 0.036504 0.636427
vt 0.036652 0.637099
vt 0.664959 0.726888
vt 0.665087 0.726214
vt 0.665776 0.726063
vt 0.838769 0.242031
vt 0.838877 0.241357
vt 0.839368 0.241249
vt 0.839429 0.241836
vt 0.839445 0.242031
vt 0.696174 0.726063
vt 0.696819 0.726214
vt 0.696991 0.726888
vt 0.004322 0.636905
vt 0.004432 0.636427
vt 0.005103 0.636274
vt 0.005097 0.636902
vt 0.004903 0.636902
vt 0.739610 0.564211
vt 0.739761 0.563526
vt 0.740435 0.563390
vt 0.517267 0.585232
vt 0.517944 0.585382
vt 0.518092 0.586057
vt 0.381448 0.956111
vt 0.381274 0.956784
vt 0.380633 0.956936
vt 0.514886 0.586057
vt 0.515041 0.585382
vt 0.515711 0.585232
vt 0.769664 0.678438
vt 0.770337 0.678623
vt 0.770489 0.679237
vt 0.379097 0.956936
vt 0.378407 0.956784
vt 0.378282 0.956111
vt 0.749771 0.563390
vt 0.750445 0.563526
vt 0.750597 0.564211
vt 0.380633 0.945949
vt 0.381274 0.946100
vt 0.381448 0.946774
vt 0.376585 0.604374
vt 0.376733 0.603698
vt 0.377410 0.603548
vt 0.759502 0.679237
vt 0.759653 0.678623
vt 0.760327 0.678438
vt 0.378966 0.603548
vt 0.379636 0.603698
vt 0.379791 0.604373
vt 0.378282 0.946774
vt 0.378407 0.946100
vt 0.379097 0.945949
vt 0.486348 0.650913
vt 0.486541 0.650870
vt 0.486341 0.651697
vt 0.486343 0.651502
vt 0.809895 0.097005
vt 0.809938 0.096806
vt 0.810525 0.096845
vt 0.810720 0.096855
vt 0.408135 0.669185
vt 0.408328 0.669228
vt 0.408334 0.669818
vt 0.408335 0.670013
vt 0.820882 0.097005
vt 0.820056 0.096855
vt 0.820251 0.096845
vt 0.820838 0.096806
vt 0.740435 0.632857
vt 0.739761 0.632691
vt 0.739610 0.632036
vt 0.927032 0.315478
vt 0.927720 0.315629
vt 0.927848 0.316303
vt 0.518092 0.654230
vt 0.517944 0.654902
vt 0.517267 0.655055
vt 0.486341 0.654226
vt 0.486540 0.654905
vt 0.486347 0.654904
vt 0.486343 0.654420
vt 0.750597 0.632036
vt 0.750445 0.632691
vt 0.749771 0.632857
vt 0.377410 0.673371
vt 0.376733 0.673218
vt 0.376585 0.672546
vt 0.927848 0.325640
vt 0.927720 0.326313
vt 0.927032 0.326465
vt 0.408334 0.672735
vt 0.408329 0.673219
vt 0.408136 0.673220
vt 0.408335 0.672541
vt 0.847444 0.780707
vt 0.846791 0.780556
vt 0.846624 0.779882
vt 0.350616 0.895188
vt 0.350465 0.895866
vt 0.349790 0.896014
vt 0.835209 0.554174
vt 0.834535 0.554030
vt 0.834384 0.553350
vt 0.349790 0.875307
vt 0.350465 0.875462
vt 0.350616 0.876132
vt 0.832729 0.132890
vt 0.832571 0.133564
vt 0.831905 0.133715
vt 0.834384 0.534312
vt 0.834535 0.533647
vt 0.835209 0.533488
vt 0.846624 0.776381
vt 0.846791 0.775707
vt 0.847444 0.775555
vt 0.839535 0.553350
vt 0.839384 0.554030
vt 0.838710 0.554174
vt 0.902718 0.358043
vt 0.902043 0.357896
vt 0.901892 0.357218
vt 0.831905 0.128564
vt 0.832571 0.128715
vt 0.832729 0.129389
vt 0.901892 0.338162
vt 0.902043 0.337492
vt 0.902718 0.337337
vt 0.838710 0.533488
vt 0.839384 0.533647
vt 0.839535 0.534312
vt 0.849812 0.779882
vt 0.849678 0.780556
vt 0.848991 0.780707
vt 0.843566 0.386537
vt 0.843415 0.387200
vt 0.842741 0.387360
vt 0.348234 0.896014
vt 0.347561 0.895866
vt 0.347409 0.895189
vt 0.830350 0.133715
vt 0.829670 0.133564
vt 0.829526 0.132890
vt 0.347409 0.876132
vt 0.347561 0.875462
vt 0.348234 0.875307
vt 0.842741 0.366688
vt 0.843415 0.366830
vt 0.843566 0.367511
vt 0.848991 0.775555
vt 0.849678 0.775707
vt 0.849812 0.776381
vt 0.905099 0.357219
vt 0.904947 0.357896
vt 0.904274 0.358044
vt 0.839240 0.387360
vt 0.838566 0.387200
vt 0.838415 0.386537
vt 0.829526 0.129389
vt 0.829670 0.128715
vt 0.830350 0.128564
vt 0.838415 0.367511
vt 0.838566 0.366830
vt 0.839240 0.366688
vt 0.904274 0.337337
vt 0.904947 0.337492
vt 0.905099 0.338162
vt 0.094596 0.423222
vt 0.094596 0.424008
vt 0.059585 0.423222
vt 0.059585 0.424008
vt 0.222215 0.682889
vt 0.222215 0.683262
vt 0.222295 0.682396
vt 0.257146 0.682396
vt 0.257226 0.683262
vt 0.257226 0.682889
vt 0.577222 0.611798
vt 0.586559 0.611798
vt 0.779605 0.816636
vt 0.780081 0.817075
vt 0.809895 0.088162
vt 0.810371 0.087723
vt 0.670394 0.606292
vt 0.767934 0.790526
vt 0.009756 0.699775
vt 0.822042 0.061613
vt 0.008597 0.636902
vt 0.669234 0.669166
vt 0.222600 0.678159
vt 0.257146 0.678932
vt 0.222295 0.678932
vt 0.759502 0.741959
vt 0.379791 0.669191
vt 0.222357 0.678740
vt 0.770489 0.741959
vt 0.514886 0.650875
vt 0.809895 0.124997
vt 0.820882 0.124997
vt 0.922567 0.326465
vt 0.923009 0.325988
vt 0.382273 0.673226
vt 0.381923 0.673370
vt 0.512754 0.655054
vt 0.512404 0.654910
vt 0.922567 0.315478
vt 0.923009 0.315954
vt 0.223187 0.677919
vt 0.082540 0.357523
vt 0.081953 0.357281
vt 0.819386 0.658265
vt 0.810728 0.658265
vt 0.810728 0.631034
vt 0.819386 0.631034
vt 0.107682 0.748345
vt 0.098931 0.748343
vt 0.098931 0.691938
vt 0.107682 0.691940
vt 0.569786 0.822398
vt 0.561144 0.822398
vt 0.561144 0.795166
vt 0.569786 0.795166
vt 0.778486 0.331976
vt 0.787237 0.331974
vt 0.787237 0.388379
vt 0.778486 0.388381
vt 0.158503 0.654760
vt 0.185734 0.654760
vt 0.185734 0.710877
vt 0.158503 0.710877
vt 0.256254 0.677919
vt 0.256059 0.677858
vt 0.223382 0.677858
vt 0.568275 0.671330
vt 0.586907 0.611648
vt 0.576874 0.611648
vt 0.518092 0.653744
vt 0.750597 0.629520
vt 0.750597 0.631552
vt 0.518092 0.651701
vt 0.376585 0.672059
vt 0.739610 0.629520
vt 0.739610 0.631552
vt 0.376585 0.670017
vt 0.071398 0.361009
vt 0.071599 0.361493
vt 0.060752 0.361493
vt 0.071336 0.360816
vt 0.071336 0.358300
vt 0.071398 0.358107
vt 0.071641 0.357523
vt 0.072228 0.357281
vt 0.059585 0.362654
vt 0.094596 0.362654
vt 0.059927 0.361833
vt 0.094255 0.361833
vt 0.093429 0.361493
vt 0.082582 0.361493
vt 0.082783 0.361009
vt 0.082845 0.360816
vt 0.082845 0.358300
vt 0.082783 0.358107
s 1
usemtl M416_Final_Metal
f 3233/6508/2679 3239/6509/2680 3209/6510/2681 3200/6511/2682
f 3428/6512/2683 3259/6513/2684 3266/6514/2685 3429/6515/2683
f 3284/6516/2686 3273/6517/2687 3427/6518/2683
f 3252/6519/2688 3224/6520/2689 3211/6521/2690 3238/6522/2691
f 3202/6523/2692 3212/6524/2693 3226/6525/2694 3218/6526/2695
f 3219/6527/2696 3225/6528/2697 3254/6529/2698 3246/6530/2699
f 3433/6531/2700 3260/6532/2701 3275/6533/2702 3431/6534/2703 3430/6535/2704 3432/6536/2704
f 3286/6537/2705 3291/6538/2706 3280/6539/2707 3274/6540/2708
f 3330/6541/2709 3295/6542/2710 3309/6543/2711 3336/6544/2712
f 3336/6544/2712 3327/6545/2712 3323/6546/2709 3330/6541/2709
f 3437/6547/2713 3438/6548/2713 3441/6549/2714 3267/6550/2715 3439/6551/2716
f 3261/6552/2717 3434/6553/2718 3436/6554/2713 3435/6555/2713 3440/6556/2716
f 3443/6557/2719 3444/6558/2720 3285/6559/2721 3268/6560/2722 3442/6561/2723 3445/6562/2719
f 3472/6563/2724 3302/6564/2725 3296/6565/2726 3331/6566/2727
f 3331/6566/2727 3324/6567/2728 3326/6568/2704 3472/6563/2724
f 3350/6569/2729 3342/6570/2730 3323/6546/2709 3327/6545/2712
f 3446/6571/2731 3316/6572/2732 3303/6573/2733 3447/6574/2734
f 3297/6575/2735 3304/6576/2736 3318/6577/2737 3310/6578/2738
f 3337/6579/2739 3311/6580/2740 3317/6581/2741 3473/6582/2742
f 3351/6583/2743 3328/6584/2744 3337/6579/2739 3473/6582/2742 3339/6585/2745 3357/6586/2746
f 3232/6587/2747 3421/6588/2748 3422/6589/2748
f 3326/6568/2704 3324/6567/2728 3344/6590/2749 3349/6591/2750 3333/6592/2751 3472/6563/2724
f 3449/6593/2752 3343/6594/2753 3352/6595/2754 3448/6596/2755
f 3372/6597/2756 3400/6598/2757 3386/6599/2758 3358/6600/2759
f 3447/6601/2760 3334/6602/2761 3340/6603/2762 3446/6604/2763
f 3459/6605/2683 3454/6606/2683 3199/6607/2764 3217/6608/2765
f 3388/6609/2766 3394/6610/2767 3365/6611/2768 3359/6612/2769
f 3402/6613/2770 3408/6614/2771 3395/6615/2772 3387/6616/2773
f 3407/6617/2774 3379/6618/2775 3366/6619/2776 3393/6620/2777
f 3360/6621/2778 3367/6622/2779 3381/6623/2780 3373/6624/2781
f 3374/6625/2782 3380/6626/2783 3409/6627/2784 3401/6628/2785
f 3199/6607/2764 3204/6629/2786 3205/6630/2787 3208/6631/2788
f 3200/6511/2682 3207/6632/2789 3205/6633/2790 3204/6634/2791
f 3202/6523/2692 3208/6635/2792 3205/6636/2793 3207/6637/2794
f 3209/6510/2681 3213/6638/2795 3214/6639/2796 3216/6640/2797
f 3211/6521/2690 3215/6641/2798 3214/6642/2799 3213/6643/2800
f 3212/6524/2693 3216/6644/2801 3214/6645/2802 3215/6646/2803
f 3217/6608/2765 3220/6647/2804 3221/6648/2805 3223/6649/2806
f 3218/6526/2695 3222/6650/2807 3221/6651/2808 3220/6652/2809
f 3219/6527/2696 3223/6653/2810 3221/6654/2811 3222/6655/2812
f 3224/6520/2689 3227/6656/2813 3228/6657/2814 3230/6658/2815
f 3225/6528/2697 3229/6659/2816 3228/6660/2817 3227/6661/2818
f 3226/6525/2694 3230/6662/2819 3228/6663/2820 3229/6664/2821
f 3231/6665/2822 3234/6666/2823 3235/6667/2824 3237/6668/2825
f 3232/6587/2747 3236/6669/2826 3235/6670/2827 3234/6671/2828
f 3233/6508/2679 3237/6672/2829 3235/6673/2830 3236/6674/2831
f 3238/6522/2691 3241/6675/2832 3242/6676/2833 3244/6677/2834
f 3239/6509/2680 3243/6678/2835 3242/6679/2836 3241/6680/2837
f 3240/6681/2838 3244/6682/2839 3242/6683/2840 3243/6684/2841
f 3245/6685/2842 3248/6686/2843 3249/6687/2844 3251/6688/2845
f 3246/6530/2699 3250/6689/2846 3249/6690/2847 3248/6691/2848
f 3247/6692/2849 3251/6693/2850 3249/6694/2851 3250/6695/2852
f 3252/6519/2688 3255/6696/2853 3256/6697/2854 3258/6698/2855
f 3253/6699/2856 3257/6700/2857 3256/6701/2858 3255/6702/2859
f 3254/6529/2698 3258/6703/2860 3256/6704/2861 3257/6705/2862
f 3259/6513/2684 3262/6706/2863 3263/6707/2787 3265/6708/2864
f 3260/6532/2701 3264/6709/2865 3263/6710/2790 3262/6711/2866
f 3261/6552/2717 3265/6712/2867 3263/6713/2793 3264/6714/2868
f 3266/6514/2685 3269/6715/2869 3270/6716/2805 3272/6717/2870
f 3267/6550/2715 3271/6718/2871 3270/6719/2808 3269/6720/2872
f 3268/6560/2722 3272/6721/2873 3270/6722/2811 3271/6723/2874
f 3273/6517/2687 3276/6724/2875 3277/6725/2824 3279/6726/2876
f 3274/6540/2708 3278/6727/2877 3277/6728/2827 3276/6729/2878
f 3275/6533/2702 3279/6730/2879 3277/6731/2830 3278/6732/2880
f 3425/6733/2881 3422/6734/2881 3281/6735/2881 3283/6736/2882 3424/6737/2882
f 3282/6738/2883 3281/6739/2884 3422/6740/2884 3421/6741/2884 3419/6742/2883
f 3280/6539/2707 3283/6743/2885 3281/6744/2840 3282/6745/2886
f 3284/6516/2686 3287/6746/2887 3288/6747/2844 3290/6748/2888
f 3285/6559/2721 3289/6749/2889 3288/6750/2847 3287/6751/2890
f 3286/6537/2705 3290/6752/2891 3288/6753/2851 3289/6754/2892
f 3292/6755/2893 3293/6756/2894 3418/6757/2894 3414/6758/2894 3415/6759/2893
f 3291/6538/2706 3294/6760/2895 3293/6761/2858 3292/6762/2896
f 3418/6763/2897 3293/6764/2897 3294/6765/2898 3416/6766/2898 3417/6767/2897
f 3295/6542/2710 3298/6768/2899 3299/6769/2787 3301/6770/2900
f 3296/6565/2726 3300/6771/2901 3299/6772/2790 3298/6773/2902
f 3297/6575/2735 3301/6774/2903 3299/6775/2793 3300/6776/2904
f 3302/6564/2725 3305/6777/2905 3306/6778/2796 3308/6779/2906
f 3303/6573/2733 3307/6780/2907 3306/6781/2799 3305/6782/2908
f 3304/6576/2736 3308/6783/2909 3306/6784/2802 3307/6785/2910
f 3309/6543/2711 3312/6786/2911 3313/6787/2805 3315/6788/2912
f 3310/6578/2738 3314/6789/2913 3313/6790/2808 3312/6791/2914
f 3311/6580/2740 3315/6792/2915 3313/6793/2811 3314/6794/2916
f 3316/6572/2732 3319/6795/2917 3320/6796/2814 3322/6797/2918
f 3317/6581/2741 3321/6798/2919 3320/6799/2817 3319/6800/2920
f 3318/6577/2737 3322/6801/2921 3320/6802/2820 3321/6803/2922
f 3452/6804/2923 3335/6805/2924 3333/6592/2751 3450/6806/2925 3451/6807/2923
f 3334/6602/2761 3335/6808/2926 3452/6809/2927 3453/6810/2927 3454/6811/2928
f 3339/6585/2745 3341/6812/2929 3456/6813/2930 3455/6814/2930 3457/6815/2931
f 3341/6816/2932 3340/6603/2762 3459/6817/2933 3458/6818/2934 3456/6819/2934
f 3342/6570/2730 3345/6820/2935 3346/6821/2824 3348/6822/2936
f 3343/6594/2753 3347/6823/2937 3346/6824/2827 3345/6825/2938
f 3344/6590/2749 3348/6826/2939 3346/6827/2830 3347/6828/2940
f 3461/6829/2941 3349/6591/2750 3435/6830/2942 3436/6831/2943 3460/6832/2943
f 3350/6569/2729 3353/6833/2944 3354/6834/2844 3356/6835/2945
f 3351/6583/2743 3355/6836/2946 3354/6837/2847 3353/6838/2947
f 3352/6595/2754 3356/6839/2948 3354/6840/2851 3355/6841/2949
f 3462/6842/2950 3438/6843/2950 3437/6844/2951 3357/6586/2746 3463/6845/2952
f 3358/6600/2759 3361/6846/2953 3362/6847/2954 3364/6848/2955
f 3359/6612/2769 3363/6849/2956 3362/6850/2957 3361/6851/2958
f 3360/6621/2778 3364/6852/2959 3362/6853/2960 3363/6854/2961
f 3365/6611/2768 3368/6855/2962 3369/6856/2963 3371/6857/2964
f 3366/6619/2776 3370/6858/2965 3369/6859/2966 3368/6860/2967
f 3367/6622/2779 3371/6861/2968 3369/6862/2969 3370/6863/2970
f 3372/6597/2756 3375/6864/2971 3376/6865/2972 3378/6866/2973
f 3373/6624/2781 3377/6867/2974 3376/6868/2975 3375/6869/2976
f 3374/6625/2782 3378/6870/2977 3376/6871/2978 3377/6872/2979
f 3379/6618/2775 3382/6873/2980 3383/6874/2981 3385/6875/2982
f 3380/6626/2783 3384/6876/2983 3383/6877/2984 3382/6878/2985
f 3381/6623/2780 3385/6879/2986 3383/6880/2987 3384/6881/2988
f 3386/6599/2758 3389/6882/2989 3390/6883/2990 3392/6884/2991
f 3387/6616/2773 3391/6885/2992 3390/6886/2993 3389/6887/2994
f 3388/6609/2766 3392/6888/2995 3390/6889/2996 3391/6890/2997
f 3393/6620/2777 3396/6891/2998 3397/6892/2999 3399/6893/3000
f 3394/6610/2767 3398/6894/3001 3397/6895/3002 3396/6896/3003
f 3395/6615/2772 3399/6897/3004 3397/6898/3005 3398/6899/3006
f 3400/6598/2757 3403/6900/3007 3404/6901/3008 3406/6902/3009
f 3401/6628/2785 3405/6903/3010 3404/6904/3011 3403/6905/3012
f 3402/6613/2770 3406/6906/3013 3404/6907/3014 3405/6908/3015
f 3407/6617/2774 3410/6909/3016 3411/6910/3017 3413/6911/3018
f 3408/6614/2771 3412/6912/3019 3411/6913/3020 3410/6914/3021
f 3409/6627/2784 3413/6915/3022 3411/6916/3023 3412/6917/3024
f 3217/6608/2765 3199/6607/2764 3208/6631/2788 3220/6647/2804
f 3220/6652/2809 3208/6635/2792 3202/6523/2692 3218/6526/2695
f 3200/6511/2682 3209/6510/2681 3216/6640/2797 3207/6632/2789
f 3207/6637/2794 3216/6644/2801 3212/6524/2693 3202/6523/2692
f 3211/6521/2690 3224/6520/2689 3230/6658/2815 3215/6641/2798
f 3215/6646/2803 3230/6662/2819 3226/6525/2694 3212/6524/2693
f 3225/6528/2697 3219/6527/2696 3222/6655/2812 3229/6659/2816
f 3229/6664/2821 3222/6650/2807 3218/6526/2695 3226/6525/2694
f 3245/6685/2842 3217/6608/2765 3223/6649/2806 3248/6686/2843
f 3248/6691/2848 3223/6653/2810 3219/6527/2696 3246/6530/2699
f 3224/6520/2689 3252/6519/2688 3258/6698/2855 3227/6656/2813
f 3227/6661/2818 3258/6703/2860 3254/6529/2698 3225/6528/2697
f 3253/6699/2856 3247/6692/2849 3250/6695/2852 3257/6700/2857
f 3257/6705/2862 3250/6689/2846 3246/6530/2699 3254/6529/2698
f 3445/6918/3025 3245/6685/2842 3251/6688/2845 3443/6919/3026
f 3234/6666/2823 3231/6665/2822 3432/6920/3027 3430/6921/3026
f 3444/6922/3028 3443/6923/3028 3251/6693/2850 3247/6692/2849 3423/6924/3029
f 3420/6925/3029 3232/6587/2747 3234/6671/2828 3430/6926/3028 3431/6927/3028
f 3252/6519/2688 3238/6522/2691 3244/6677/2834 3255/6696/2853
f 3255/6702/2859 3244/6682/2839 3240/6681/2838 3253/6699/2856
f 3239/6509/2680 3233/6508/2679 3236/6674/2831 3243/6678/2835
f 3243/6684/2841 3236/6669/2826 3232/6587/2747 3240/6681/2838
f 3199/6607/2764 3231/6665/2822 3237/6668/2825 3204/6629/2786
f 3204/6634/2791 3237/6672/2829 3233/6508/2679 3200/6511/2682
f 3238/6522/2691 3211/6521/2690 3213/6643/2800 3241/6675/2832
f 3241/6680/2837 3213/6638/2795 3209/6510/2681 3239/6509/2680
f 3266/6514/2685 3449/6928/3030 3448/6929/3030
f 3466/6930/3031 3464/6931/3031 3265/6712/2867 3261/6552/2717 3440/6556/2716
f 3439/6551/2716 3267/6550/2715 3269/6720/2872 3465/6932/3031 3467/6933/3031
f 3468/6934/3032 3264/6709/2865 3260/6532/2701 3433/6531/2700
f 3261/6552/2717 3264/6714/2868 3468/6935/3033 3434/6553/2718
f 3268/6560/2722 3271/6723/2874 3469/6936/3034 3442/6561/2723
f 3271/6718/2871 3267/6550/2715 3441/6549/2714 3469/6937/3035
f 3284/6516/2686 3266/6514/2685 3272/6717/2870 3287/6746/2887
f 3287/6751/2890 3272/6721/2873 3268/6560/2722 3285/6559/2721
f 3291/6538/2706 3286/6537/2705 3289/6754/2892 3294/6760/2895
f 3294/6765/2898 3289/6749/2889 3285/6559/2721 3444/6558/2720 3423/6938/3036 3416/6766/2898
f 3273/6517/2687 3284/6516/2686 3290/6748/2888 3276/6724/2875
f 3276/6729/2878 3290/6752/2891 3286/6537/2705 3274/6540/2708
f 3424/6737/2882 3283/6736/2882 3292/6755/2893 3415/6759/2893
f 3292/6762/2896 3283/6743/2885 3280/6539/2707 3291/6538/2706
f 3431/6534/2703 3275/6533/2702 3278/6732/2880 3282/6738/2883 3419/6742/2883 3420/6939/3037
f 3282/6745/2886 3278/6727/2877 3274/6540/2708 3280/6539/2707
f 3259/6513/2684 3273/6517/2687 3279/6726/2876 3262/6706/2863
f 3262/6711/2866 3279/6730/2879 3275/6533/2702 3260/6532/2701
f 3309/6543/2711 3295/6542/2710 3301/6770/2900 3312/6786/2911
f 3312/6791/2914 3301/6774/2903 3297/6575/2735 3310/6578/2738
f 3296/6565/2726 3302/6564/2725 3308/6779/2906 3300/6771/2901
f 3300/6776/2904 3308/6783/2909 3304/6576/2736 3297/6575/2735
f 3303/6573/2733 3316/6572/2732 3322/6797/2918 3307/6780/2907
f 3307/6785/2910 3322/6801/2921 3318/6577/2737 3304/6576/2736
f 3317/6581/2741 3311/6580/2740 3314/6794/2916 3321/6798/2919
f 3321/6803/2922 3314/6789/2913 3310/6578/2738 3318/6577/2737
f 3247/6692/2849 3253/6699/2856 3418/6940/2748
f 3232/6587/2747 3420/6925/3029 3419/6941/2748
f 3423/6924/3029 3247/6692/2849 3416/6942/2748
f 3470/6943/3038 3319/6795/2917 3316/6572/2732 3446/6571/2731
f 3473/6582/2742 3317/6581/2741 3319/6800/2920 3470/6944/3039
f 3416/6942/2748 3247/6692/2849 3417/6945/2748
f 3232/6587/2747 3419/6941/2748 3421/6588/2748
f 3303/6573/2733 3305/6782/2908 3471/6946/3040 3447/6574/2734
f 3305/6777/2905 3302/6564/2725 3472/6563/2724 3471/6947/3041
f 3472/6563/2724 3333/6592/2751 3335/6805/2924 3471/6947/3032
f 3471/6948/3033 3335/6808/2926 3334/6602/2761 3447/6601/2760
f 3340/6603/2762 3334/6602/2761 3454/6811/2928 3459/6817/2933
f 3339/6585/2745 3473/6582/2742 3470/6944/3034 3341/6812/2929
f 3341/6816/2932 3470/6949/3035 3446/6604/2763 3340/6603/2762
f 3240/6681/2838 3232/6587/2747 3422/6589/2748
f 3357/6586/2746 3339/6585/2745 3457/6815/2931 3463/6845/2952
f 3448/6596/2755 3352/6595/2754 3355/6841/2949 3467/6950/3042 3465/6951/3042
f 3355/6836/2946 3351/6583/2743 3357/6586/2746 3437/6844/2951 3439/6952/3036 3467/6953/3036
f 3342/6570/2730 3350/6569/2729 3356/6835/2945 3345/6820/2935
f 3345/6825/2938 3356/6839/2948 3352/6595/2754 3343/6594/2753
f 3435/6830/2942 3349/6591/2750 3344/6590/2749 3347/6828/2940 3466/6954/3037 3440/6955/3037
f 3466/6956/3043 3347/6823/2937 3343/6594/2753 3449/6593/2752 3464/6957/3043
f 3417/6945/2748 3247/6692/2849 3418/6940/2748
f 3414/6958/2748 3418/6940/2748 3253/6699/2856
f 3450/6806/2925 3333/6592/2751 3349/6591/2750 3461/6829/2941
f 3372/6597/2756 3358/6600/2759 3364/6848/2955 3375/6864/2971
f 3375/6869/2976 3364/6852/2959 3360/6621/2778 3373/6624/2781
f 3359/6612/2769 3365/6611/2768 3371/6857/2964 3363/6849/2956
f 3363/6854/2961 3371/6861/2968 3367/6622/2779 3360/6621/2778
f 3366/6619/2776 3379/6618/2775 3385/6875/2982 3370/6858/2965
f 3370/6863/2970 3385/6879/2986 3381/6623/2780 3367/6622/2779
f 3380/6626/2783 3374/6625/2782 3377/6872/2979 3384/6876/2983
f 3384/6881/2988 3377/6867/2974 3373/6624/2781 3381/6623/2780
f 3400/6598/2757 3372/6597/2756 3378/6866/2973 3403/6900/3007
f 3403/6905/3012 3378/6870/2977 3374/6625/2782 3401/6628/2785
f 3379/6618/2775 3407/6617/2774 3413/6911/3018 3382/6873/2980
f 3382/6878/2985 3413/6915/3022 3409/6627/2784 3380/6626/2783
f 3408/6614/2771 3402/6613/2770 3405/6908/3015 3412/6912/3019
f 3412/6917/3024 3405/6903/3010 3401/6628/2785 3409/6627/2784
f 3386/6599/2758 3400/6598/2757 3406/6902/3009 3389/6882/2989
f 3389/6887/2994 3406/6906/3013 3402/6613/2770 3387/6616/2773
f 3407/6617/2774 3393/6620/2777 3399/6893/3000 3410/6909/3016
f 3410/6914/3021 3399/6897/3004 3395/6615/2772 3408/6614/2771
f 3394/6610/2767 3388/6609/2766 3391/6890/2997 3398/6894/3001
f 3398/6899/3006 3391/6885/2992 3387/6616/2773 3395/6615/2772
f 3358/6600/2759 3386/6599/2758 3392/6884/2991 3361/6846/2953
f 3361/6851/2958 3392/6888/2995 3388/6609/2766 3359/6612/2769
f 3393/6620/2777 3366/6619/2776 3368/6860/2967 3396/6891/2998
f 3396/6896/3003 3368/6855/2962 3365/6611/2768 3394/6610/2767
f 3456/6959/2683 3458/6960/2683 3217/6608/2765
f 3429/6961/2748 3203/6962/2748 3201/6963/2748 3428/6964/2748
f 3427/6965/2704 3210/6966/2704 3203/6967/2704 3429/6968/2704
f 3426/6969/2713 3206/6970/2713 3210/6971/2713 3427/6972/2713
f 3428/6973/2719 3201/6974/2719 3206/6975/2719 3426/6976/2719
f 3201/6977/2683 3203/6978/2683 3210/6979/2683 3206/6980/2683
f 3240/6681/2838 3422/6589/2748 3425/6981/2748
f 3240/6681/2838 3425/6981/2748 3424/6982/2748
f 3415/6983/2748 3414/6958/2748 3253/6699/2856
f 3427/6518/2683 3429/6515/2683 3266/6514/2685
f 3273/6517/2687 3259/6513/2684 3428/6512/2683
f 3273/6517/2687 3428/6512/2683 3426/6984/2683
f 3427/6518/2683 3266/6514/2685 3284/6516/2686
f 3273/6517/2687 3426/6984/2683 3427/6518/2683
f 3465/6985/3030 3269/6715/2869 3266/6514/2685
f 3266/6514/2685 3259/6513/2684 3449/6928/3030
f 3259/6513/2684 3265/6708/2864 3464/6986/3030
f 3449/6928/3030 3259/6513/2684 3464/6986/3030
f 3448/6929/3030 3465/6985/3030 3266/6514/2685
f 3344/6590/2749 3324/6567/2728 3325/6987/3044 3348/6826/2939
f 3327/6545/2712 3336/6544/2712 3338/6988/3045 3329/6989/3045
f 3331/6566/2727 3296/6565/2726 3298/6773/2902 3332/6990/3044
f 3353/6838/2947 3329/6991/3046 3328/6584/2744 3351/6583/2743
f 3350/6569/2729 3327/6545/2712 3329/6989/3045 3353/6833/2944
f 3332/6992/3047 3298/6768/2899 3295/6542/2710 3330/6541/2709
f 3336/6544/2712 3309/6543/2711 3315/6788/2912 3338/6988/3045
f 3348/6822/2936 3325/6993/3047 3323/6546/2709 3342/6570/2730
f 3325/6993/3047 3332/6992/3047 3330/6541/2709 3323/6546/2709
f 3338/6994/3046 3315/6792/2915 3311/6580/2740 3337/6579/2739
f 3424/6982/2748 3415/6983/2748 3253/6699/2856 3240/6681/2838
f 3324/6567/2728 3331/6566/2727 3332/6990/3044 3325/6987/3044
f 3460/6995/2683 3436/6996/2683 3434/6997/2683
f 3461/6998/2683 3460/6995/2683 3434/6997/2683
f 3450/6999/2683 3461/6998/2683 3434/6997/2683
f 3451/7000/2683 3450/6999/2683 3434/6997/2683
f 3452/7001/2683 3451/7000/2683 3434/6997/2683
f 3453/7002/2683 3452/7001/2683 3199/6607/2764
f 3452/7001/2683 3434/6997/2683 3199/6607/2764
f 3433/7003/2683 3432/6920/3027 3231/6665/2822
f 3217/6608/2765 3245/6685/2842 3442/7004/2683
f 3245/6685/2842 3445/6918/3025 3442/7004/2683
f 3433/7003/2683 3231/6665/2822 3199/6607/2764
f 3468/7005/2683 3433/7003/2683 3199/6607/2764
f 3217/6608/2765 3442/7004/2683 3469/7006/2683
f 3217/6608/2765 3469/7006/2683 3441/7007/2683
f 3434/6997/2683 3468/7005/2683 3199/6607/2764
f 3217/6608/2765 3441/7007/2683 3456/6959/2683
f 3441/7007/2683 3438/7008/2683 3462/7009/2683
f 3441/7007/2683 3462/7009/2683 3463/7010/2683
f 3454/6606/2683 3453/7002/2683 3199/6607/2764
f 3441/7007/2683 3463/7010/2683 3457/7011/2683
f 3441/7007/2683 3457/7011/2683 3455/7012/2683
f 3458/6960/2683 3459/6605/2683 3217/6608/2765
f 3441/7007/2683 3455/7012/2683 3456/6959/2683
f 3329/6991/3046 3338/6994/3046 3337/6579/2739 3328/6584/2744
o Mag_Release_low
v 0.030000 -0.000510 0.021000
v 0.030000 0.000000 0.021500
v 0.030000 -0.000153 0.021146
v 0.030000 -0.000510 0.027000
v 0.030000 0.000000 0.026500
v 0.030000 -0.000153 0.026854
v 0.031718 -0.000852 0.021000
v 0.031913 -0.000381 0.021500
v 0.031855 -0.000522 0.021146
v 0.031718 -0.000852 0.027000
v 0.031913 -0.000381 0.026500
v 0.031855 -0.000522 0.026854
v 0.033175 -0.001825 0.021000
v 0.033536 -0.001464 0.021500
v 0.033427 -0.001573 0.021146
v 0.033175 -0.001825 0.027000
v 0.033536 -0.001464 0.026500
v 0.033427 -0.001573 0.026854
v 0.034148 -0.003282 0.021000
v 0.034619 -0.003087 0.021500
v 0.034478 -0.003145 0.021146
v 0.034148 -0.003282 0.027000
v 0.034619 -0.003087 0.026500
v 0.034478 -0.003145 0.026854
v 0.034490 -0.005000 0.021000
v 0.035000 -0.005000 0.021500
v 0.034847 -0.005000 0.021146
v 0.034490 -0.005000 0.027000
v 0.035000 -0.005000 0.026500
v 0.034847 -0.005000 0.026854
v 0.034148 -0.006718 0.021000
v 0.034619 -0.006913 0.021500
v 0.034478 -0.006855 0.021146
v 0.034148 -0.006718 0.027000
v 0.034619 -0.006913 0.026500
v 0.034478 -0.006855 0.026854
v 0.033175 -0.008175 0.021000
v 0.033536 -0.008536 0.021500
v 0.033427 -0.008427 0.021146
v 0.033175 -0.008175 0.027000
v 0.033536 -0.008536 0.026500
v 0.033427 -0.008427 0.026854
v 0.031718 -0.009148 0.021000
v 0.031913 -0.009619 0.021500
v 0.031855 -0.009478 0.021146
v 0.031718 -0.009148 0.027000
v 0.031913 -0.009619 0.026500
v 0.031855 -0.009478 0.026854
v 0.030000 -0.009490 0.021000
v 0.030000 -0.010000 0.021500
v 0.030000 -0.009847 0.021146
v 0.030000 -0.009490 0.027000
v 0.030000 -0.010000 0.026500
v 0.030000 -0.009847 0.026854
v 0.028282 -0.009148 0.021000
v 0.028087 -0.009619 0.021500
v 0.028145 -0.009478 0.021146
v 0.028282 -0.009148 0.027000
v 0.028087 -0.009619 0.026500
v 0.028145 -0.009478 0.026854
v 0.026825 -0.008175 0.021000
v 0.026464 -0.008536 0.021500
v 0.026573 -0.008427 0.021146
v 0.026825 -0.008175 0.027000
v 0.026464 -0.008536 0.026500
v 0.026573 -0.008427 0.026854
v 0.025852 -0.006718 0.021000
v 0.025381 -0.006913 0.021500
v 0.025522 -0.006855 0.021146
v 0.025852 -0.006718 0.027000
v 0.025381 -0.006913 0.026500
v 0.025522 -0.006855 0.026854
v 0.025510 -0.005000 0.021000
v 0.025000 -0.005000 0.021500
v 0.025153 -0.005000 0.021146
v 0.025510 -0.005000 0.027000
v 0.025000 -0.005000 0.026500
v 0.025153 -0.005000 0.026854
v 0.025852 -0.003282 0.021000
v 0.025381 -0.003087 0.021500
v 0.025522 -0.003145 0.021146
v 0.025852 -0.003282 0.027000
v 0.025381 -0.003087 0.026500
v 0.025522 -0.003145 0.026854
v 0.026825 -0.001825 0.021000
v 0.026464 -0.001464 0.021500
v 0.026573 -0.001573 0.021146
v 0.026825 -0.001825 0.027000
v 0.026464 -0.001464 0.026500
v 0.026573 -0.001573 0.026854
v 0.028282 -0.000852 0.021000
v 0.028087 -0.000381 0.021500
v 0.028145 -0.000522 0.021146
v 0.028282 -0.000852 0.027000
v 0.028087 -0.000381 0.026500
v 0.028145 -0.000522 0.026854
vn -0.3825 0.9235 -0.0283
vn -0.3825 0.9235 0.0283
vn -0.0000 0.9996 0.0283
vn -0.0000 0.9996 -0.0283
vn 0.7068 0.7068 -0.0283
vn 0.7068 0.7068 0.0283
vn 0.9235 0.3825 0.0283
vn 0.9235 0.3825 -0.0283
vn 0.9996 -0.0000 0.0283
vn 0.9996 -0.0000 -0.0283
vn 0.9235 -0.3825 0.0283
vn 0.9235 -0.3825 -0.0283
vn 0.7068 -0.7068 0.0283
vn 0.7068 -0.7068 -0.0283
vn 0.3825 -0.9235 0.0283
vn 0.3825 -0.9235 -0.0283
vn -0.0000 -0.9996 0.0283
vn -0.0000 -0.9996 -0.0283
vn -0.3825 -0.9235 0.0283
vn -0.3825 -0.9235 -0.0283
vn -0.7068 -0.7068 0.0283
vn -0.7068 -0.7068 -0.0283
vn -0.9235 -0.3825 0.0283
vn -0.9235 -0.3825 -0.0283
vn -0.9996 -0.0000 0.0283
vn -0.9996 -0.0000 -0.0283
vn -0.9235 0.3825 0.0283
vn -0.9235 0.3825 -0.0283
vn -0.7068 0.7068 0.0283
vn -0.7068 0.7068 -0.0283
vn 0.3825 0.9235 -0.0283
vn 0.3825 0.9235 0.0283
vn 0.3511 0.8476 -0.3979
vn -0.0000 0.9174 -0.3979
vn -0.0000 0.3800 -0.9250
vn 0.1454 0.3511 -0.9250
vn 0.0561 0.1354 -0.9892
vn -0.0000 0.0864 -0.9963
vn -0.0000 0.9174 0.3979
vn 0.3511 0.8476 0.3979
vn 0.1454 0.3511 0.9250
vn -0.0000 0.3800 0.9250
vn -0.0000 0.1465 0.9892
vn 0.1036 0.2500 0.9627
vn 0.6487 0.6487 -0.3979
vn 0.2687 0.2687 -0.9250
vn 0.1914 0.1914 -0.9627
vn 0.6487 0.6487 0.3979
vn 0.2687 0.2687 0.9250
vn 0.0069 0.0068 1.0000
vn 0.8476 0.3511 -0.3979
vn 0.3511 0.1454 -0.9250
vn 0.0280 0.0116 -0.9995
vn 0.8476 0.3511 0.3979
vn 0.3511 0.1454 0.9250
vn 0.0798 0.0331 0.9963
vn 0.9174 -0.0000 -0.3979
vn 0.3800 -0.0000 -0.9250
vn 0.2706 -0.0000 -0.9627
vn 0.9174 -0.0000 0.3979
vn 0.3800 -0.0000 0.9250
vn 0.1465 -0.0000 0.9892
vn 0.8476 -0.3511 -0.3979
vn 0.3511 -0.1454 -0.9250
vn 0.0181 -0.0075 -0.9998
vn 0.8476 -0.3511 0.3979
vn 0.3511 -0.1454 0.9250
vn 0.2500 -0.1036 0.9627
vn 0.6487 -0.6487 -0.3979
vn 0.2687 -0.2687 -0.9250
vn 0.1914 -0.1914 -0.9627
vn 0.6487 -0.6487 0.3979
vn 0.2687 -0.2687 0.9250
vn 0.0214 -0.0214 0.9995
vn 0.3511 -0.8476 -0.3979
vn 0.1454 -0.3511 -0.9250
vn 0.0065 -0.0156 -0.9999
vn 0.3511 -0.8476 0.3979
vn 0.1454 -0.3511 0.9250
vn 0.1036 -0.2500 0.9627
vn -0.0000 -0.9174 -0.3979
vn -0.0000 -0.3800 -0.9250
vn -0.0000 -0.2707 -0.9627
vn -0.0000 -0.9174 0.3979
vn -0.0000 -0.3800 0.9250
vn -0.0000 -0.0112 0.9999
vn -0.3511 -0.8476 -0.3979
vn -0.1454 -0.3511 -0.9250
vn -0.0075 -0.0181 -0.9998
vn -0.3511 -0.8476 0.3979
vn -0.1454 -0.3511 0.9250
vn -0.1036 -0.2500 0.9627
vn -0.6487 -0.6487 -0.3979
vn -0.2687 -0.2687 -0.9250
vn -0.1914 -0.1914 -0.9627
vn -0.6487 -0.6487 0.3979
vn -0.2687 -0.2687 0.9250
vn -0.0094 -0.0094 0.9999
vn -0.8476 -0.3511 -0.3979
vn -0.3511 -0.1454 -0.9250
vn -0.0290 -0.0120 -0.9995
vn -0.8476 -0.3511 0.3979
vn -0.3511 -0.1454 0.9250
vn -0.0798 -0.0330 0.9963
vn -0.9174 -0.0000 -0.3979
vn -0.3800 -0.0000 -0.9250
vn -0.2707 -0.0000 -0.9627
vn -0.9174 -0.0000 0.3979
vn -0.3800 -0.0000 0.9250
vn -0.1465 -0.0000 0.9892
vn -0.8476 0.3511 -0.3979
vn -0.3511 0.1454 -0.9250
vn -0.0728 0.0302 -0.9969
vn -0.8476 0.3511 0.3979
vn -0.3511 0.1454 0.9250
vn -0.2500 0.1036 0.9627
vn -0.6487 0.6487 -0.3979
vn -0.2687 0.2687 -0.9250
vn -0.1914 0.1914 -0.9627
vn -0.6487 0.6487 0.3979
vn -0.2687 0.2687 0.9250
vn -0.0084 0.0084 0.9999
vn -0.3511 0.8476 -0.3979
vn -0.1454 0.3511 -0.9250
vn -0.0035 0.0084 -1.0000
vn -0.3511 0.8476 0.3979
vn -0.1454 0.3511 0.9250
vn -0.0331 0.0798 0.9963
vt 0.913764 0.664870
vt 0.908902 0.664870
vt 0.908902 0.662973
vt 0.913764 0.662973
vt 0.910398 0.125611
vt 0.915260 0.125611
vt 0.915260 0.126953
vt 0.910398 0.126953
vt 0.915260 0.128706
vt 0.910398 0.128706
vt 0.915260 0.130603
vt 0.910398 0.130603
vt 0.915260 0.132356
vt 0.910398 0.132356
vt 0.915260 0.133698
vt 0.910398 0.133698
vt 0.721693 0.667813
vt 0.716830 0.667813
vt 0.716830 0.666060
vt 0.721693 0.666060
vt 0.716830 0.664163
vt 0.721693 0.664163
vt 0.716830 0.662410
vt 0.721693 0.662410
vt 0.822059 0.482135
vt 0.822059 0.486997
vt 0.820306 0.486997
vt 0.820306 0.482135
vt 0.818409 0.486997
vt 0.818409 0.482135
vt 0.816656 0.486997
vt 0.816656 0.482135
vt 0.913764 0.667965
vt 0.908902 0.667965
vt 0.908902 0.666623
vt 0.913764 0.666623
vt 0.913764 0.661220
vt 0.908902 0.661220
vt 0.908902 0.659879
vt 0.913764 0.659879
vt 0.914108 0.661303
vt 0.914108 0.663002
vt 0.610297 0.223294
vt 0.609938 0.225098
vt 0.609617 0.224965
vt 0.609950 0.223294
vt 0.908558 0.663002
vt 0.908558 0.661303
vt 0.723847 0.432990
vt 0.724206 0.434794
vt 0.723860 0.434794
vt 0.723527 0.433123
vt 0.914108 0.660003
vt 0.608916 0.226627
vt 0.608671 0.226382
vt 0.908558 0.660003
vt 0.722826 0.431461
vt 0.722581 0.431706
vt 0.910054 0.127036
vt 0.910054 0.125735
vt 0.607387 0.227649
vt 0.607254 0.227329
vt 0.915604 0.125735
vt 0.915604 0.127036
vt 0.721296 0.430439
vt 0.721164 0.430759
vt 0.910054 0.128735
vt 0.605583 0.228008
vt 0.605583 0.227661
vt 0.915604 0.128735
vt 0.719493 0.430080
vt 0.719493 0.430427
vt 0.910054 0.130574
vt 0.603779 0.227649
vt 0.603912 0.227329
vt 0.915604 0.130574
vt 0.717689 0.430439
vt 0.717821 0.430759
vt 0.910054 0.132273
vt 0.602250 0.226627
vt 0.602495 0.226382
vt 0.915604 0.132273
vt 0.716160 0.431461
vt 0.716405 0.431706
vt 0.721693 0.669155
vt 0.722036 0.667730
vt 0.722036 0.669031
vt 0.601228 0.225098
vt 0.601548 0.224965
vt 0.716830 0.669155
vt 0.716486 0.669031
vt 0.716486 0.667730
vt 0.715138 0.432990
vt 0.715458 0.433123
vt 0.722036 0.666031
vt 0.600869 0.223294
vt 0.601216 0.223294
vt 0.716486 0.666031
vt 0.714779 0.434794
vt 0.715126 0.434794
vt 0.722036 0.664192
vt 0.601228 0.221490
vt 0.601548 0.221623
vt 0.716486 0.664192
vt 0.715138 0.436597
vt 0.715458 0.436465
vt 0.722036 0.662493
vt 0.602250 0.219961
vt 0.602495 0.220206
vt 0.716486 0.662493
vt 0.716160 0.438127
vt 0.716405 0.437882
vt 0.820277 0.481791
vt 0.821976 0.481791
vt 0.603779 0.218939
vt 0.603912 0.219260
vt 0.821976 0.487341
vt 0.820277 0.487341
vt 0.717689 0.439148
vt 0.717821 0.438828
vt 0.818438 0.481791
vt 0.605583 0.218581
vt 0.605583 0.218927
vt 0.818438 0.487341
vt 0.719493 0.439507
vt 0.719493 0.439161
vt 0.816738 0.481791
vt 0.607387 0.218939
vt 0.607254 0.219260
vt 0.816738 0.487341
vt 0.721296 0.439148
vt 0.721164 0.438828
vt 0.914108 0.666541
vt 0.914108 0.667841
vt 0.608916 0.219961
vt 0.608671 0.220206
vt 0.908558 0.667841
vt 0.908558 0.666541
vt 0.722826 0.438127
vt 0.722581 0.437882
vt 0.914108 0.664841
vt 0.609938 0.221490
vt 0.609617 0.221623
vt 0.908558 0.664841
vt 0.723847 0.436597
vt 0.723527 0.436465
s 1
usemtl M416_Final_Polymer
f 3565/7013/3048 3568/7014/3049 3478/7015/3050 3475/7016/3051
f 3487/7017/3052 3490/7018/3053 3496/7019/3054 3493/7020/3055
f 3493/7020/3055 3496/7019/3054 3502/7021/3056 3499/7022/3057
f 3499/7022/3057 3502/7021/3056 3508/7023/3058 3505/7024/3059
f 3505/7024/3059 3508/7023/3058 3514/7025/3060 3511/7026/3061
f 3511/7026/3061 3514/7025/3060 3520/7027/3062 3517/7028/3063
f 3517/7029/3063 3520/7030/3062 3526/7031/3064 3523/7032/3065
f 3523/7032/3065 3526/7031/3064 3532/7033/3066 3529/7034/3067
f 3529/7034/3067 3532/7033/3066 3538/7035/3068 3535/7036/3069
f 3535/7037/3069 3538/7038/3068 3544/7039/3070 3541/7040/3071
f 3541/7040/3071 3544/7039/3070 3550/7041/3072 3547/7042/3073
f 3547/7042/3073 3550/7041/3072 3556/7043/3074 3553/7044/3075
f 3553/7045/3075 3556/7046/3074 3562/7047/3076 3559/7048/3077
f 3559/7048/3077 3562/7047/3076 3568/7014/3049 3565/7013/3048
f 3481/7049/3078 3484/7050/3079 3490/7051/3053 3487/7052/3052
f 3475/7016/3051 3478/7015/3050 3484/7050/3079 3481/7049/3078
f 3475/7016/3051 3481/7049/3078 3482/7053/3080 3476/7054/3081
f 3476/7055/3082 3482/7056/3083 3480/7057/3084 3474/7058/3085
f 3484/7050/3079 3478/7015/3050 3479/7059/3086 3485/7060/3087
f 3485/7061/3088 3479/7062/3089 3477/7063/3090 3483/7064/3091
f 3481/7049/3078 3487/7052/3052 3488/7065/3092 3482/7053/3080
f 3482/7056/3083 3488/7066/3093 3486/7067/3094 3480/7057/3084
f 3490/7051/3053 3484/7050/3079 3485/7060/3087 3491/7068/3095
f 3491/7069/3096 3485/7061/3088 3483/7064/3091 3489/7070/3097
f 3487/7017/3052 3493/7020/3055 3494/7071/3098 3488/7072/3092
f 3488/7066/3093 3494/7073/3099 3492/7074/3100 3486/7067/3094
f 3496/7019/3054 3490/7018/3053 3491/7075/3095 3497/7076/3101
f 3497/7077/3102 3491/7069/3096 3489/7070/3097 3495/7078/3103
f 3493/7020/3055 3499/7022/3057 3500/7079/3104 3494/7071/3098
f 3494/7073/3099 3500/7080/3105 3498/7081/3106 3492/7074/3100
f 3502/7021/3056 3496/7019/3054 3497/7076/3101 3503/7082/3107
f 3503/7083/3108 3497/7077/3102 3495/7078/3103 3501/7084/3109
f 3499/7022/3057 3505/7024/3059 3506/7085/3110 3500/7079/3104
f 3500/7080/3105 3506/7086/3111 3504/7087/3112 3498/7081/3106
f 3508/7023/3058 3502/7021/3056 3503/7082/3107 3509/7088/3113
f 3509/7089/3114 3503/7083/3108 3501/7084/3109 3507/7090/3115
f 3505/7024/3059 3511/7026/3061 3512/7091/3116 3506/7085/3110
f 3506/7086/3111 3512/7092/3117 3510/7093/3118 3504/7087/3112
f 3514/7025/3060 3508/7023/3058 3509/7088/3113 3515/7094/3119
f 3515/7095/3120 3509/7089/3114 3507/7090/3115 3513/7096/3121
f 3511/7097/3061 3517/7029/3063 3518/7098/3122 3512/7099/3116
f 3512/7092/3117 3518/7100/3123 3516/7101/3124 3510/7093/3118
f 3520/7030/3062 3514/7102/3060 3515/7103/3119 3521/7104/3125
f 3521/7105/3126 3515/7095/3120 3513/7096/3121 3519/7106/3127
f 3517/7029/3063 3523/7032/3065 3524/7107/3128 3518/7098/3122
f 3518/7100/3123 3524/7108/3129 3522/7109/3130 3516/7101/3124
f 3526/7031/3064 3520/7030/3062 3521/7104/3125 3527/7110/3131
f 3527/7111/3132 3521/7105/3126 3519/7106/3127 3525/7112/3133
f 3523/7032/3065 3529/7034/3067 3530/7113/3134 3524/7107/3128
f 3524/7108/3129 3530/7114/3135 3528/7115/3136 3522/7109/3130
f 3532/7033/3066 3526/7031/3064 3527/7110/3131 3533/7116/3137
f 3533/7117/3138 3527/7111/3132 3525/7112/3133 3531/7118/3139
f 3529/7034/3067 3535/7036/3069 3536/7119/3140 3530/7113/3134
f 3530/7114/3135 3536/7120/3141 3534/7121/3142 3528/7115/3136
f 3538/7035/3068 3532/7033/3066 3533/7116/3137 3539/7122/3143
f 3539/7123/3144 3533/7117/3138 3531/7118/3139 3537/7124/3145
f 3535/7037/3069 3541/7040/3071 3542/7125/3146 3536/7126/3140
f 3536/7120/3141 3542/7127/3147 3540/7128/3148 3534/7121/3142
f 3544/7039/3070 3538/7038/3068 3539/7129/3143 3545/7130/3149
f 3545/7131/3150 3539/7123/3144 3537/7124/3145 3543/7132/3151
f 3541/7040/3071 3547/7042/3073 3548/7133/3152 3542/7125/3146
f 3542/7127/3147 3548/7134/3153 3546/7135/3154 3540/7128/3148
f 3550/7041/3072 3544/7039/3070 3545/7130/3149 3551/7136/3155
f 3551/7137/3156 3545/7131/3150 3543/7132/3151 3549/7138/3157
f 3547/7042/3073 3553/7044/3075 3554/7139/3158 3548/7133/3152
f 3548/7134/3153 3554/7140/3159 3552/7141/3160 3546/7135/3154
f 3556/7043/3074 3550/7041/3072 3551/7136/3155 3557/7142/3161
f 3557/7143/3162 3551/7137/3156 3549/7138/3157 3555/7144/3163
f 3553/7045/3075 3559/7048/3077 3560/7145/3164 3554/7146/3158
f 3554/7140/3159 3560/7147/3165 3558/7148/3166 3552/7141/3160
f 3562/7047/3076 3556/7046/3074 3557/7149/3161 3563/7150/3167
f 3563/7151/3168 3557/7143/3162 3555/7144/3163 3561/7152/3169
f 3559/7048/3077 3565/7013/3048 3566/7153/3170 3560/7145/3164
f 3560/7147/3165 3566/7154/3171 3564/7155/3172 3558/7148/3166
f 3568/7014/3049 3562/7047/3076 3563/7150/3167 3569/7156/3173
f 3569/7157/3174 3563/7151/3168 3561/7152/3169 3567/7158/3175
f 3565/7013/3048 3475/7016/3051 3476/7054/3081 3566/7153/3170
f 3566/7154/3171 3476/7055/3082 3474/7058/3085 3564/7155/3172
f 3478/7015/3050 3568/7014/3049 3569/7156/3173 3479/7059/3086
f 3479/7062/3089 3569/7157/3174 3567/7158/3175 3477/7063/3090
f 3540/7128/3148 3552/7141/3160 3564/7155/3172
f 3489/7070/3097 3483/7064/3091 3477/7063/3090
f 3477/7063/3090 3567/7158/3175 3489/7070/3097
f 3567/7158/3175 3561/7152/3169 3489/7070/3097
f 3561/7152/3169 3555/7144/3163 3549/7138/3157
f 3549/7138/3157 3543/7132/3151 3561/7152/3169
f 3543/7132/3151 3537/7124/3145 3561/7152/3169
f 3537/7124/3145 3531/7118/3139 3525/7112/3133
f 3525/7112/3133 3519/7106/3127 3513/7096/3121
f 3513/7096/3121 3507/7090/3115 3501/7084/3109
f 3501/7084/3109 3495/7078/3103 3513/7096/3121
f 3495/7078/3103 3489/7070/3097 3513/7096/3121
f 3525/7112/3133 3513/7096/3121 3489/7070/3097
f 3564/7155/3172 3474/7058/3085 3492/7074/3100
f 3474/7058/3085 3480/7057/3084 3492/7074/3100
f 3480/7057/3084 3486/7067/3094 3492/7074/3100
f 3492/7074/3100 3498/7081/3106 3504/7087/3112
f 3504/7087/3112 3510/7093/3118 3516/7101/3124
f 3516/7101/3124 3522/7109/3130 3528/7115/3136
f 3528/7115/3136 3534/7121/3142 3540/7128/3148
f 3540/7128/3148 3546/7135/3154 3552/7141/3160
f 3552/7141/3160 3558/7148/3166 3564/7155/3172
f 3492/7074/3100 3504/7087/3112 3564/7155/3172
f 3504/7087/3112 3516/7101/3124 3564/7155/3172
f 3516/7101/3124 3528/7115/3136 3564/7155/3172
f 3528/7115/3136 3540/7128/3148 3564/7155/3172
f 3489/7070/3097 3561/7152/3169 3537/7124/3145 3525/7112/3133
o Magazine_low
v 0.040000 -0.028000 0.011000
v 0.042000 -0.028000 0.013000
v 0.050000 -0.028000 0.013000
v 0.050600 -0.028000 0.013800
v 0.056400 -0.028000 0.013800
v 0.057000 -0.028000 0.013000
v 0.074000 -0.028000 0.013000
v 0.074600 -0.028000 0.013800
v 0.080400 -0.028000 0.013800
v 0.081000 -0.028000 0.013000
v 0.094000 -0.028000 0.013000
v 0.096000 -0.028000 0.011000
v 0.096000 -0.028000 -0.011000
v 0.094000 -0.028000 -0.013000
v 0.081000 -0.028000 -0.013000
v 0.080400 -0.028000 -0.013800
v 0.074600 -0.028000 -0.013800
v 0.074000 -0.028000 -0.013000
v 0.057000 -0.028000 -0.013000
v 0.056400 -0.028000 -0.013800
v 0.050600 -0.028000 -0.013800
v 0.050000 -0.028000 -0.013000
v 0.042000 -0.028000 -0.013000
v 0.040000 -0.028000 -0.011000
v 0.040004 -0.030113 0.011000
v 0.042004 -0.030105 0.013000
v 0.050004 -0.030073 0.013000
v 0.050604 -0.030071 0.013800
v 0.056404 -0.030047 0.013800
v 0.057004 -0.030045 0.013000
v 0.074004 -0.029976 0.013000
v 0.074604 -0.029973 0.013800
v 0.080404 -0.029950 0.013800
v 0.081004 -0.029947 0.013000
v 0.094004 -0.029895 0.013000
v 0.096004 -0.029886 0.011000
v 0.096004 -0.029886 -0.011000
v 0.094004 -0.029895 -0.013000
v 0.081004 -0.029947 -0.013000
v 0.080404 -0.029950 -0.013800
v 0.074604 -0.029973 -0.013800
v 0.074004 -0.029976 -0.013000
v 0.057004 -0.030045 -0.013000
v 0.056404 -0.030047 -0.013800
v 0.050604 -0.030071 -0.013800
v 0.050004 -0.030073 -0.013000
v 0.042004 -0.030105 -0.013000
v 0.040004 -0.030113 -0.011000
v 0.040179 -0.041648 0.011000
v 0.042178 -0.041596 0.013000
v 0.050175 -0.041386 0.013000
v 0.050775 -0.041371 0.013800
v 0.056573 -0.041219 0.013800
v 0.057173 -0.041203 0.013000
v 0.074167 -0.040758 0.013000
v 0.074767 -0.040742 0.013800
v 0.080565 -0.040591 0.013800
v 0.081165 -0.040575 0.013000
v 0.094160 -0.040235 0.013000
v 0.096159 -0.040182 0.011000
v 0.096159 -0.040182 -0.011000
v 0.094160 -0.040235 -0.013000
v 0.081165 -0.040575 -0.013000
v 0.080565 -0.040591 -0.013800
v 0.074767 -0.040742 -0.013800
v 0.074167 -0.040758 -0.013000
v 0.057173 -0.041203 -0.013000
v 0.056573 -0.041219 -0.013800
v 0.050775 -0.041371 -0.013800
v 0.050175 -0.041386 -0.013000
v 0.042178 -0.041596 -0.013000
v 0.040179 -0.041648 -0.011000
v 0.040715 -0.055287 0.011000
v 0.042712 -0.055182 0.013000
v 0.050701 -0.054764 0.013000
v 0.051300 -0.054732 0.013800
v 0.057092 -0.054429 0.013800
v 0.057691 -0.054397 0.013000
v 0.074668 -0.053508 0.013000
v 0.075267 -0.053476 0.013800
v 0.081059 -0.053173 0.013800
v 0.081658 -0.053141 0.013000
v 0.094641 -0.052461 0.013000
v 0.096638 -0.052356 0.011000
v 0.096638 -0.052356 -0.011000
v 0.094641 -0.052461 -0.013000
v 0.081658 -0.053141 -0.013000
v 0.081059 -0.053173 -0.013800
v 0.075267 -0.053476 -0.013800
v 0.074668 -0.053508 -0.013000
v 0.057691 -0.054397 -0.013000
v 0.057092 -0.054429 -0.013800
v 0.051300 -0.054732 -0.013800
v 0.050701 -0.054764 -0.013000
v 0.042712 -0.055182 -0.013000
v 0.040715 -0.055287 -0.011000
v 0.041607 -0.068907 0.011000
v 0.043601 -0.068750 0.013000
v 0.051576 -0.068122 0.013000
v 0.052175 -0.068075 0.013800
v 0.057957 -0.067620 0.013800
v 0.058555 -0.067573 0.013000
v 0.075502 -0.066239 0.013000
v 0.076101 -0.066192 0.013800
v 0.081883 -0.065737 0.013800
v 0.082481 -0.065690 0.013000
v 0.095441 -0.064670 0.013000
v 0.097435 -0.064513 0.011000
v 0.097435 -0.064513 -0.011000
v 0.095441 -0.064670 -0.013000
v 0.082481 -0.065690 -0.013000
v 0.081883 -0.065737 -0.013800
v 0.076101 -0.066192 -0.013800
v 0.075502 -0.066239 -0.013000
v 0.058555 -0.067573 -0.013000
v 0.057957 -0.067620 -0.013800
v 0.052175 -0.068075 -0.013800
v 0.051576 -0.068122 -0.013000
v 0.043601 -0.068750 -0.013000
v 0.041607 -0.068907 -0.011000
v 0.042856 -0.082499 0.011000
v 0.044845 -0.082290 0.013000
v 0.052801 -0.081454 0.013000
v 0.053398 -0.081391 0.013800
v 0.059166 -0.080785 0.013800
v 0.059763 -0.080722 0.013000
v 0.076670 -0.078945 0.013000
v 0.077267 -0.078882 0.013800
v 0.083035 -0.078276 0.013800
v 0.083632 -0.078213 0.013000
v 0.096560 -0.076855 0.013000
v 0.098549 -0.076645 0.011000
v 0.098549 -0.076645 -0.011000
v 0.096560 -0.076855 -0.013000
v 0.083632 -0.078213 -0.013000
v 0.083035 -0.078276 -0.013800
v 0.077267 -0.078882 -0.013800
v 0.076670 -0.078945 -0.013000
v 0.059763 -0.080722 -0.013000
v 0.059166 -0.080785 -0.013800
v 0.053398 -0.081391 -0.013800
v 0.052801 -0.081454 -0.013000
v 0.044845 -0.082290 -0.013000
v 0.042856 -0.082499 -0.011000
v 0.044460 -0.096054 0.011000
v 0.046443 -0.095793 0.013000
v 0.054375 -0.094749 0.013000
v 0.054970 -0.094670 0.013800
v 0.060720 -0.093913 0.013800
v 0.061315 -0.093835 0.013000
v 0.078170 -0.091616 0.013000
v 0.078764 -0.091538 0.013800
v 0.084515 -0.090781 0.013800
v 0.085110 -0.090702 0.013000
v 0.097999 -0.089005 0.013000
v 0.099981 -0.088744 0.011000
v 0.099981 -0.088744 -0.011000
v 0.097999 -0.089005 -0.013000
v 0.085110 -0.090702 -0.013000
v 0.084515 -0.090781 -0.013800
v 0.078764 -0.091538 -0.013800
v 0.078170 -0.091616 -0.013000
v 0.061315 -0.093835 -0.013000
v 0.060720 -0.093913 -0.013800
v 0.054970 -0.094670 -0.013800
v 0.054375 -0.094749 -0.013000
v 0.046443 -0.095793 -0.013000
v 0.044460 -0.096054 -0.011000
v 0.046419 -0.109562 0.011000
v 0.048394 -0.109249 0.013000
v 0.056296 -0.107998 0.013000
v 0.056889 -0.107904 0.013800
v 0.062617 -0.106996 0.013800
v 0.063210 -0.106902 0.013000
v 0.080000 -0.104243 0.013000
v 0.080593 -0.104149 0.013800
v 0.086322 -0.103242 0.013800
v 0.086914 -0.103148 0.013000
v 0.099754 -0.101114 0.013000
v 0.101730 -0.100802 0.011000
v 0.101730 -0.100802 -0.011000
v 0.099754 -0.101114 -0.013000
v 0.086914 -0.103148 -0.013000
v 0.086322 -0.103242 -0.013800
v 0.080593 -0.104149 -0.013800
v 0.080000 -0.104243 -0.013000
v 0.063210 -0.106902 -0.013000
v 0.062617 -0.106996 -0.013800
v 0.056889 -0.107904 -0.013800
v 0.056296 -0.107998 -0.013000
v 0.048394 -0.109249 -0.013000
v 0.046419 -0.109562 -0.011000
v 0.048731 -0.123014 0.011000
v 0.050697 -0.122650 0.013000
v 0.058563 -0.121192 0.013000
v 0.059153 -0.121082 0.013800
v 0.064856 -0.120025 0.013800
v 0.065446 -0.119916 0.013000
v 0.082161 -0.116818 0.013000
v 0.082751 -0.116709 0.013800
v 0.088454 -0.115652 0.013800
v 0.089044 -0.115542 0.013000
v 0.101826 -0.113173 0.013000
v 0.103793 -0.112809 0.011000
v 0.103793 -0.112809 -0.011000
v 0.101826 -0.113173 -0.013000
v 0.089044 -0.115542 -0.013000
v 0.088454 -0.115652 -0.013800
v 0.082751 -0.116709 -0.013800
v 0.082161 -0.116818 -0.013000
v 0.065446 -0.119916 -0.013000
v 0.064856 -0.120025 -0.013800
v 0.059153 -0.121082 -0.013800
v 0.058563 -0.121192 -0.013000
v 0.050697 -0.122650 -0.013000
v 0.048731 -0.123014 -0.011000
v 0.051393 -0.136401 0.011000
v 0.053350 -0.135985 0.013000
v 0.061175 -0.134322 0.013000
v 0.061762 -0.134197 0.013800
v 0.067435 -0.132991 0.013800
v 0.068022 -0.132867 0.013000
v 0.084650 -0.129332 0.013000
v 0.085237 -0.129207 0.013800
v 0.090911 -0.128001 0.013800
v 0.091497 -0.127877 0.013000
v 0.104213 -0.125174 0.013000
v 0.106170 -0.124758 0.011000
v 0.106170 -0.124758 -0.011000
v 0.104213 -0.125174 -0.013000
v 0.091497 -0.127877 -0.013000
v 0.090911 -0.128001 -0.013800
v 0.085237 -0.129207 -0.013800
v 0.084650 -0.129332 -0.013000
v 0.068022 -0.132867 -0.013000
v 0.067435 -0.132991 -0.013800
v 0.061762 -0.134197 -0.013800
v 0.061175 -0.134322 -0.013000
v 0.053350 -0.135985 -0.013000
v 0.051393 -0.136401 -0.011000
v 0.054406 -0.149714 0.011000
v 0.056351 -0.149247 0.013000
v 0.064129 -0.147379 0.013000
v 0.064713 -0.147239 0.013800
v 0.070353 -0.145885 0.013800
v 0.070936 -0.145745 0.013000
v 0.087466 -0.141777 0.013000
v 0.088050 -0.141637 0.013800
v 0.093690 -0.140283 0.013800
v 0.094273 -0.140143 0.013000
v 0.106914 -0.137108 0.013000
v 0.108858 -0.136641 0.011000
v 0.108858 -0.136641 -0.011000
v 0.106914 -0.137108 -0.013000
v 0.094273 -0.140143 -0.013000
v 0.093690 -0.140283 -0.013800
v 0.088050 -0.141637 -0.013800
v 0.087466 -0.141777 -0.013000
v 0.070936 -0.145745 -0.013000
v 0.070353 -0.145885 -0.013800
v 0.064713 -0.147239 -0.013800
v 0.064129 -0.147379 -0.013000
v 0.056351 -0.149247 -0.013000
v 0.054406 -0.149714 -0.011000
v 0.057766 -0.162943 0.011000
v 0.059697 -0.162426 0.013000
v 0.067425 -0.160355 0.013000
v 0.068004 -0.160200 0.013800
v 0.073607 -0.158699 0.013800
v 0.074186 -0.158543 0.013000
v 0.090607 -0.154143 0.013000
v 0.091187 -0.153988 0.013800
v 0.096789 -0.152487 0.013800
v 0.097369 -0.152332 0.013000
v 0.109926 -0.148967 0.013000
v 0.111857 -0.148449 0.011000
v 0.111857 -0.148449 -0.011000
v 0.109926 -0.148967 -0.013000
v 0.097369 -0.152332 -0.013000
v 0.096789 -0.152487 -0.013800
v 0.091187 -0.153988 -0.013800
v 0.090607 -0.154143 -0.013000
v 0.074186 -0.158543 -0.013000
v 0.073607 -0.158699 -0.013800
v 0.068004 -0.160200 -0.013800
v 0.067425 -0.160355 -0.013000
v 0.059697 -0.162426 -0.013000
v 0.057766 -0.162943 -0.011000
v 0.061471 -0.176080 0.011000
v 0.063388 -0.175512 0.013000
v 0.071059 -0.173240 0.013000
v 0.071634 -0.173069 0.013800
v 0.077195 -0.171422 0.013800
v 0.077771 -0.171252 0.013000
v 0.094070 -0.166423 0.013000
v 0.094646 -0.166253 0.013800
v 0.100207 -0.164606 0.013800
v 0.100782 -0.164435 0.013000
v 0.113247 -0.160743 0.013000
v 0.115164 -0.160175 0.011000
v 0.115164 -0.160175 -0.011000
v 0.113247 -0.160743 -0.013000
v 0.100782 -0.164435 -0.013000
v 0.100207 -0.164606 -0.013800
v 0.094646 -0.166253 -0.013800
v 0.094070 -0.166423 -0.013000
v 0.077771 -0.171252 -0.013000
v 0.077195 -0.171422 -0.013800
v 0.071634 -0.173069 -0.013800
v 0.071059 -0.173240 -0.013000
v 0.063388 -0.175512 -0.013000
v 0.061471 -0.176080 -0.011000
v 0.064869 -0.187104 0.011000
v 0.066774 -0.186494 0.013000
v 0.074392 -0.184052 0.013000
v 0.074964 -0.183869 0.013800
v 0.080487 -0.182099 0.013800
v 0.081058 -0.181916 0.013000
v 0.097247 -0.176729 0.013000
v 0.097819 -0.176545 0.013800
v 0.103342 -0.174776 0.013800
v 0.103913 -0.174592 0.013000
v 0.116293 -0.170625 0.013000
v 0.118198 -0.170015 0.011000
v 0.118198 -0.170015 -0.011000
v 0.116293 -0.170625 -0.013000
v 0.103913 -0.174592 -0.013000
v 0.103342 -0.174776 -0.013800
v 0.097819 -0.176545 -0.013800
v 0.097247 -0.176729 -0.013000
v 0.081058 -0.181916 -0.013000
v 0.080487 -0.182099 -0.013800
v 0.074964 -0.183869 -0.013800
v 0.074392 -0.184052 -0.013000
v 0.066774 -0.186494 -0.013000
v 0.064869 -0.187104 -0.011000
v 0.065518 -0.189115 0.011000
v 0.067420 -0.188497 0.013000
v 0.075029 -0.186025 0.013000
v 0.075599 -0.185840 0.013800
v 0.081115 -0.184047 0.013800
v 0.081686 -0.183862 0.013000
v 0.097854 -0.178609 0.013000
v 0.098425 -0.178423 0.013800
v 0.103941 -0.176631 0.013800
v 0.104511 -0.176446 0.013000
v 0.116875 -0.172428 0.013000
v 0.118777 -0.171810 0.011000
v 0.118777 -0.171810 -0.011000
v 0.116875 -0.172428 -0.013000
v 0.104511 -0.176446 -0.013000
v 0.103941 -0.176631 -0.013800
v 0.098425 -0.178423 -0.013800
v 0.097854 -0.178609 -0.013000
v 0.081686 -0.183862 -0.013000
v 0.081115 -0.184047 -0.013800
v 0.075599 -0.185840 -0.013800
v 0.075029 -0.186025 -0.013000
v 0.067420 -0.188497 -0.013000
v 0.065518 -0.189115 -0.011000
v 0.061714 -0.190351 0.013000
v 0.064567 -0.189424 0.016000
v 0.075029 -0.186025 0.016000
v 0.075599 -0.185840 0.016000
v 0.081115 -0.184047 0.016000
v 0.081686 -0.183862 0.016000
v 0.097854 -0.178609 0.016000
v 0.098425 -0.178423 0.016000
v 0.103941 -0.176631 0.016000
v 0.104511 -0.176446 0.016000
v 0.119728 -0.171501 0.016000
v 0.122582 -0.170574 0.013000
v 0.122582 -0.170574 -0.013000
v 0.119728 -0.171501 -0.016000
v 0.104511 -0.176446 -0.016000
v 0.103941 -0.176631 -0.016000
v 0.098425 -0.178423 -0.016000
v 0.097854 -0.178609 -0.016000
v 0.081686 -0.183862 -0.016000
v 0.081115 -0.184047 -0.016000
v 0.075599 -0.185840 -0.016000
v 0.075029 -0.186025 -0.016000
v 0.064567 -0.189424 -0.016000
v 0.061714 -0.190351 -0.013000
v 0.062085 -0.191493 0.013000
v 0.064938 -0.190566 0.016000
v 0.075400 -0.187166 0.016000
v 0.075970 -0.186981 0.016000
v 0.081486 -0.185189 0.016000
v 0.082057 -0.185003 0.016000
v 0.098225 -0.179750 0.016000
v 0.098796 -0.179565 0.016000
v 0.104312 -0.177772 0.016000
v 0.104882 -0.177587 0.016000
v 0.120099 -0.172643 0.016000
v 0.122952 -0.171716 0.013000
v 0.122952 -0.171716 -0.013000
v 0.120099 -0.172643 -0.016000
v 0.104882 -0.177587 -0.016000
v 0.104312 -0.177772 -0.016000
v 0.098796 -0.179565 -0.016000
v 0.098225 -0.179750 -0.016000
v 0.082057 -0.185003 -0.016000
v 0.081486 -0.185189 -0.016000
v 0.075970 -0.186981 -0.016000
v 0.075400 -0.187166 -0.016000
v 0.064938 -0.190566 -0.016000
v 0.062085 -0.191493 -0.013000
v 0.063815 -0.196819 0.013000
v 0.066668 -0.195892 0.016000
v 0.077130 -0.192492 0.016000
v 0.077701 -0.192307 0.016000
v 0.083217 -0.190515 0.016000
v 0.083787 -0.190329 0.016000
v 0.099955 -0.185076 0.016000
v 0.100526 -0.184891 0.016000
v 0.106042 -0.183098 0.016000
v 0.106613 -0.182913 0.016000
v 0.121830 -0.177969 0.016000
v 0.124683 -0.177042 0.013000
v 0.124683 -0.177042 -0.013000
v 0.121830 -0.177969 -0.016000
v 0.106613 -0.182913 -0.016000
v 0.106042 -0.183098 -0.016000
v 0.100526 -0.184891 -0.016000
v 0.099955 -0.185076 -0.016000
v 0.083787 -0.190329 -0.016000
v 0.083217 -0.190515 -0.016000
v 0.077701 -0.192307 -0.016000
v 0.077130 -0.192492 -0.016000
v 0.066668 -0.195892 -0.016000
v 0.063815 -0.196819 -0.013000
v 0.065137 -0.197651 0.012500
v 0.067515 -0.196878 0.015000
v 0.077501 -0.193634 0.015000
v 0.078072 -0.193448 0.015000
v 0.083588 -0.191656 0.015000
v 0.084158 -0.191471 0.015000
v 0.100326 -0.186217 0.015000
v 0.100897 -0.186032 0.015000
v 0.106413 -0.184240 0.015000
v 0.106984 -0.184054 0.015000
v 0.121725 -0.179264 0.015000
v 0.124103 -0.178492 0.012500
v 0.124103 -0.178492 -0.012500
v 0.121725 -0.179264 -0.015000
v 0.106984 -0.184054 -0.015000
v 0.106413 -0.184240 -0.015000
v 0.100897 -0.186032 -0.015000
v 0.100326 -0.186217 -0.015000
v 0.084158 -0.191471 -0.015000
v 0.083588 -0.191656 -0.015000
v 0.078072 -0.193448 -0.015000
v 0.077501 -0.193634 -0.015000
v 0.067515 -0.196878 -0.015000
v 0.065137 -0.197651 -0.012500
v 0.103872 -0.184750 0.002067
v 0.103166 -0.184979 0.000704
v 0.103203 -0.184967 -0.000849
v 0.103974 -0.184717 -0.002174
v 0.105271 -0.184295 -0.002916
v 0.106747 -0.183816 -0.002877
v 0.108007 -0.183406 -0.002067
v 0.108713 -0.183177 -0.000704
v 0.108676 -0.183189 0.000849
v 0.107906 -0.183439 0.002174
v 0.106609 -0.183860 0.002916
v 0.105133 -0.184340 0.002877
v 0.104138 -0.185568 0.002067
v 0.103432 -0.185797 0.000704
v 0.103469 -0.185785 -0.000849
v 0.104239 -0.185535 -0.002174
v 0.105537 -0.185113 -0.002916
v 0.107013 -0.184633 -0.002877
v 0.108273 -0.184224 -0.002067
v 0.108979 -0.183995 -0.000704
v 0.108942 -0.184007 0.000849
v 0.108172 -0.184257 0.002174
v 0.106875 -0.184678 0.002916
v 0.105398 -0.185158 0.002877
v 0.104584 -0.185675 0.001695
v 0.104005 -0.185863 0.000577
v 0.104036 -0.185853 -0.000696
v 0.104667 -0.185648 -0.001783
v 0.105731 -0.185302 -0.002391
v 0.106942 -0.184909 -0.002359
v 0.107975 -0.184573 -0.001695
v 0.108554 -0.184385 -0.000577
v 0.108524 -0.184395 0.000696
v 0.107892 -0.184600 0.001783
v 0.106828 -0.184946 0.002391
v 0.105618 -0.185339 0.002359
v 0.105349 -0.185426 0.000930
v 0.105032 -0.185530 0.000317
v 0.105048 -0.185524 -0.000382
v 0.105395 -0.185411 -0.000978
v 0.105979 -0.185222 -0.001312
v 0.106643 -0.185006 -0.001295
v 0.107210 -0.184822 -0.000930
v 0.107528 -0.184718 -0.000317
v 0.107511 -0.184724 0.000382
v 0.107165 -0.184837 0.000978
v 0.106581 -0.185026 0.001312
v 0.105916 -0.185242 0.001295
v 0.105133 -0.184761 0.000930
v 0.104815 -0.184864 0.000317
v 0.104832 -0.184858 -0.000382
v 0.105179 -0.184746 -0.000978
v 0.105762 -0.184556 -0.001312
v 0.106427 -0.184340 -0.001295
v 0.106994 -0.184156 -0.000930
v 0.107312 -0.184053 -0.000317
v 0.107295 -0.184058 0.000382
v 0.106948 -0.184171 0.000978
v 0.106365 -0.184360 0.001312
v 0.105700 -0.184576 0.001295
vn -0.7071 -0.0014 0.7071
vn -0.7070 -0.0093 0.7071
vn -0.7071 -0.0092 0.7071
vn -0.0000 -0.0000 1.0000
vn -0.8000 -0.0016 0.6000
vn -0.7999 -0.0105 0.6000
vn 0.8000 0.0016 0.6000
vn 0.7999 0.0105 0.6000
vn 0.7071 0.0014 0.7071
vn 0.7071 0.0093 0.7071
vn 1.0000 0.0020 -0.0000
vn 0.9999 0.0131 -0.0000
vn 0.7071 0.0014 -0.7071
vn 0.7071 0.0093 -0.7071
vn -0.0000 -0.0000 -1.0000
vn 0.8000 0.0016 -0.6000
vn 0.7999 0.0105 -0.6000
vn -0.8000 -0.0016 -0.6000
vn -0.7999 -0.0105 -0.6000
vn -0.7071 -0.0014 -0.7071
vn -0.7070 -0.0092 -0.7071
vn -0.7071 -0.0093 -0.7071
vn -1.0000 -0.0020 -0.0000
vn -0.9999 -0.0131 -0.0000
vn -0.7068 -0.0200 0.7071
vn -0.7997 -0.0225 0.6000
vn 0.7997 0.0224 0.6000
vn 0.7997 0.0225 0.6000
vn 0.7068 0.0199 0.7071
vn 0.9996 0.0281 -0.0000
vn 0.7068 0.0201 -0.7071
vn 0.7068 0.0200 -0.7071
vn 0.7997 0.0225 -0.6000
vn -0.7997 -0.0225 -0.6000
vn 0.7997 0.0224 -0.6000
vn -0.7068 -0.0200 -0.7071
vn -0.9996 -0.0282 -0.0000
vn -0.7061 -0.0370 0.7071
vn -0.7989 -0.0419 0.6000
vn 0.7989 0.0419 0.6000
vn 0.7061 0.0370 0.7071
vn 0.9986 0.0523 -0.0000
vn 0.7061 0.0370 -0.7071
vn 0.7989 0.0419 -0.6000
vn -0.7989 -0.0419 -0.6000
vn -0.7061 -0.0370 -0.7071
vn -0.9986 -0.0523 -0.0000
vn -0.7049 -0.0555 0.7071
vn -0.7975 -0.0628 0.6000
vn 0.7975 0.0628 0.6000
vn 0.7049 0.0555 0.7071
vn 0.9969 0.0785 -0.0000
vn 0.7049 0.0555 -0.7071
vn 0.7975 0.0628 -0.6000
vn -0.7975 -0.0628 -0.6000
vn -0.7049 -0.0555 -0.7071
vn -0.9969 -0.0785 -0.0000
vn -0.7032 -0.0739 0.7071
vn -0.7956 -0.0836 0.6000
vn 0.7956 0.0836 0.6000
vn 0.7032 0.0739 0.7071
vn 0.9945 0.1045 -0.0000
vn 0.7032 0.0739 -0.7071
vn 0.7956 0.0836 -0.6000
vn -0.7956 -0.0836 -0.6000
vn -0.7032 -0.0739 -0.7071
vn -0.9945 -0.1045 -0.0000
vn -0.7011 -0.0923 0.7071
vn -0.7932 -0.1044 0.6000
vn 0.7932 0.1044 0.6000
vn 0.7011 0.0923 0.7071
vn 0.9914 0.1305 -0.0000
vn 0.7011 0.0923 -0.7071
vn 0.7932 0.1044 -0.6000
vn -0.7932 -0.1044 -0.6000
vn -0.7011 -0.0923 -0.7071
vn -0.9914 -0.1305 -0.0000
vn -0.6984 -0.1106 0.7071
vn -0.7902 -0.1251 0.6000
vn 0.7901 0.1251 0.6000
vn -0.7901 -0.1251 0.6000
vn 0.7902 0.1251 0.6000
vn 0.6984 0.1106 0.7071
vn 0.9877 0.1564 -0.0000
vn 0.6984 0.1106 -0.7071
vn 0.7902 0.1251 -0.6000
vn -0.7901 -0.1251 -0.6000
vn 0.7901 0.1251 -0.6000
vn -0.7902 -0.1251 -0.6000
vn -0.6984 -0.1106 -0.7071
vn -0.9877 -0.1564 -0.0000
vn -0.6953 -0.1289 0.7071
vn -0.7866 -0.1458 0.6000
vn 0.7866 0.1458 0.6000
vn 0.6953 0.1289 0.7071
vn 0.9833 0.1822 -0.0000
vn 0.6953 0.1289 -0.7071
vn 0.7866 0.1458 -0.6000
vn -0.7866 -0.1458 -0.6000
vn -0.6953 -0.1289 -0.7071
vn -0.9833 -0.1822 -0.0000
vn -0.6917 -0.1470 0.7071
vn -0.7825 -0.1663 0.6000
vn 0.7825 0.1663 0.6000
vn 0.6917 0.1470 0.7071
vn 0.9781 0.2079 -0.0000
vn 0.6917 0.1470 -0.7071
vn 0.7825 0.1663 -0.6000
vn -0.7825 -0.1663 -0.6000
vn -0.6917 -0.1470 -0.7071
vn -0.9781 -0.2079 -0.0000
vn -0.6876 -0.1651 0.7071
vn -0.7779 -0.1868 0.6000
vn 0.7779 0.1868 0.6000
vn 0.6876 0.1651 0.7071
vn 0.9724 0.2334 -0.0000
vn 0.6876 0.1651 -0.7071
vn 0.7779 0.1868 -0.6000
vn -0.7779 -0.1868 -0.6000
vn -0.6876 -0.1651 -0.7071
vn -0.9724 -0.2334 -0.0000
vn -0.6830 -0.1830 0.7071
vn -0.7727 -0.2071 0.6000
vn 0.7727 0.2071 0.6000
vn 0.6830 0.1830 0.7071
vn 0.9659 0.2588 -0.0000
vn 0.6830 0.1830 -0.7071
vn 0.7727 0.2071 -0.6000
vn -0.7727 -0.2071 -0.6000
vn -0.6830 -0.1830 -0.7071
vn -0.9659 -0.2588 -0.0000
vn -0.6784 -0.1995 0.7071
vn -0.7675 -0.2256 0.6000
vn -0.7675 -0.2257 0.6000
vn 0.7675 0.2256 0.6000
vn 0.6784 0.1994 0.7071
vn 0.6784 0.1995 0.7071
vn 0.9594 0.2822 -0.0000
vn 0.6784 0.1995 -0.7071
vn 0.6784 0.1994 -0.7071
vn 0.7676 0.2256 -0.6000
vn 0.7675 0.2256 -0.6000
vn -0.7675 -0.2256 -0.6000
vn 0.7675 0.2257 -0.6000
vn -0.7675 -0.2257 -0.6000
vn -0.6784 -0.1995 -0.7071
vn -0.9594 -0.2820 -0.0000
vn -0.6753 -0.2097 0.7071
vn -0.7640 -0.2372 0.6000
vn 0.7640 0.2373 0.6000
vn -0.7640 -0.2373 0.6000
vn 0.7640 0.2372 0.6000
vn 0.6753 0.2097 0.7071
vn 0.9550 0.2965 -0.0000
vn 0.6753 0.2097 -0.7071
vn 0.7640 0.2373 -0.6000
vn 0.7640 0.2372 -0.6000
vn -0.7640 -0.2372 -0.6000
vn -0.7640 -0.2373 -0.6000
vn -0.6753 -0.2097 -0.7071
vn -0.9550 -0.2965 -0.0000
vn -0.6729 -0.2171 0.7071
vn -0.7613 -0.2457 0.6000
vn 0.7613 0.2457 0.6000
vn 0.6729 0.2171 0.7071
vn 0.9517 0.3071 -0.0000
vn 0.6729 0.2171 -0.7071
vn 0.7613 0.2457 -0.6000
vn -0.7613 -0.2457 -0.6000
vn -0.6729 -0.2171 -0.7071
vn -0.9517 -0.3071 -0.0000
vn -0.3090 0.9511 -0.0000
vn -0.6725 -0.2185 0.7071
vn 0.6725 0.2185 0.7071
vn 0.9511 0.3090 -0.0000
vn 0.6725 0.2185 -0.7071
vn -0.6725 -0.2185 -0.7071
vn -0.9511 -0.3090 -0.0000
vn -0.2992 -0.7936 0.5298
vn 0.1978 -0.6088 0.7682
vn 0.1978 -0.6089 0.7682
vn 0.7085 -0.4661 0.5298
vn 0.9284 -0.3715 -0.0000
vn 0.7085 -0.4661 -0.5298
vn 0.1978 -0.6088 -0.7682
vn 0.1978 -0.6089 -0.7682
vn -0.2992 -0.7936 -0.5298
vn -0.5328 -0.8462 -0.0000
vn -0.0000 1.0000 -0.0000
vn 0.3090 -0.9511 -0.0000
vn -0.8353 -0.2714 0.4781
vn -0.9245 -0.3004 0.2345
vn -0.9508 -0.3089 -0.0251
vn -0.8114 -0.2637 -0.5216
vn -0.6554 -0.2130 -0.7246
vn -0.4547 -0.1477 -0.8783
vn 0.0239 0.0077 -0.9997
vn 0.4960 0.1612 -0.8532
vn 0.6892 0.2239 -0.6891
vn 0.8353 0.2714 -0.4781
vn 0.9508 0.3089 0.0251
vn 0.9122 0.2964 0.2830
vn 0.6554 0.2130 0.7246
vn 0.4547 0.1477 0.8783
vn -0.0239 -0.0077 0.9997
vn -0.2691 -0.0874 0.9591
vn -0.4960 -0.1612 0.8532
vn 0.0025 -0.9600 0.2799
vn -0.0931 -0.9911 0.0952
vn 0.1380 -0.9895 0.0421
vn 0.1802 -0.9758 0.1238
vn -0.0881 -0.9895 -0.1149
vn 0.1402 -0.9888 -0.0508
vn 0.0162 -0.9556 -0.2943
vn 0.1863 -0.9738 -0.1301
vn 0.1918 -0.8985 -0.3948
vn 0.2639 -0.9486 -0.1746
vn 0.3917 -0.8336 -0.3895
vn 0.3523 -0.9199 -0.1723
vn 0.5623 -0.7781 -0.2799
vn 0.4278 -0.8954 -0.1238
vn 0.6579 -0.7471 -0.0952
vn 0.4700 -0.8816 -0.0421
vn 0.6528 -0.7487 0.1149
vn 0.4678 -0.8824 0.0508
vn 0.5486 -0.7826 0.2943
vn 0.4217 -0.8973 0.1301
vn 0.3730 -0.8397 0.3948
vn 0.3440 -0.9226 0.1746
vn 0.1731 -0.9046 0.3895
vn 0.2557 -0.9513 0.1723
vn 0.9245 0.3004 -0.2345
vn 0.8115 0.2636 0.5216
vn -0.6892 -0.2239 0.6892
vn -0.9122 -0.2964 -0.2830
vn 0.2691 0.0874 -0.9591
vt 0.203776 0.268058
vt 0.204093 0.270089
vt 0.202168 0.270385
vt 0.201852 0.268362
vt 0.255419 0.427770
vt 0.255735 0.429793
vt 0.248045 0.430979
vt 0.247734 0.428987
vt 0.419131 0.585232
vt 0.419129 0.587204
vt 0.418354 0.587324
vt 0.418356 0.585355
vt 0.041276 0.433576
vt 0.041587 0.435565
vt 0.036012 0.436425
vt 0.035705 0.434458
vt 0.750246 0.004322
vt 0.750248 0.006269
vt 0.749467 0.006389
vt 0.749465 0.004445
vt 0.612069 0.449531
vt 0.612376 0.451496
vt 0.596036 0.454016
vt 0.595740 0.452117
vt 0.758249 0.175252
vt 0.758248 0.177131
vt 0.757473 0.177252
vt 0.757475 0.175375
vt 0.670531 0.449531
vt 0.670827 0.451427
vt 0.665252 0.452287
vt 0.664959 0.450413
vt 0.608493 0.611648
vt 0.608495 0.613503
vt 0.607713 0.613622
vt 0.607711 0.611770
vt 0.389072 0.448734
vt 0.389365 0.450605
vt 0.376870 0.452532
vt 0.376585 0.450711
vt 0.148933 0.794520
vt 0.149001 0.796362
vt 0.147060 0.796431
vt 0.146992 0.794597
vt 0.138893 0.490214
vt 0.138895 0.492009
vt 0.117500 0.492001
vt 0.117498 0.490207
vt 0.307952 0.597157
vt 0.307668 0.598970
vt 0.305743 0.598674
vt 0.306028 0.596853
vt 0.641101 0.219179
vt 0.640817 0.220999
vt 0.628321 0.219072
vt 0.628614 0.217201
vt 0.617942 0.611771
vt 0.617944 0.613623
vt 0.617170 0.613502
vt 0.617168 0.611648
vt 0.683011 0.005205
vt 0.682718 0.007078
vt 0.677144 0.006218
vt 0.677440 0.004322
vt 0.210019 0.435470
vt 0.210017 0.437347
vt 0.209235 0.437227
vt 0.209237 0.435348
vt 0.587095 0.452117
vt 0.586799 0.454016
vt 0.570459 0.451496
vt 0.570766 0.449531
vt 0.047353 0.597763
vt 0.047355 0.599708
vt 0.046581 0.599587
vt 0.046579 0.597640
vt 0.662967 0.005205
vt 0.662660 0.007171
vt 0.657085 0.006312
vt 0.657396 0.004322
vt 0.108854 0.245816
vt 0.108852 0.247786
vt 0.108070 0.247666
vt 0.108072 0.245694
vt 0.314335 0.431389
vt 0.314024 0.433381
vt 0.306334 0.432195
vt 0.306650 0.430172
vt 0.087909 0.776118
vt 0.087833 0.778164
vt 0.085892 0.778095
vt 0.085968 0.776041
vt 0.556082 0.468982
vt 0.556080 0.470992
vt 0.534685 0.471000
vt 0.534687 0.468989
vt 0.205681 0.281195
vt 0.203749 0.281449
vt 0.257316 0.440857
vt 0.249602 0.441872
vt 0.419119 0.597995
vt 0.418344 0.598103
vt 0.043142 0.446446
vt 0.037550 0.447182
vt 0.750258 0.016926
vt 0.749476 0.017033
vt 0.613912 0.462240
vt 0.597520 0.464398
vt 0.758238 0.187417
vt 0.757464 0.187525
vt 0.672309 0.461796
vt 0.666717 0.462533
vt 0.608503 0.623653
vt 0.607721 0.623760
vt 0.390827 0.460838
vt 0.378292 0.462488
vt 0.149244 0.806416
vt 0.147302 0.806442
vt 0.138904 0.501830
vt 0.117509 0.501822
vt 0.306251 0.608883
vt 0.304320 0.608630
vt 0.639394 0.230955
vt 0.626859 0.229305
vt 0.617953 0.623761
vt 0.617179 0.623653
vt 0.681254 0.017324
vt 0.675662 0.016588
vt 0.210007 0.447620
vt 0.209225 0.447512
vt 0.585315 0.464398
vt 0.568923 0.462240
vt 0.047365 0.610352
vt 0.046591 0.610244
vt 0.661122 0.017929
vt 0.655530 0.017192
vt 0.108842 0.258565
vt 0.108060 0.258458
vt 0.312467 0.444275
vt 0.304753 0.443259
vt 0.087563 0.789337
vt 0.085621 0.789311
vt 0.556070 0.481995
vt 0.534674 0.482003
vt 0.207241 0.294378
vt 0.205304 0.294581
vt 0.258870 0.453989
vt 0.251133 0.454802
vt 0.419109 0.610822
vt 0.418335 0.610915
vt 0.044671 0.459361
vt 0.039061 0.459950
vt 0.750268 0.029592
vt 0.749486 0.029685
vt 0.615421 0.474993
vt 0.598979 0.476721
vt 0.758229 0.199642
vt 0.757454 0.199734
vt 0.673766 0.474104
vt 0.668156 0.474694
vt 0.608511 0.635717
vt 0.607730 0.635809
vt 0.392265 0.472984
vt 0.379691 0.474305
vt 0.149244 0.818316
vt 0.147302 0.818291
vt 0.138913 0.513503
vt 0.117518 0.513495
vt 0.304859 0.620650
vt 0.302922 0.620447
vt 0.637995 0.242773
vt 0.625421 0.241451
vt 0.617963 0.635810
vt 0.617188 0.635717
vt 0.679815 0.029485
vt 0.674205 0.028895
vt 0.209998 0.459829
vt 0.209216 0.459737
vt 0.583856 0.476721
vt 0.567414 0.474993
vt 0.047375 0.623003
vt 0.046601 0.622910
vt 0.659611 0.030696
vt 0.654001 0.030107
vt 0.108832 0.271377
vt 0.108050 0.271284
vt 0.310936 0.457204
vt 0.303199 0.456391
vt 0.087563 0.802561
vt 0.085621 0.802585
vt 0.556060 0.495073
vt 0.534664 0.495080
vt 0.208456 0.307597
vt 0.206514 0.307749
vt 0.260080 0.467157
vt 0.252324 0.467767
vt 0.419101 0.623703
vt 0.418327 0.623781
vt 0.045861 0.472311
vt 0.040237 0.472753
vt 0.750275 0.042312
vt 0.749494 0.042389
vt 0.616596 0.487780
vt 0.600114 0.489078
vt 0.758221 0.211918
vt 0.757447 0.211996
vt 0.674900 0.486446
vt 0.669276 0.486888
vt 0.608517 0.647832
vt 0.607736 0.647909
vt 0.393384 0.485163
vt 0.380780 0.486155
vt 0.148933 0.830211
vt 0.146992 0.830136
vt 0.138920 0.525225
vt 0.117525 0.525217
vt 0.303775 0.632449
vt 0.301833 0.632297
vt 0.636906 0.254623
vt 0.624302 0.253631
vt 0.617970 0.647910
vt 0.617196 0.647832
vt 0.678694 0.041679
vt 0.673071 0.041237
vt 0.209991 0.472091
vt 0.209209 0.472013
vt 0.582721 0.489078
vt 0.566239 0.487781
vt 0.047382 0.635708
vt 0.046608 0.635630
vt 0.658435 0.043500
vt 0.652811 0.043057
vt 0.108824 0.284242
vt 0.108042 0.284165
vt 0.309745 0.470170
vt 0.301989 0.469559
vt 0.087909 0.815780
vt 0.085968 0.815855
vt 0.556052 0.508205
vt 0.534657 0.508213
vt 0.209324 0.320843
vt 0.207379 0.320944
vt 0.260945 0.480352
vt 0.253176 0.480760
vt 0.419096 0.636629
vt 0.418321 0.636692
vt 0.046711 0.485288
vt 0.041078 0.485583
vt 0.750281 0.055076
vt 0.749499 0.055138
vt 0.617436 0.500595
vt 0.600926 0.501460
vt 0.758216 0.224237
vt 0.757442 0.224300
vt 0.675710 0.498813
vt 0.670077 0.499108
vt 0.608522 0.659990
vt 0.607740 0.660052
vt 0.394184 0.497368
vt 0.381558 0.498029
vt 0.769822 0.331974
vt 0.769830 0.343788
vt 0.767872 0.343996
vt 0.767864 0.332232
vt 0.138925 0.536988
vt 0.117530 0.536981
vt 0.303000 0.644272
vt 0.301054 0.644171
vt 0.636128 0.266497
vt 0.623502 0.265835
vt 0.617975 0.660052
vt 0.617201 0.659990
vt 0.677893 0.053899
vt 0.672260 0.053604
vt 0.209985 0.484395
vt 0.209204 0.484333
vt 0.581909 0.501460
vt 0.565399 0.500595
vt 0.047388 0.648457
vt 0.046614 0.648394
vt 0.657594 0.056329
vt 0.651961 0.056034
vt 0.108819 0.297153
vt 0.108037 0.297091
vt 0.308893 0.483162
vt 0.301124 0.482755
vt 0.149553 0.490465
vt 0.149544 0.503593
vt 0.147587 0.503386
vt 0.147596 0.490207
vt 0.556046 0.521384
vt 0.534651 0.521392
vt 0.209845 0.334107
vt 0.207898 0.334158
vt 0.261464 0.493566
vt 0.253687 0.493769
vt 0.419092 0.649591
vt 0.418318 0.649639
vt 0.047222 0.498282
vt 0.041583 0.498430
vt 0.750284 0.067876
vt 0.749502 0.067923
vt 0.617940 0.513427
vt 0.601413 0.513859
vt 0.758213 0.236591
vt 0.757439 0.236639
vt 0.676197 0.511197
vt 0.670558 0.511345
vt 0.608524 0.672181
vt 0.607742 0.672228
vt 0.394664 0.509589
vt 0.382025 0.509920
vt 0.769836 0.355635
vt 0.767878 0.355792
vt 0.138928 0.548785
vt 0.117533 0.548777
vt 0.302534 0.656112
vt 0.300587 0.656062
vt 0.635661 0.278387
vt 0.623022 0.278056
vt 0.617978 0.672229
vt 0.617204 0.672181
vt 0.677413 0.066136
vt 0.671774 0.065988
vt 0.209982 0.496734
vt 0.209200 0.496687
vt 0.581422 0.513859
vt 0.564895 0.513427
vt 0.047391 0.661242
vt 0.046617 0.661194
vt 0.657089 0.069176
vt 0.651450 0.069029
vt 0.108815 0.310100
vt 0.108034 0.310053
vt 0.308382 0.496172
vt 0.300605 0.495968
vt 0.149538 0.516759
vt 0.147580 0.516602
vt 0.556043 0.534600
vt 0.534648 0.534608
vt 0.210019 0.347381
vt 0.208071 0.347380
vt 0.261638 0.506788
vt 0.253857 0.506788
vt 0.419091 0.662581
vt 0.418317 0.662614
vt 0.047392 0.511286
vt 0.041751 0.511286
vt 0.750285 0.080704
vt 0.749503 0.080735
vt 0.618109 0.526267
vt 0.601575 0.526267
vt 0.758212 0.248972
vt 0.757438 0.249004
vt 0.676359 0.523590
vt 0.670718 0.523590
vt 0.608524 0.684399
vt 0.607742 0.684431
vt 0.394824 0.521819
vt 0.382181 0.521819
vt 0.769840 0.367507
vt 0.767882 0.367614
vt 0.138929 0.560606
vt 0.117534 0.560599
vt 0.302379 0.667960
vt 0.300431 0.667960
vt 0.635505 0.290286
vt 0.622862 0.290286
vt 0.617979 0.684431
vt 0.617205 0.684399
vt 0.677252 0.078381
vt 0.671611 0.078381
vt 0.209981 0.509099
vt 0.209199 0.509067
vt 0.581260 0.526267
vt 0.564726 0.526267
vt 0.047392 0.674054
vt 0.046618 0.674022
vt 0.656921 0.082032
vt 0.651280 0.082032
vt 0.108814 0.323075
vt 0.108033 0.323043
vt 0.308212 0.509191
vt 0.300431 0.509191
vt 0.149533 0.529952
vt 0.147576 0.529846
vt 0.556042 0.547844
vt 0.534646 0.547852
vt 0.209845 0.360654
vt 0.207898 0.360603
vt 0.261464 0.520011
vt 0.253687 0.519807
vt 0.419092 0.675590
vt 0.418318 0.675607
vt 0.047222 0.524290
vt 0.041583 0.524142
vt 0.750284 0.093550
vt 0.749502 0.093566
vt 0.617940 0.539108
vt 0.601413 0.538675
vt 0.758213 0.261370
vt 0.757439 0.261387
vt 0.676197 0.535982
vt 0.670558 0.535835
vt 0.608522 0.696635
vt 0.607740 0.696651
vt 0.394664 0.534048
vt 0.382025 0.533717
vt 0.769842 0.379397
vt 0.767884 0.379452
vt 0.138928 0.572445
vt 0.117533 0.572437
vt 0.302534 0.679808
vt 0.300587 0.679859
vt 0.635661 0.302185
vt 0.623022 0.302516
vt 0.617978 0.696652
vt 0.617204 0.696635
vt 0.677413 0.090626
vt 0.671774 0.090773
vt 0.209982 0.521482
vt 0.209200 0.521465
vt 0.581422 0.538675
vt 0.564895 0.539108
vt 0.047391 0.686885
vt 0.046617 0.686868
vt 0.657089 0.094888
vt 0.651450 0.095036
vt 0.108815 0.336069
vt 0.108034 0.336052
vt 0.308382 0.522209
vt 0.300605 0.522413
vt 0.149531 0.543164
vt 0.147574 0.543109
vt 0.556043 0.561107
vt 0.534648 0.561115
vt 0.209324 0.373919
vt 0.207379 0.373816
vt 0.260945 0.533224
vt 0.253176 0.532817
vt 0.419096 0.688608
vt 0.418321 0.688610
vt 0.046711 0.537284
vt 0.041078 0.536989
vt 0.750281 0.106405
vt 0.749499 0.106406
vt 0.617436 0.551940
vt 0.600926 0.551075
vt 0.758216 0.273777
vt 0.757442 0.273779
vt 0.675710 0.548366
vt 0.670077 0.548071
vt 0.608517 0.708879
vt 0.607736 0.708880
vt 0.394184 0.546270
vt 0.381558 0.545608
vt 0.769842 0.391295
vt 0.767884 0.391300
vt 0.138925 0.584292
vt 0.117530 0.584285
vt 0.303000 0.691647
vt 0.301054 0.691750
vt 0.636128 0.314075
vt 0.623502 0.314737
vt 0.617975 0.708881
vt 0.617201 0.708879
vt 0.677893 0.102862
vt 0.672260 0.103157
vt 0.209985 0.533874
vt 0.209204 0.533873
vt 0.581909 0.551075
vt 0.565399 0.551940
vt 0.047388 0.699725
vt 0.046614 0.699723
vt 0.657594 0.107735
vt 0.651961 0.108030
vt 0.108819 0.349072
vt 0.108037 0.349071
vt 0.308893 0.535219
vt 0.301124 0.535627
vt 0.149531 0.556386
vt 0.147574 0.556382
vt 0.556046 0.574380
vt 0.534651 0.574388
vt 0.208456 0.387165
vt 0.206514 0.387012
vt 0.260080 0.546420
vt 0.252324 0.545809
vt 0.419101 0.701628
vt 0.418327 0.701614
vt 0.045861 0.550261
vt 0.040237 0.549819
vt 0.750275 0.119261
vt 0.749494 0.119247
vt 0.616596 0.564754
vt 0.600114 0.563457
vt 0.758221 0.286185
vt 0.757447 0.286172
vt 0.674900 0.560733
vt 0.669276 0.560291
vt 0.608511 0.721124
vt 0.607730 0.721110
vt 0.393384 0.558474
vt 0.380780 0.557482
vt 0.769840 0.403194
vt 0.767882 0.403148
vt 0.138920 0.596140
vt 0.117525 0.596133
vt 0.303775 0.703471
vt 0.301833 0.703624
vt 0.636906 0.325950
vt 0.624302 0.326942
vt 0.617970 0.721111
vt 0.617196 0.721124
vt 0.678694 0.115082
vt 0.673071 0.115525
vt 0.209991 0.546267
vt 0.209209 0.546281
vt 0.582721 0.563457
vt 0.566239 0.564754
vt 0.047382 0.712566
vt 0.046608 0.712579
vt 0.658435 0.120565
vt 0.652811 0.121007
vt 0.108824 0.362076
vt 0.108042 0.362090
vt 0.309745 0.548212
vt 0.301989 0.548822
vt 0.149533 0.569609
vt 0.147576 0.569656
vt 0.556052 0.587654
vt 0.534657 0.587662
vt 0.207241 0.400384
vt 0.205304 0.400180
vt 0.258870 0.559588
vt 0.251133 0.558775
vt 0.419109 0.714639
vt 0.418335 0.714610
vt 0.044671 0.563211
vt 0.039061 0.562622
vt 0.750268 0.132110
vt 0.749486 0.132080
vt 0.615421 0.577542
vt 0.598979 0.575814
vt 0.758229 0.298586
vt 0.757454 0.298557
vt 0.673766 0.573075
vt 0.668156 0.572486
vt 0.608503 0.733362
vt 0.607721 0.733333
vt 0.392265 0.570653
vt 0.379691 0.569332
vt 0.769836 0.415086
vt 0.767878 0.414988
vt 0.138913 0.607981
vt 0.117518 0.607973
vt 0.304859 0.715270
vt 0.302922 0.715474
vt 0.637995 0.337799
vt 0.625421 0.339121
vt 0.617963 0.733333
vt 0.617188 0.733362
vt 0.679815 0.127277
vt 0.674205 0.127866
vt 0.209998 0.558652
vt 0.209216 0.558681
vt 0.583856 0.575814
vt 0.567414 0.577542
vt 0.047375 0.725399
vt 0.046601 0.725428
vt 0.659611 0.133368
vt 0.654001 0.133957
vt 0.108832 0.375071
vt 0.108050 0.375101
vt 0.310936 0.561177
vt 0.303199 0.561990
vt 0.149538 0.582824
vt 0.147580 0.582921
vt 0.556060 0.600920
vt 0.534664 0.600927
vt 0.205681 0.413566
vt 0.203749 0.413312
vt 0.257316 0.572720
vt 0.249602 0.571704
vt 0.419119 0.727633
vt 0.418344 0.727589
vt 0.043142 0.576126
vt 0.037550 0.575390
vt 0.750258 0.144941
vt 0.749476 0.144896
vt 0.613912 0.590295
vt 0.597520 0.588137
vt 0.758238 0.310970
vt 0.757464 0.310926
vt 0.672309 0.585383
vt 0.666717 0.584647
vt 0.608493 0.745584
vt 0.607711 0.745539
vt 0.390827 0.582799
vt 0.378292 0.581149
vt 0.769830 0.426962
vt 0.767872 0.426814
vt 0.138904 0.619806
vt 0.117509 0.619799
vt 0.306251 0.727037
vt 0.304320 0.727291
vt 0.639394 0.349617
vt 0.626859 0.351267
vt 0.617953 0.745540
vt 0.617179 0.745584
vt 0.681254 0.139438
vt 0.675662 0.140174
vt 0.210007 0.571021
vt 0.209225 0.571066
vt 0.585315 0.588137
vt 0.568923 0.590295
vt 0.047365 0.738215
vt 0.046591 0.738259
vt 0.661122 0.146136
vt 0.655530 0.146872
vt 0.108842 0.388050
vt 0.108060 0.388095
vt 0.312467 0.574107
vt 0.304753 0.575122
vt 0.149544 0.596021
vt 0.147587 0.596169
vt 0.556070 0.614168
vt 0.534674 0.614175
vt 0.204093 0.424673
vt 0.202168 0.424376
vt 0.255735 0.583784
vt 0.248045 0.582598
vt 0.419129 0.738595
vt 0.418354 0.738538
vt 0.041587 0.587006
vt 0.036012 0.586147
vt 0.750248 0.155766
vt 0.749467 0.155709
vt 0.612376 0.601039
vt 0.596036 0.598519
vt 0.758248 0.321418
vt 0.757473 0.321361
vt 0.670827 0.595752
vt 0.665252 0.594892
vt 0.608482 0.755894
vt 0.607701 0.755837
vt 0.389365 0.593032
vt 0.376869 0.591105
vt 0.769823 0.436981
vt 0.767866 0.436790
vt 0.138895 0.629782
vt 0.117500 0.629775
vt 0.307668 0.736950
vt 0.305743 0.737247
vt 0.640817 0.359573
vt 0.628321 0.361500
vt 0.617944 0.755837
vt 0.617170 0.755894
vt 0.682718 0.149684
vt 0.677144 0.150543
vt 0.210017 0.581456
vt 0.209235 0.581514
vt 0.586799 0.598519
vt 0.570459 0.601039
vt 0.047355 0.749027
vt 0.046581 0.749084
vt 0.662660 0.156893
vt 0.657085 0.157753
vt 0.108852 0.399000
vt 0.108070 0.399057
vt 0.314024 0.585000
vt 0.306334 0.586186
vt 0.149552 0.607155
vt 0.147594 0.607346
vt 0.556080 0.625344
vt 0.534685 0.625352
vt 0.203776 0.426704
vt 0.201852 0.426399
vt 0.255419 0.585807
vt 0.247734 0.584590
vt 0.419131 0.740601
vt 0.418356 0.740542
vt 0.041276 0.588996
vt 0.035705 0.588114
vt 0.750246 0.157747
vt 0.749465 0.157687
vt 0.612069 0.603004
vt 0.595740 0.600417
vt 0.758249 0.323330
vt 0.757475 0.323270
vt 0.670531 0.597648
vt 0.664959 0.596766
vt 0.608480 0.757781
vt 0.607699 0.757721
vt 0.389072 0.594904
vt 0.376585 0.592926
vt 0.769822 0.438814
vt 0.767864 0.438615
vt 0.138893 0.631608
vt 0.117498 0.631600
vt 0.307952 0.738763
vt 0.306028 0.739067
vt 0.641101 0.361393
vt 0.628614 0.363371
vt 0.617942 0.757722
vt 0.617168 0.757781
vt 0.683011 0.151557
vt 0.677440 0.152439
vt 0.210019 0.583365
vt 0.209237 0.583425
vt 0.587095 0.600417
vt 0.570766 0.603004
vt 0.047353 0.751006
vt 0.046579 0.751065
vt 0.662967 0.158860
vt 0.657396 0.159742
vt 0.108854 0.401003
vt 0.108072 0.401063
vt 0.314335 0.586992
vt 0.306650 0.588209
vt 0.149553 0.609192
vt 0.147596 0.609391
vt 0.556082 0.627390
vt 0.534687 0.627397
vt 0.674491 0.430364
vt 0.672546 0.434254
vt 0.669628 0.431336
vt 0.672546 0.428419
vt 0.669628 0.420639
vt 0.672546 0.420639
vt 0.669628 0.420056
vt 0.671768 0.420056
vt 0.669628 0.414415
vt 0.671768 0.414415
vt 0.669628 0.413832
vt 0.672546 0.413832
vt 0.669628 0.397300
vt 0.672546 0.397300
vt 0.669628 0.396716
vt 0.671768 0.396716
vt 0.669628 0.391076
vt 0.671768 0.391076
vt 0.669628 0.390492
vt 0.672546 0.390492
vt 0.669628 0.374933
vt 0.672546 0.377850
vt 0.672546 0.372015
vt 0.674491 0.375905
vt 0.697832 0.372015
vt 0.695887 0.375905
vt 0.700750 0.374933
vt 0.697832 0.377850
vt 0.700750 0.390492
vt 0.697832 0.390492
vt 0.700750 0.391076
vt 0.698610 0.391076
vt 0.700750 0.396716
vt 0.698610 0.396716
vt 0.700750 0.397300
vt 0.697832 0.397300
vt 0.700750 0.413832
vt 0.697832 0.413832
vt 0.700750 0.414415
vt 0.698610 0.414415
vt 0.700750 0.420056
vt 0.698610 0.420056
vt 0.700750 0.420639
vt 0.697832 0.420639
vt 0.700750 0.431336
vt 0.697832 0.428419
vt 0.697832 0.434254
vt 0.695887 0.430364
vt 0.783024 0.960391
vt 0.783024 0.961558
vt 0.780102 0.961558
vt 0.780102 0.960391
vt 0.793537 0.231660
vt 0.792370 0.231660
vt 0.792370 0.220962
vt 0.793537 0.220962
vt 0.792370 0.220378
vt 0.793537 0.220378
vt 0.792370 0.214737
vt 0.793537 0.214737
vt 0.792370 0.214154
vt 0.793537 0.214154
vt 0.792370 0.197621
vt 0.793537 0.197621
vt 0.792370 0.197037
vt 0.793537 0.197037
vt 0.792370 0.191396
vt 0.793537 0.191396
vt 0.792370 0.190813
vt 0.793537 0.190813
vt 0.792370 0.175252
vt 0.793537 0.175252
vt 0.966306 0.413746
vt 0.966306 0.414907
vt 0.963370 0.414611
vt 0.963370 0.413450
vt 0.834071 0.737662
vt 0.832911 0.737662
vt 0.832911 0.712376
vt 0.834071 0.712377
vt 0.400268 0.960607
vt 0.400268 0.961774
vt 0.397346 0.961774
vt 0.397346 0.960607
vt 0.786924 0.240304
vt 0.788091 0.240304
vt 0.788091 0.255865
vt 0.786924 0.255865
vt 0.788091 0.256448
vt 0.786924 0.256448
vt 0.788091 0.262089
vt 0.786924 0.262089
vt 0.788091 0.262673
vt 0.786924 0.262673
vt 0.788091 0.279206
vt 0.786924 0.279206
vt 0.788091 0.279789
vt 0.786924 0.279789
vt 0.788091 0.285430
vt 0.786924 0.285430
vt 0.788091 0.286014
vt 0.786924 0.286014
vt 0.788091 0.296712
vt 0.786924 0.296712
vt 0.960984 0.127403
vt 0.960984 0.128564
vt 0.958048 0.128860
vt 0.958048 0.127699
vt 0.827493 0.678443
vt 0.828654 0.678442
vt 0.828654 0.703727
vt 0.827493 0.703728
vt 0.783024 0.967004
vt 0.780102 0.967004
vt 0.786924 0.231660
vt 0.786924 0.220962
vt 0.786924 0.220378
vt 0.786924 0.214737
vt 0.786924 0.214154
vt 0.786924 0.197621
vt 0.786924 0.197037
vt 0.786924 0.191396
vt 0.786924 0.190813
vt 0.786924 0.175252
vt 0.966306 0.420324
vt 0.963370 0.420028
vt 0.827493 0.737658
vt 0.827493 0.712372
vt 0.400268 0.967221
vt 0.397346 0.967221
vt 0.793537 0.240304
vt 0.793537 0.255865
vt 0.793537 0.256448
vt 0.793537 0.262089
vt 0.793537 0.262673
vt 0.793537 0.279206
vt 0.793537 0.279789
vt 0.793537 0.285430
vt 0.793537 0.286014
vt 0.793537 0.296712
vt 0.960984 0.133982
vt 0.958048 0.134278
vt 0.834071 0.678438
vt 0.834071 0.703724
vt 0.989429 0.114131
vt 0.988398 0.113787
vt 0.988398 0.110349
vt 0.989429 0.110005
vt 0.047392 0.816117
vt 0.046225 0.815632
vt 0.046225 0.805420
vt 0.047392 0.805419
vt 0.046225 0.804837
vt 0.047392 0.804835
vt 0.046225 0.799196
vt 0.047392 0.799195
vt 0.046225 0.798613
vt 0.047392 0.798611
vt 0.046225 0.782079
vt 0.047392 0.782078
vt 0.046225 0.781496
vt 0.047392 0.781494
vt 0.046225 0.775855
vt 0.047392 0.775854
vt 0.046225 0.775272
vt 0.047392 0.775270
vt 0.046225 0.760197
vt 0.047392 0.759709
vt 0.989429 0.088590
vt 0.988398 0.088247
vt 0.988398 0.084808
vt 0.989429 0.084464
vt 0.806944 0.841001
vt 0.805684 0.840520
vt 0.805684 0.816207
vt 0.806944 0.815715
vt 0.988398 0.097234
vt 0.989429 0.097578
vt 0.989429 0.101017
vt 0.988398 0.101361
vt 0.814352 0.315634
vt 0.815519 0.316119
vt 0.815519 0.331193
vt 0.814352 0.331194
vt 0.815519 0.331777
vt 0.814352 0.331778
vt 0.815519 0.337417
vt 0.814352 0.337419
vt 0.815519 0.338001
vt 0.814352 0.338002
vt 0.815519 0.354534
vt 0.814352 0.354536
vt 0.815519 0.355118
vt 0.814352 0.355119
vt 0.815519 0.360758
vt 0.814352 0.360760
vt 0.815519 0.361342
vt 0.814352 0.361343
vt 0.815519 0.371554
vt 0.814352 0.372041
vt 0.988398 0.122775
vt 0.989429 0.123119
vt 0.989429 0.126558
vt 0.988398 0.126901
vt 0.017829 0.833120
vt 0.018891 0.833600
vt 0.018891 0.857913
vt 0.017829 0.858406
vt 0.493973 0.715693
vt 0.492027 0.713836
vt 0.492027 0.706408
vt 0.491249 0.705851
vt 0.491249 0.700466
vt 0.492027 0.699909
vt 0.492027 0.684125
vt 0.491249 0.683568
vt 0.491249 0.678183
vt 0.492027 0.677626
vt 0.492027 0.665556
vt 0.493973 0.663699
vt 0.515369 0.663699
vt 0.517314 0.665556
vt 0.517314 0.677626
vt 0.518092 0.678183
vt 0.518092 0.683568
vt 0.517314 0.684125
vt 0.517314 0.699909
vt 0.518092 0.700466
vt 0.518092 0.705851
vt 0.517314 0.706408
vt 0.517314 0.713836
vt 0.515369 0.715693
vt 0.144243 0.700550
vt 0.119929 0.700550
vt 0.117498 0.698119
vt 0.117498 0.687907
vt 0.117498 0.687323
vt 0.117498 0.681683
vt 0.117498 0.681099
vt 0.117498 0.664566
vt 0.117498 0.663982
vt 0.117498 0.658341
vt 0.117498 0.657758
vt 0.117498 0.642683
vt 0.119929 0.640252
vt 0.144243 0.640252
vt 0.146674 0.642683
vt 0.146674 0.657758
vt 0.146674 0.658341
vt 0.146674 0.663982
vt 0.146674 0.664566
vt 0.146674 0.681099
vt 0.146674 0.681683
vt 0.146674 0.687323
vt 0.146674 0.687907
vt 0.146674 0.698119
vt 0.989228 0.283719
vt 0.989228 0.285043
vt 0.988398 0.285090
vt 0.988398 0.283766
vt 0.988398 0.265058
vt 0.988398 0.263548
vt 0.989230 0.263550
vt 0.989230 0.265060
vt 0.988398 0.305021
vt 0.988398 0.303725
vt 0.989228 0.303777
vt 0.989228 0.305073
vt 0.988398 0.162198
vt 0.988398 0.160873
vt 0.989234 0.160873
vt 0.989234 0.162198
vt 0.988398 0.159363
vt 0.989234 0.159363
vt 0.988398 0.344385
vt 0.988398 0.343096
vt 0.989234 0.343096
vt 0.989234 0.344385
vt 0.988398 0.275028
vt 0.988398 0.273704
vt 0.989228 0.273751
vt 0.989228 0.275075
vt 0.989230 0.253392
vt 0.989230 0.254902
vt 0.988398 0.254904
vt 0.988398 0.253394
vt 0.989228 0.293734
vt 0.989228 0.295030
vt 0.988398 0.295081
vt 0.988398 0.293785
vt 0.989234 0.147883
vt 0.989234 0.149209
vt 0.988398 0.149209
vt 0.988398 0.147883
vt 0.989234 0.150719
vt 0.988398 0.150719
vt 0.989234 0.333162
vt 0.989234 0.334451
vt 0.988398 0.334451
vt 0.988398 0.333162
vt 0.799454 0.386322
vt 0.797944 0.386322
vt 0.798080 0.385815
vt 0.799318 0.385815
vt 0.796636 0.385567
vt 0.797007 0.385196
vt 0.795881 0.384259
vt 0.796388 0.384123
vt 0.795881 0.382749
vt 0.796388 0.382885
vt 0.796636 0.381441
vt 0.797007 0.381812
vt 0.797944 0.380686
vt 0.798080 0.381193
vt 0.799454 0.380686
vt 0.799318 0.381193
vt 0.800762 0.381441
vt 0.800391 0.381812
vt 0.801517 0.382749
vt 0.801010 0.382885
vt 0.801517 0.384259
vt 0.801010 0.384123
vt 0.800762 0.385567
vt 0.800391 0.385196
vt 0.798359 0.384772
vt 0.799039 0.384772
vt 0.797771 0.384432
vt 0.797431 0.383844
vt 0.797431 0.383164
vt 0.797771 0.382575
vt 0.798359 0.382236
vt 0.799039 0.382236
vt 0.799627 0.382575
vt 0.799967 0.383164
vt 0.799967 0.383844
vt 0.799627 0.384432
vt 0.989075 0.362983
vt 0.989093 0.363578
vt 0.988416 0.363561
vt 0.988398 0.362966
vt 0.989075 0.364258
vt 0.988398 0.364240
vt 0.988980 0.413010
vt 0.988398 0.412974
vt 0.988398 0.412297
vt 0.988980 0.412333
vt 0.988398 0.374178
vt 0.988398 0.373581
vt 0.989078 0.373581
vt 0.989078 0.374178
vt 0.988398 0.372902
vt 0.989078 0.372902
vt 0.988978 0.431692
vt 0.988398 0.431692
vt 0.988398 0.431011
vt 0.988978 0.431011
vt 0.988398 0.354321
vt 0.988416 0.353726
vt 0.989093 0.353709
vt 0.989075 0.354304
vt 0.988398 0.353047
vt 0.989075 0.353030
vt 0.988980 0.422331
vt 0.988398 0.422367
vt 0.988398 0.421690
vt 0.988980 0.421654
vt 0.989078 0.382822
vt 0.989078 0.383418
vt 0.988398 0.383418
vt 0.988398 0.382822
vt 0.989078 0.384098
vt 0.988398 0.384098
vt 0.988978 0.441017
vt 0.988398 0.441017
vt 0.988398 0.440337
vt 0.988978 0.440337
vt 0.829148 0.437325
vt 0.827840 0.438080
vt 0.826330 0.438080
vt 0.825022 0.437325
vt 0.824267 0.436017
vt 0.824267 0.434507
vt 0.825022 0.433199
vt 0.826330 0.432444
vt 0.827840 0.432444
vt 0.829148 0.433199
vt 0.829903 0.434507
vt 0.829903 0.436017
vt 0.990934 0.074892
vt 0.990594 0.075480
vt 0.990006 0.075820
vt 0.989326 0.075820
vt 0.988737 0.075480
vt 0.988398 0.074892
vt 0.988398 0.074212
vt 0.988737 0.073623
vt 0.989326 0.073284
vt 0.990006 0.073284
vt 0.990594 0.073623
vt 0.990934 0.074212
s 1
usemtl Gun_Metal_Black
f 3570/7159/3176 3594/7160/3177 3595/7161/3178 3571/7162/3176
f 3571/7163/3179 3595/7164/3179 3596/7165/3179 3572/7166/3179
f 3572/7167/3180 3596/7168/3181 3597/7169/3181 3573/7170/3180
f 3573/7171/3179 3597/7172/3179 3598/7173/3179 3574/7174/3179
f 3574/7175/3182 3598/7176/3183 3599/7177/3183 3575/7178/3182
f 3575/7179/3179 3599/7180/3179 3600/7181/3179 3576/7182/3179
f 3576/7183/3180 3600/7184/3181 3601/7185/3181 3577/7186/3180
f 3577/7187/3179 3601/7188/3179 3602/7189/3179 3578/7190/3179
f 3578/7191/3182 3602/7192/3183 3603/7193/3183 3579/7194/3182
f 3579/7195/3179 3603/7196/3179 3604/7197/3179 3580/7198/3179
f 3580/7199/3184 3604/7200/3185 3605/7201/3185 3581/7202/3184
f 3581/7203/3186 3605/7204/3187 3606/7205/3187 3582/7206/3186
f 3582/7207/3188 3606/7208/3189 3607/7209/3189 3583/7210/3188
f 3583/7211/3190 3607/7212/3190 3608/7213/3190 3584/7214/3190
f 3584/7215/3191 3608/7216/3192 3609/7217/3192 3585/7218/3191
f 3585/7219/3190 3609/7220/3190 3610/7221/3190 3586/7222/3190
f 3586/7223/3193 3610/7224/3194 3611/7225/3194 3587/7226/3193
f 3587/7227/3190 3611/7228/3190 3612/7229/3190 3588/7230/3190
f 3588/7231/3191 3612/7232/3192 3613/7233/3192 3589/7234/3191
f 3589/7235/3190 3613/7236/3190 3614/7237/3190 3590/7238/3190
f 3590/7239/3193 3614/7240/3194 3615/7241/3194 3591/7242/3193
f 3591/7243/3190 3615/7244/3190 3616/7245/3190 3592/7246/3190
f 3592/7247/3195 3616/7248/3196 3617/7249/3197 3593/7250/3195
f 3593/7251/3198 3617/7252/3199 3594/7253/3199 3570/7254/3198
f 3594/7160/3177 3618/7255/3200 3619/7256/3200 3595/7161/3178
f 3595/7164/3179 3619/7257/3179 3620/7258/3179 3596/7165/3179
f 3596/7168/3181 3620/7259/3201 3621/7260/3201 3597/7169/3181
f 3597/7172/3179 3621/7261/3179 3622/7262/3179 3598/7173/3179
f 3598/7176/3183 3622/7263/3202 3623/7264/3203 3599/7177/3183
f 3599/7180/3179 3623/7265/3179 3624/7266/3179 3600/7181/3179
f 3600/7184/3181 3624/7267/3201 3625/7268/3201 3601/7185/3181
f 3601/7188/3179 3625/7269/3179 3626/7270/3179 3602/7189/3179
f 3602/7192/3183 3626/7271/3203 3627/7272/3203 3603/7193/3183
f 3603/7196/3179 3627/7273/3179 3628/7274/3179 3604/7197/3179
f 3604/7200/3185 3628/7275/3204 3629/7276/3204 3605/7201/3185
f 3605/7204/3187 3629/7277/3205 3630/7278/3205 3606/7205/3187
f 3606/7208/3189 3630/7279/3206 3631/7280/3207 3607/7209/3189
f 3607/7212/3190 3631/7281/3190 3632/7282/3190 3608/7213/3190
f 3608/7216/3192 3632/7283/3208 3633/7284/3208 3609/7217/3192
f 3609/7220/3190 3633/7285/3190 3634/7286/3190 3610/7221/3190
f 3610/7224/3194 3634/7287/3209 3635/7288/3209 3611/7225/3194
f 3611/7228/3190 3635/7289/3190 3636/7290/3190 3612/7229/3190
f 3612/7232/3192 3636/7291/3208 3637/7292/3210 3613/7233/3192
f 3613/7236/3190 3637/7293/3190 3638/7294/3190 3614/7237/3190
f 3614/7240/3194 3638/7295/3209 3639/7296/3209 3615/7241/3194
f 3615/7244/3190 3639/7297/3190 3640/7298/3190 3616/7245/3190
f 3616/7248/3196 3640/7299/3211 3641/7300/3211 3617/7249/3197
f 3617/7252/3199 3641/7301/3212 3618/7302/3212 3594/7253/3199
f 3618/7255/3200 3642/7303/3213 3643/7304/3213 3619/7256/3200
f 3619/7257/3179 3643/7305/3179 3644/7306/3179 3620/7258/3179
f 3620/7259/3201 3644/7307/3214 3645/7308/3214 3621/7260/3201
f 3621/7261/3179 3645/7309/3179 3646/7310/3179 3622/7262/3179
f 3622/7263/3202 3646/7311/3215 3647/7312/3215 3623/7264/3203
f 3623/7265/3179 3647/7313/3179 3648/7314/3179 3624/7266/3179
f 3624/7267/3201 3648/7315/3214 3649/7316/3214 3625/7268/3201
f 3625/7269/3179 3649/7317/3179 3650/7318/3179 3626/7270/3179
f 3626/7271/3203 3650/7319/3215 3651/7320/3215 3627/7272/3203
f 3627/7273/3179 3651/7321/3179 3652/7322/3179 3628/7274/3179
f 3628/7275/3204 3652/7323/3216 3653/7324/3216 3629/7276/3204
f 3629/7277/3205 3653/7325/3217 3654/7326/3217 3630/7278/3205
f 3630/7279/3206 3654/7327/3218 3655/7328/3218 3631/7280/3207
f 3631/7281/3190 3655/7329/3190 3656/7330/3190 3632/7282/3190
f 3632/7283/3208 3656/7331/3219 3657/7332/3219 3633/7284/3208
f 3633/7285/3190 3657/7333/3190 3658/7334/3190 3634/7286/3190
f 3634/7287/3209 3658/7335/3220 3659/7336/3220 3635/7288/3209
f 3635/7289/3190 3659/7337/3190 3660/7338/3190 3636/7290/3190
f 3636/7291/3208 3660/7339/3219 3661/7340/3219 3637/7292/3210
f 3637/7293/3190 3661/7341/3190 3662/7342/3190 3638/7294/3190
f 3638/7295/3209 3662/7343/3220 3663/7344/3220 3639/7296/3209
f 3639/7297/3190 3663/7345/3190 3664/7346/3190 3640/7298/3190
f 3640/7299/3211 3664/7347/3221 3665/7348/3221 3641/7300/3211
f 3641/7301/3212 3665/7349/3222 3642/7350/3222 3618/7302/3212
f 3642/7303/3213 3666/7351/3223 3667/7352/3223 3643/7304/3213
f 3643/7305/3179 3667/7353/3179 3668/7354/3179 3644/7306/3179
f 3644/7307/3214 3668/7355/3224 3669/7356/3224 3645/7308/3214
f 3645/7309/3179 3669/7357/3179 3670/7358/3179 3646/7310/3179
f 3646/7311/3215 3670/7359/3225 3671/7360/3225 3647/7312/3215
f 3647/7313/3179 3671/7361/3179 3672/7362/3179 3648/7314/3179
f 3648/7315/3214 3672/7363/3224 3673/7364/3224 3649/7316/3214
f 3649/7317/3179 3673/7365/3179 3674/7366/3179 3650/7318/3179
f 3650/7319/3215 3674/7367/3225 3675/7368/3225 3651/7320/3215
f 3651/7321/3179 3675/7369/3179 3676/7370/3179 3652/7322/3179
f 3652/7323/3216 3676/7371/3226 3677/7372/3226 3653/7324/3216
f 3653/7325/3217 3677/7373/3227 3678/7374/3227 3654/7326/3217
f 3654/7327/3218 3678/7375/3228 3679/7376/3228 3655/7328/3218
f 3655/7329/3190 3679/7377/3190 3680/7378/3190 3656/7330/3190
f 3656/7331/3219 3680/7379/3229 3681/7380/3229 3657/7332/3219
f 3657/7333/3190 3681/7381/3190 3682/7382/3190 3658/7334/3190
f 3658/7335/3220 3682/7383/3230 3683/7384/3230 3659/7336/3220
f 3659/7337/3190 3683/7385/3190 3684/7386/3190 3660/7338/3190
f 3660/7339/3219 3684/7387/3229 3685/7388/3229 3661/7340/3219
f 3661/7341/3190 3685/7389/3190 3686/7390/3190 3662/7342/3190
f 3662/7343/3220 3686/7391/3230 3687/7392/3230 3663/7344/3220
f 3663/7345/3190 3687/7393/3190 3688/7394/3190 3664/7346/3190
f 3664/7347/3221 3688/7395/3231 3689/7396/3231 3665/7348/3221
f 3665/7349/3222 3689/7397/3232 3666/7398/3232 3642/7350/3222
f 3666/7351/3223 3690/7399/3233 3691/7400/3233 3667/7352/3223
f 3667/7353/3179 3691/7401/3179 3692/7402/3179 3668/7354/3179
f 3668/7355/3224 3692/7403/3234 3693/7404/3234 3669/7356/3224
f 3669/7357/3179 3693/7405/3179 3694/7406/3179 3670/7358/3179
f 3670/7359/3225 3694/7407/3235 3695/7408/3235 3671/7360/3225
f 3671/7361/3179 3695/7409/3179 3696/7410/3179 3672/7362/3179
f 3672/7363/3224 3696/7411/3234 3697/7412/3234 3673/7364/3224
f 3673/7365/3179 3697/7413/3179 3698/7414/3179 3674/7366/3179
f 3674/7367/3225 3698/7415/3235 3699/7416/3235 3675/7368/3225
f 3675/7369/3179 3699/7417/3179 3700/7418/3179 3676/7370/3179
f 3676/7419/3226 3700/7420/3236 3701/7421/3236 3677/7422/3226
f 3677/7373/3227 3701/7423/3237 3702/7424/3237 3678/7374/3227
f 3678/7375/3228 3702/7425/3238 3703/7426/3238 3679/7376/3228
f 3679/7377/3190 3703/7427/3190 3704/7428/3190 3680/7378/3190
f 3680/7379/3229 3704/7429/3239 3705/7430/3239 3681/7380/3229
f 3681/7381/3190 3705/7431/3190 3706/7432/3190 3682/7382/3190
f 3682/7383/3230 3706/7433/3240 3707/7434/3240 3683/7384/3230
f 3683/7385/3190 3707/7435/3190 3708/7436/3190 3684/7386/3190
f 3684/7387/3229 3708/7437/3239 3709/7438/3239 3685/7388/3229
f 3685/7389/3190 3709/7439/3190 3710/7440/3190 3686/7390/3190
f 3686/7391/3230 3710/7441/3240 3711/7442/3240 3687/7392/3230
f 3687/7393/3190 3711/7443/3190 3712/7444/3190 3688/7394/3190
f 3688/7445/3231 3712/7446/3241 3713/7447/3241 3689/7448/3231
f 3689/7397/3232 3713/7449/3242 3690/7450/3242 3666/7398/3232
f 3690/7399/3233 3714/7451/3243 3715/7452/3243 3691/7400/3233
f 3691/7401/3179 3715/7453/3179 3716/7454/3179 3692/7402/3179
f 3692/7403/3234 3716/7455/3244 3717/7456/3244 3693/7404/3234
f 3693/7405/3179 3717/7457/3179 3718/7458/3179 3694/7406/3179
f 3694/7407/3235 3718/7459/3245 3719/7460/3245 3695/7408/3235
f 3695/7409/3179 3719/7461/3179 3720/7462/3179 3696/7410/3179
f 3696/7411/3234 3720/7463/3244 3721/7464/3244 3697/7412/3234
f 3697/7413/3179 3721/7465/3179 3722/7466/3179 3698/7414/3179
f 3698/7415/3235 3722/7467/3245 3723/7468/3245 3699/7416/3235
f 3699/7417/3179 3723/7469/3179 3724/7470/3179 3700/7418/3179
f 3700/7420/3236 3724/7471/3246 3725/7472/3246 3701/7421/3236
f 3701/7423/3237 3725/7473/3247 3726/7474/3247 3702/7424/3237
f 3702/7425/3238 3726/7475/3248 3727/7476/3248 3703/7426/3238
f 3703/7427/3190 3727/7477/3190 3728/7478/3190 3704/7428/3190
f 3704/7429/3239 3728/7479/3249 3729/7480/3249 3705/7430/3239
f 3705/7431/3190 3729/7481/3190 3730/7482/3190 3706/7432/3190
f 3706/7433/3240 3730/7483/3250 3731/7484/3250 3707/7434/3240
f 3707/7435/3190 3731/7485/3190 3732/7486/3190 3708/7436/3190
f 3708/7437/3239 3732/7487/3249 3733/7488/3249 3709/7438/3239
f 3709/7439/3190 3733/7489/3190 3734/7490/3190 3710/7440/3190
f 3710/7441/3240 3734/7491/3250 3735/7492/3250 3711/7442/3240
f 3711/7443/3190 3735/7493/3190 3736/7494/3190 3712/7444/3190
f 3712/7446/3241 3736/7495/3251 3737/7496/3251 3713/7447/3241
f 3713/7449/3242 3737/7497/3252 3714/7498/3252 3690/7450/3242
f 3714/7451/3243 3738/7499/3253 3739/7500/3253 3715/7452/3243
f 3715/7453/3179 3739/7501/3179 3740/7502/3179 3716/7454/3179
f 3716/7455/3244 3740/7503/3254 3741/7504/3254 3717/7456/3244
f 3717/7457/3179 3741/7505/3179 3742/7506/3179 3718/7458/3179
f 3718/7459/3245 3742/7507/3255 3743/7508/3255 3719/7460/3245
f 3719/7461/3179 3743/7509/3179 3744/7510/3179 3720/7462/3179
f 3720/7463/3244 3744/7511/3256 3745/7512/3256 3721/7464/3244
f 3721/7465/3179 3745/7513/3179 3746/7514/3179 3722/7466/3179
f 3722/7467/3245 3746/7515/3257 3747/7516/3257 3723/7468/3245
f 3723/7469/3179 3747/7517/3179 3748/7518/3179 3724/7470/3179
f 3724/7471/3246 3748/7519/3258 3749/7520/3258 3725/7472/3246
f 3725/7473/3247 3749/7521/3259 3750/7522/3259 3726/7474/3247
f 3726/7475/3248 3750/7523/3260 3751/7524/3260 3727/7476/3248
f 3727/7477/3190 3751/7525/3190 3752/7526/3190 3728/7478/3190
f 3728/7479/3249 3752/7527/3261 3753/7528/3261 3729/7480/3249
f 3729/7481/3190 3753/7529/3190 3754/7530/3190 3730/7482/3190
f 3730/7483/3250 3754/7531/3262 3755/7532/3262 3731/7484/3250
f 3731/7485/3190 3755/7533/3190 3756/7534/3190 3732/7486/3190
f 3732/7487/3249 3756/7535/3263 3757/7536/3263 3733/7488/3249
f 3733/7489/3190 3757/7537/3190 3758/7538/3190 3734/7490/3190
f 3734/7491/3250 3758/7539/3264 3759/7540/3264 3735/7492/3250
f 3735/7493/3190 3759/7541/3190 3760/7542/3190 3736/7494/3190
f 3736/7495/3251 3760/7543/3265 3761/7544/3265 3737/7496/3251
f 3737/7497/3252 3761/7545/3266 3738/7546/3266 3714/7498/3252
f 3738/7499/3253 3762/7547/3267 3763/7548/3267 3739/7500/3253
f 3739/7501/3179 3763/7549/3179 3764/7550/3179 3740/7502/3179
f 3740/7503/3254 3764/7551/3268 3765/7552/3268 3741/7504/3254
f 3741/7505/3179 3765/7553/3179 3766/7554/3179 3742/7506/3179
f 3742/7507/3255 3766/7555/3269 3767/7556/3269 3743/7508/3255
f 3743/7509/3179 3767/7557/3179 3768/7558/3179 3744/7510/3179
f 3744/7511/3256 3768/7559/3268 3769/7560/3268 3745/7512/3256
f 3745/7513/3179 3769/7561/3179 3770/7562/3179 3746/7514/3179
f 3746/7515/3257 3770/7563/3269 3771/7564/3269 3747/7516/3257
f 3747/7517/3179 3771/7565/3179 3772/7566/3179 3748/7518/3179
f 3748/7519/3258 3772/7567/3270 3773/7568/3270 3749/7520/3258
f 3749/7521/3259 3773/7569/3271 3774/7570/3271 3750/7522/3259
f 3750/7523/3260 3774/7571/3272 3775/7572/3272 3751/7524/3260
f 3751/7525/3190 3775/7573/3190 3776/7574/3190 3752/7526/3190
f 3752/7527/3261 3776/7575/3273 3777/7576/3273 3753/7528/3261
f 3753/7529/3190 3777/7577/3190 3778/7578/3190 3754/7530/3190
f 3754/7531/3262 3778/7579/3274 3779/7580/3274 3755/7532/3262
f 3755/7533/3190 3779/7581/3190 3780/7582/3190 3756/7534/3190
f 3756/7535/3263 3780/7583/3273 3781/7584/3273 3757/7536/3263
f 3757/7537/3190 3781/7585/3190 3782/7586/3190 3758/7538/3190
f 3758/7539/3264 3782/7587/3274 3783/7588/3274 3759/7540/3264
f 3759/7541/3190 3783/7589/3190 3784/7590/3190 3760/7542/3190
f 3760/7543/3265 3784/7591/3275 3785/7592/3275 3761/7544/3265
f 3761/7545/3266 3785/7593/3276 3762/7594/3276 3738/7546/3266
f 3762/7547/3267 3786/7595/3277 3787/7596/3277 3763/7548/3267
f 3763/7549/3179 3787/7597/3179 3788/7598/3179 3764/7550/3179
f 3764/7551/3268 3788/7599/3278 3789/7600/3278 3765/7552/3268
f 3765/7553/3179 3789/7601/3179 3790/7602/3179 3766/7554/3179
f 3766/7555/3269 3790/7603/3279 3791/7604/3279 3767/7556/3269
f 3767/7557/3179 3791/7605/3179 3792/7606/3179 3768/7558/3179
f 3768/7559/3268 3792/7607/3278 3793/7608/3278 3769/7560/3268
f 3769/7561/3179 3793/7609/3179 3794/7610/3179 3770/7562/3179
f 3770/7563/3269 3794/7611/3279 3795/7612/3279 3771/7564/3269
f 3771/7565/3179 3795/7613/3179 3796/7614/3179 3772/7566/3179
f 3772/7567/3270 3796/7615/3280 3797/7616/3280 3773/7568/3270
f 3773/7569/3271 3797/7617/3281 3798/7618/3281 3774/7570/3271
f 3774/7571/3272 3798/7619/3282 3799/7620/3282 3775/7572/3272
f 3775/7573/3190 3799/7621/3190 3800/7622/3190 3776/7574/3190
f 3776/7575/3273 3800/7623/3283 3801/7624/3283 3777/7576/3273
f 3777/7577/3190 3801/7625/3190 3802/7626/3190 3778/7578/3190
f 3778/7579/3274 3802/7627/3284 3803/7628/3284 3779/7580/3274
f 3779/7581/3190 3803/7629/3190 3804/7630/3190 3780/7582/3190
f 3780/7583/3273 3804/7631/3283 3805/7632/3283 3781/7584/3273
f 3781/7585/3190 3805/7633/3190 3806/7634/3190 3782/7586/3190
f 3782/7587/3274 3806/7635/3284 3807/7636/3284 3783/7588/3274
f 3783/7589/3190 3807/7637/3190 3808/7638/3190 3784/7590/3190
f 3784/7591/3275 3808/7639/3285 3809/7640/3285 3785/7592/3275
f 3785/7593/3276 3809/7641/3286 3786/7642/3286 3762/7594/3276
f 3786/7595/3277 3810/7643/3287 3811/7644/3287 3787/7596/3277
f 3787/7597/3179 3811/7645/3179 3812/7646/3179 3788/7598/3179
f 3788/7599/3278 3812/7647/3288 3813/7648/3288 3789/7600/3278
f 3789/7601/3179 3813/7649/3179 3814/7650/3179 3790/7602/3179
f 3790/7603/3279 3814/7651/3289 3815/7652/3289 3791/7604/3279
f 3791/7605/3179 3815/7653/3179 3816/7654/3179 3792/7606/3179
f 3792/7607/3278 3816/7655/3288 3817/7656/3288 3793/7608/3278
f 3793/7609/3179 3817/7657/3179 3818/7658/3179 3794/7610/3179
f 3794/7611/3279 3818/7659/3289 3819/7660/3289 3795/7612/3279
f 3795/7613/3179 3819/7661/3179 3820/7662/3179 3796/7614/3179
f 3796/7615/3280 3820/7663/3290 3821/7664/3290 3797/7616/3280
f 3797/7617/3281 3821/7665/3291 3822/7666/3291 3798/7618/3281
f 3798/7619/3282 3822/7667/3292 3823/7668/3292 3799/7620/3282
f 3799/7621/3190 3823/7669/3190 3824/7670/3190 3800/7622/3190
f 3800/7623/3283 3824/7671/3293 3825/7672/3293 3801/7624/3283
f 3801/7625/3190 3825/7673/3190 3826/7674/3190 3802/7626/3190
f 3802/7627/3284 3826/7675/3294 3827/7676/3294 3803/7628/3284
f 3803/7629/3190 3827/7677/3190 3828/7678/3190 3804/7630/3190
f 3804/7631/3283 3828/7679/3293 3829/7680/3293 3805/7632/3283
f 3805/7633/3190 3829/7681/3190 3830/7682/3190 3806/7634/3190
f 3806/7635/3284 3830/7683/3294 3831/7684/3294 3807/7636/3284
f 3807/7637/3190 3831/7685/3190 3832/7686/3190 3808/7638/3190
f 3808/7639/3285 3832/7687/3295 3833/7688/3295 3809/7640/3285
f 3809/7641/3286 3833/7689/3296 3810/7690/3296 3786/7642/3286
f 3810/7643/3287 3834/7691/3297 3835/7692/3297 3811/7644/3287
f 3811/7645/3179 3835/7693/3179 3836/7694/3179 3812/7646/3179
f 3812/7647/3288 3836/7695/3298 3837/7696/3298 3813/7648/3288
f 3813/7649/3179 3837/7697/3179 3838/7698/3179 3814/7650/3179
f 3814/7651/3289 3838/7699/3299 3839/7700/3299 3815/7652/3289
f 3815/7653/3179 3839/7701/3179 3840/7702/3179 3816/7654/3179
f 3816/7655/3288 3840/7703/3298 3841/7704/3298 3817/7656/3288
f 3817/7657/3179 3841/7705/3179 3842/7706/3179 3818/7658/3179
f 3818/7659/3289 3842/7707/3299 3843/7708/3299 3819/7660/3289
f 3819/7661/3179 3843/7709/3179 3844/7710/3179 3820/7662/3179
f 3820/7663/3290 3844/7711/3300 3845/7712/3300 3821/7664/3290
f 3821/7665/3291 3845/7713/3301 3846/7714/3301 3822/7666/3291
f 3822/7667/3292 3846/7715/3302 3847/7716/3302 3823/7668/3292
f 3823/7669/3190 3847/7717/3190 3848/7718/3190 3824/7670/3190
f 3824/7671/3293 3848/7719/3303 3849/7720/3303 3825/7672/3293
f 3825/7673/3190 3849/7721/3190 3850/7722/3190 3826/7674/3190
f 3826/7675/3294 3850/7723/3304 3851/7724/3304 3827/7676/3294
f 3827/7677/3190 3851/7725/3190 3852/7726/3190 3828/7678/3190
f 3828/7679/3293 3852/7727/3303 3853/7728/3303 3829/7680/3293
f 3829/7681/3190 3853/7729/3190 3854/7730/3190 3830/7682/3190
f 3830/7683/3294 3854/7731/3304 3855/7732/3304 3831/7684/3294
f 3831/7685/3190 3855/7733/3190 3856/7734/3190 3832/7686/3190
f 3832/7687/3295 3856/7735/3305 3857/7736/3305 3833/7688/3295
f 3833/7689/3296 3857/7737/3306 3834/7738/3306 3810/7690/3296
f 3834/7691/3297 3858/7739/3307 3859/7740/3307 3835/7692/3297
f 3835/7693/3179 3859/7741/3179 3860/7742/3179 3836/7694/3179
f 3836/7695/3298 3860/7743/3308 3861/7744/3309 3837/7696/3298
f 3837/7697/3179 3861/7745/3179 3862/7746/3179 3838/7698/3179
f 3838/7699/3299 3862/7747/3310 3863/7748/3310 3839/7700/3299
f 3839/7701/3179 3863/7749/3179 3864/7750/3179 3840/7702/3179
f 3840/7703/3298 3864/7751/3308 3865/7752/3308 3841/7704/3298
f 3841/7705/3179 3865/7753/3179 3866/7754/3179 3842/7706/3179
f 3842/7707/3299 3866/7755/3310 3867/7756/3310 3843/7708/3299
f 3843/7709/3179 3867/7757/3179 3868/7758/3179 3844/7710/3179
f 3844/7711/3300 3868/7759/3311 3869/7760/3312 3845/7712/3300
f 3845/7713/3301 3869/7761/3313 3870/7762/3313 3846/7714/3301
f 3846/7715/3302 3870/7763/3314 3871/7764/3315 3847/7716/3302
f 3847/7717/3190 3871/7765/3190 3872/7766/3190 3848/7718/3190
f 3848/7719/3303 3872/7767/3316 3873/7768/3317 3849/7720/3303
f 3849/7721/3190 3873/7769/3190 3874/7770/3190 3850/7722/3190
f 3850/7723/3304 3874/7771/3318 3875/7772/3318 3851/7724/3304
f 3851/7725/3190 3875/7773/3190 3876/7774/3190 3852/7726/3190
f 3852/7727/3303 3876/7775/3319 3877/7776/3319 3853/7728/3303
f 3853/7729/3190 3877/7777/3190 3878/7778/3190 3854/7730/3190
f 3854/7731/3304 3878/7779/3320 3879/7780/3318 3855/7732/3304
f 3855/7733/3190 3879/7781/3190 3880/7782/3190 3856/7734/3190
f 3856/7735/3305 3880/7783/3321 3881/7784/3321 3857/7736/3305
f 3857/7737/3306 3881/7785/3322 3858/7786/3322 3834/7738/3306
f 3858/7739/3307 3882/7787/3323 3883/7788/3323 3859/7740/3307
f 3859/7741/3179 3883/7789/3179 3884/7790/3179 3860/7742/3179
f 3860/7743/3308 3884/7791/3324 3885/7792/3324 3861/7744/3309
f 3861/7745/3179 3885/7793/3179 3886/7794/3179 3862/7746/3179
f 3862/7747/3310 3886/7795/3325 3887/7796/3325 3863/7748/3310
f 3863/7749/3179 3887/7797/3179 3888/7798/3179 3864/7750/3179
f 3864/7751/3308 3888/7799/3326 3889/7800/3324 3865/7752/3308
f 3865/7753/3179 3889/7801/3179 3890/7802/3179 3866/7754/3179
f 3866/7755/3310 3890/7803/3327 3891/7804/3325 3867/7756/3310
f 3867/7757/3179 3891/7805/3179 3892/7806/3179 3868/7758/3179
f 3868/7759/3311 3892/7807/3328 3893/7808/3328 3869/7760/3312
f 3869/7761/3313 3893/7809/3329 3894/7810/3329 3870/7762/3313
f 3870/7763/3314 3894/7811/3330 3895/7812/3330 3871/7764/3315
f 3871/7765/3190 3895/7813/3190 3896/7814/3190 3872/7766/3190
f 3872/7767/3316 3896/7815/3331 3897/7816/3332 3873/7768/3317
f 3873/7769/3190 3897/7817/3190 3898/7818/3190 3874/7770/3190
f 3874/7771/3318 3898/7819/3333 3899/7820/3334 3875/7772/3318
f 3875/7773/3190 3899/7821/3190 3900/7822/3190 3876/7774/3190
f 3876/7775/3319 3900/7823/3331 3901/7824/3332 3877/7776/3319
f 3877/7777/3190 3901/7825/3190 3902/7826/3190 3878/7778/3190
f 3878/7779/3320 3902/7827/3333 3903/7828/3333 3879/7780/3318
f 3879/7781/3190 3903/7829/3190 3904/7830/3190 3880/7782/3190
f 3880/7783/3321 3904/7831/3335 3905/7832/3335 3881/7784/3321
f 3881/7785/3322 3905/7833/3336 3882/7834/3336 3858/7786/3322
f 3882/7787/3323 3906/7835/3337 3907/7836/3337 3883/7788/3323
f 3883/7789/3179 3907/7837/3179 3908/7838/3179 3884/7790/3179
f 3884/7791/3324 3908/7839/3338 3909/7840/3338 3885/7792/3324
f 3885/7793/3179 3909/7841/3179 3910/7842/3179 3886/7794/3179
f 3886/7795/3325 3910/7843/3339 3911/7844/3339 3887/7796/3325
f 3887/7797/3179 3911/7845/3179 3912/7846/3179 3888/7798/3179
f 3888/7799/3326 3912/7847/3338 3913/7848/3338 3889/7800/3324
f 3889/7801/3179 3913/7849/3179 3914/7850/3179 3890/7802/3179
f 3890/7803/3327 3914/7851/3339 3915/7852/3339 3891/7804/3325
f 3891/7805/3179 3915/7853/3179 3916/7854/3179 3892/7806/3179
f 3892/7807/3328 3916/7855/3340 3917/7856/3340 3893/7808/3328
f 3893/7809/3329 3917/7857/3341 3918/7858/3341 3894/7810/3329
f 3894/7811/3330 3918/7859/3342 3919/7860/3342 3895/7812/3330
f 3895/7813/3190 3919/7861/3190 3920/7862/3190 3896/7814/3190
f 3896/7815/3331 3920/7863/3343 3921/7864/3343 3897/7816/3332
f 3897/7817/3190 3921/7865/3190 3922/7866/3190 3898/7818/3190
f 3898/7819/3333 3922/7867/3344 3923/7868/3344 3899/7820/3334
f 3899/7821/3190 3923/7869/3190 3924/7870/3190 3900/7822/3190
f 3900/7823/3331 3924/7871/3343 3925/7872/3343 3901/7824/3332
f 3901/7825/3190 3925/7873/3190 3926/7874/3190 3902/7826/3190
f 3902/7827/3333 3926/7875/3344 3927/7876/3344 3903/7828/3333
f 3903/7829/3190 3927/7877/3190 3928/7878/3190 3904/7830/3190
f 3904/7831/3335 3928/7879/3345 3929/7880/3345 3905/7832/3335
f 3905/7833/3336 3929/7881/3346 3906/7882/3346 3882/7834/3336
f 3906/7883/3347 3930/7884/3347 3931/7885/3347 3907/7886/3347
f 3907/7886/3347 3931/7885/3347 3932/7887/3347 3908/7888/3347
f 3908/7888/3347 3932/7887/3347 3933/7889/3347 3909/7890/3347
f 3909/7890/3347 3933/7889/3347 3934/7891/3347 3910/7892/3347
f 3910/7892/3347 3934/7891/3347 3935/7893/3347 3911/7894/3347
f 3911/7894/3347 3935/7893/3347 3936/7895/3347 3912/7896/3347
f 3912/7896/3347 3936/7895/3347 3937/7897/3347 3913/7898/3347
f 3913/7898/3347 3937/7897/3347 3938/7899/3347 3914/7900/3347
f 3914/7900/3347 3938/7899/3347 3939/7901/3347 3915/7902/3347
f 3915/7902/3347 3939/7901/3347 3940/7903/3347 3916/7904/3347
f 3916/7904/3347 3940/7903/3347 3941/7905/3347 3917/7906/3347
f 3917/7906/3347 3941/7905/3347 3942/7907/3347 3918/7908/3347
f 3918/7908/3347 3942/7907/3347 3943/7909/3347 3919/7910/3347
f 3919/7910/3347 3943/7909/3347 3944/7911/3347 3920/7912/3347
f 3920/7912/3347 3944/7911/3347 3945/7913/3347 3921/7914/3347
f 3921/7914/3347 3945/7913/3347 3946/7915/3347 3922/7916/3347
f 3922/7916/3347 3946/7915/3347 3947/7917/3347 3923/7918/3347
f 3923/7918/3347 3947/7917/3347 3948/7919/3347 3924/7920/3347
f 3924/7920/3347 3948/7919/3347 3949/7921/3347 3925/7922/3347
f 3925/7922/3347 3949/7921/3347 3950/7923/3347 3926/7924/3347
f 3926/7924/3347 3950/7923/3347 3951/7925/3347 3927/7926/3347
f 3927/7926/3347 3951/7925/3347 3952/7927/3347 3928/7928/3347
f 3928/7928/3347 3952/7927/3347 3953/7929/3347 3929/7930/3347
f 3929/7930/3347 3953/7929/3347 3930/7884/3347 3906/7883/3347
f 3930/7931/3348 3954/7932/3348 3955/7933/3348 3931/7934/3348
f 3931/7935/3179 3955/7936/3179 3956/7937/3179 3932/7938/3179
f 3932/7938/3179 3956/7937/3179 3957/7939/3179 3933/7940/3179
f 3933/7940/3179 3957/7939/3179 3958/7941/3179 3934/7942/3179
f 3934/7942/3179 3958/7941/3179 3959/7943/3179 3935/7944/3179
f 3935/7944/3179 3959/7943/3179 3960/7945/3179 3936/7946/3179
f 3936/7946/3179 3960/7945/3179 3961/7947/3179 3937/7948/3179
f 3937/7948/3179 3961/7947/3179 3962/7949/3179 3938/7950/3179
f 3938/7950/3179 3962/7949/3179 3963/7951/3179 3939/7952/3179
f 3939/7952/3179 3963/7951/3179 3964/7953/3179 3940/7954/3179
f 3940/7955/3349 3964/7956/3349 3965/7957/3349 3941/7958/3349
f 3941/7959/3350 3965/7960/3350 3966/7961/3350 3942/7962/3350
f 3942/7963/3351 3966/7964/3351 3967/7965/3351 3943/7966/3351
f 3943/7967/3190 3967/7968/3190 3968/7969/3190 3944/7970/3190
f 3944/7970/3190 3968/7969/3190 3969/7971/3190 3945/7972/3190
f 3945/7972/3190 3969/7971/3190 3970/7973/3190 3946/7974/3190
f 3946/7974/3190 3970/7973/3190 3971/7975/3190 3947/7976/3190
f 3947/7976/3190 3971/7975/3190 3972/7977/3190 3948/7978/3190
f 3948/7978/3190 3972/7977/3190 3973/7979/3190 3949/7980/3190
f 3949/7980/3190 3973/7979/3190 3974/7981/3190 3950/7982/3190
f 3950/7982/3190 3974/7981/3190 3975/7983/3190 3951/7984/3190
f 3951/7984/3190 3975/7983/3190 3976/7985/3190 3952/7986/3190
f 3952/7987/3352 3976/7988/3352 3977/7989/3352 3953/7990/3352
f 3953/7991/3353 3977/7992/3353 3954/7993/3353 3930/7994/3353
f 3954/7932/3348 3978/7995/3348 3979/7996/3348 3955/7933/3348
f 3955/7936/3179 3979/7997/3179 3980/7998/3179 3956/7937/3179
f 3956/7937/3179 3980/7998/3179 3981/7999/3179 3957/7939/3179
f 3957/7939/3179 3981/7999/3179 3982/8000/3179 3958/7941/3179
f 3958/7941/3179 3982/8000/3179 3983/8001/3179 3959/7943/3179
f 3959/7943/3179 3983/8001/3179 3984/8002/3179 3960/7945/3179
f 3960/7945/3179 3984/8002/3179 3985/8003/3179 3961/7947/3179
f 3961/7947/3179 3985/8003/3179 3986/8004/3179 3962/7949/3179
f 3962/7949/3179 3986/8004/3179 3987/8005/3179 3963/7951/3179
f 3963/7951/3179 3987/8005/3179 3988/8006/3179 3964/7953/3179
f 3964/7956/3349 3988/8007/3349 3989/8008/3349 3965/7957/3349
f 3965/7960/3350 3989/8009/3350 3990/8010/3350 3966/7961/3350
f 3966/7964/3351 3990/8011/3351 3991/8012/3351 3967/7965/3351
f 3967/7968/3190 3991/8013/3190 3992/8014/3190 3968/7969/3190
f 3968/7969/3190 3992/8014/3190 3993/8015/3190 3969/7971/3190
f 3969/7971/3190 3993/8015/3190 3994/8016/3190 3970/7973/3190
f 3970/7973/3190 3994/8016/3190 3995/8017/3190 3971/7975/3190
f 3971/7975/3190 3995/8017/3190 3996/8018/3190 3972/7977/3190
f 3972/7977/3190 3996/8018/3190 3997/8019/3190 3973/7979/3190
f 3973/7979/3190 3997/8019/3190 3998/8020/3190 3974/7981/3190
f 3974/7981/3190 3998/8020/3190 3999/8021/3190 3975/7983/3190
f 3975/7983/3190 3999/8021/3190 4000/8022/3190 3976/7985/3190
f 3976/7988/3352 4000/8023/3352 4001/8024/3352 3977/7989/3352
f 3977/7992/3353 4001/8025/3353 3978/8026/3353 3954/7993/3353
f 3978/8027/3354 4002/8028/3354 4003/8029/3354 3979/8030/3354
f 3979/8031/3355 4003/8032/3355 4004/8033/3355 3980/8034/3355
f 3980/8034/3355 4004/8033/3355 4005/8035/3355 3981/8036/3355
f 3981/8036/3355 4005/8035/3355 4006/8037/3356 3982/8038/3356
f 3982/8038/3356 4006/8037/3356 4007/8039/3356 3983/8040/3356
f 3983/8040/3356 4007/8039/3356 4008/8041/3356 3984/8042/3356
f 3984/8042/3356 4008/8041/3356 4009/8043/3356 3985/8044/3356
f 3985/8044/3356 4009/8043/3356 4010/8045/3355 3986/8046/3355
f 3986/8046/3355 4010/8045/3355 4011/8047/3355 3987/8048/3355
f 3987/8048/3355 4011/8047/3355 4012/8049/3355 3988/8050/3355
f 3988/8051/3357 4012/8052/3357 4013/8053/3357 3989/8054/3357
f 3989/8055/3358 4013/8056/3358 4014/8057/3358 3990/8058/3358
f 3990/8059/3359 4014/8060/3359 4015/8061/3359 3991/8062/3359
f 3991/8063/3360 4015/8064/3360 4016/8065/3361 3992/8066/3361
f 3992/8066/3361 4016/8065/3361 4017/8067/3361 3993/8068/3361
f 3993/8068/3361 4017/8067/3361 4018/8069/3361 3994/8070/3361
f 3994/8070/3361 4018/8069/3361 4019/8071/3361 3995/8072/3361
f 3995/8072/3361 4019/8071/3361 4020/8073/3361 3996/8074/3361
f 3996/8074/3361 4020/8073/3361 4021/8075/3361 3997/8076/3361
f 3997/8076/3361 4021/8075/3361 4022/8077/3360 3998/8078/3360
f 3998/8078/3360 4022/8077/3360 4023/8079/3360 3999/8080/3360
f 3999/8080/3360 4023/8079/3360 4024/8081/3360 4000/8082/3360
f 4000/8083/3362 4024/8084/3362 4025/8085/3362 4001/8086/3362
f 4001/8087/3363 4025/8088/3363 4002/8089/3363 3978/8090/3363
f 3570/8091/3364 3571/8092/3364 3572/8093/3364 3573/8094/3364 3574/8095/3364 3575/8096/3364 3576/8097/3364 3577/8098/3364 3578/8099/3364 3579/8100/3364 3580/8101/3364 3581/8102/3364 3582/8103/3364 3583/8104/3364 3584/8105/3364 3585/8106/3364 3586/8107/3364 3587/8108/3364 3588/8109/3364 3589/8110/3364 3590/8111/3364 3591/8112/3364 3592/8113/3364 3593/8114/3364
f 4002/8115/3365 4025/8116/3365 4024/8117/3365 4023/8118/3365 4022/8119/3365 4021/8120/3365 4020/8121/3365 4019/8122/3365 4018/8123/3365 4017/8124/3365 4016/8125/3365 4015/8126/3365 4014/8127/3365 4013/8128/3365 4012/8129/3365 4011/8130/3365 4010/8131/3365 4009/8132/3365 4008/8133/3365 4007/8134/3365 4006/8135/3365 4005/8136/3365 4004/8137/3365 4003/8138/3365
f 4026/8139/3366 4027/8140/3367 4039/8141/3367 4038/8142/3366
f 4027/8143/3367 4028/8144/3368 4040/8145/3368 4039/8146/3367
f 4028/8147/3369 4029/8148/3370 4041/8149/3370 4040/8150/3369
f 4029/8151/3370 4030/8152/3371 4042/8153/3371 4041/8154/3370
f 4030/8152/3372 4031/8155/3372 4043/8156/3372 4042/8153/3372
f 4031/8157/3373 4032/8158/3374 4044/8159/3374 4043/8160/3373
f 4032/8161/3374 4033/8162/3375 4045/8163/3375 4044/8164/3374
f 4033/8165/3376 4034/8166/3377 4046/8167/3377 4045/8168/3376
f 4034/8169/3377 4035/8170/3378 4047/8171/3378 4046/8172/3377
f 4035/8173/3378 4036/8174/3379 4048/8175/3379 4047/8176/3378
f 4036/8174/3380 4037/8177/3381 4049/8178/3381 4048/8175/3380
f 4037/8179/3381 4026/8180/3382 4038/8181/3382 4049/8182/3381
f 4038/8183/3383 4039/8184/3384 4051/8185/3385 4050/8186/3386
f 4039/8184/3384 4040/8187/3387 4052/8188/3388 4051/8185/3385
f 4040/8187/3387 4041/8189/3389 4053/8190/3390 4052/8188/3388
f 4041/8189/3389 4042/8191/3391 4054/8192/3392 4053/8190/3390
f 4042/8191/3391 4043/8193/3393 4055/8194/3394 4054/8192/3392
f 4043/8193/3393 4044/8195/3395 4056/8196/3396 4055/8194/3394
f 4044/8195/3395 4045/8197/3397 4057/8198/3398 4056/8196/3396
f 4045/8197/3397 4046/8199/3399 4058/8200/3400 4057/8198/3398
f 4046/8199/3399 4047/8201/3401 4059/8202/3402 4058/8200/3400
f 4047/8201/3401 4048/8203/3403 4060/8204/3404 4059/8202/3402
f 4048/8203/3403 4049/8205/3405 4061/8206/3406 4060/8204/3404
f 4049/8205/3405 4038/8183/3383 4050/8186/3386 4061/8206/3406
f 4050/8186/3386 4051/8185/3385 4063/8207/3365 4062/8208/3365
f 4051/8185/3385 4052/8188/3388 4064/8209/3365 4063/8207/3365
f 4052/8188/3388 4053/8190/3390 4065/8210/3365 4064/8209/3365
f 4053/8190/3390 4054/8192/3392 4066/8211/3365 4065/8210/3365
f 4054/8192/3392 4055/8194/3394 4067/8212/3365 4066/8211/3365
f 4055/8194/3394 4056/8196/3396 4068/8213/3365 4067/8212/3365
f 4056/8196/3396 4057/8198/3398 4069/8214/3365 4068/8213/3365
f 4057/8198/3398 4058/8200/3400 4070/8215/3365 4069/8214/3365
f 4058/8200/3400 4059/8202/3402 4071/8216/3365 4070/8215/3365
f 4059/8202/3402 4060/8204/3404 4072/8217/3365 4071/8216/3365
f 4060/8204/3404 4061/8206/3406 4073/8218/3365 4072/8217/3365
f 4061/8206/3406 4050/8186/3386 4062/8208/3365 4073/8218/3365
f 4062/8219/3375 4063/8220/3407 4075/8221/3407 4074/8222/3375
f 4063/8220/3407 4064/8223/3377 4076/8224/3377 4075/8221/3407
f 4064/8225/3377 4065/8226/3408 4077/8227/3408 4076/8228/3377
f 4065/8229/3379 4066/8230/3379 4078/8231/3379 4077/8232/3379
f 4066/8230/3380 4067/8233/3380 4079/8234/3380 4078/8231/3380
f 4067/8235/3382 4068/8236/3409 4080/8237/3409 4079/8238/3382
f 4068/8239/3409 4069/8240/3366 4081/8241/3366 4080/8242/3409
f 4069/8240/3368 4070/8243/3410 4082/8244/3410 4081/8241/3368
f 4070/8245/3410 4071/8246/3370 4083/8247/3370 4082/8248/3410
f 4071/8249/3370 4072/8250/3371 4084/8251/3371 4083/8252/3370
f 4072/8250/3372 4073/8253/3411 4085/8254/3411 4084/8251/3372
f 4073/8255/3411 4062/8256/3373 4074/8257/3373 4085/8258/3411
f 4026/8259/3347 4037/8260/3347 4036/8261/3347 4035/8262/3347 4034/8263/3347 4033/8264/3347 4032/8265/3347 4031/8266/3347 4030/8267/3347 4029/8268/3347 4028/8269/3347 4027/8270/3347
f 4074/8271/3365 4075/8272/3365 4076/8273/3365 4077/8274/3365 4078/8275/3365 4079/8276/3365 4080/8277/3365 4081/8278/3365 4082/8279/3365 4083/8280/3365 4084/8281/3365 4085/8282/3365
o Muzzle_Device_low
v 0.470000 0.045000 -0.011693
v 0.470800 0.045000 -0.012484
v 0.470234 0.045000 -0.012256
v 0.520000 0.045000 -0.010693
v 0.519200 0.045000 -0.011516
v 0.519766 0.045000 -0.011266
v 0.470000 0.041974 -0.011295
v 0.470800 0.041769 -0.012059
v 0.470234 0.041828 -0.011838
v 0.520000 0.042232 -0.010329
v 0.519200 0.042019 -0.011124
v 0.519766 0.042084 -0.010882
v 0.470000 0.039153 -0.010127
v 0.470800 0.038758 -0.010811
v 0.470234 0.038872 -0.010614
v 0.520000 0.039653 -0.009260
v 0.519200 0.039242 -0.009973
v 0.519766 0.039367 -0.009756
v 0.470000 0.036732 -0.008268
v 0.470800 0.036172 -0.008828
v 0.470234 0.036334 -0.008666
v 0.520000 0.037439 -0.007561
v 0.519200 0.036857 -0.008143
v 0.519766 0.037034 -0.007966
v 0.470000 0.034873 -0.005847
v 0.470800 0.034189 -0.006242
v 0.470234 0.034386 -0.006128
v 0.520000 0.035740 -0.005347
v 0.519200 0.035027 -0.005758
v 0.519766 0.035244 -0.005633
v 0.470000 0.033705 -0.003026
v 0.470800 0.032941 -0.003231
v 0.470234 0.033162 -0.003172
v 0.520000 0.034671 -0.002768
v 0.519200 0.033876 -0.002981
v 0.519766 0.034118 -0.002916
v 0.470000 0.033307 0.000000
v 0.470800 0.032516 0.000000
v 0.470234 0.032744 0.000000
v 0.520000 0.034307 0.000000
v 0.519200 0.033484 0.000000
v 0.519766 0.033734 -0.000000
v 0.470000 0.033705 0.003026
v 0.470800 0.032941 0.003231
v 0.470234 0.033162 0.003172
v 0.520000 0.034671 0.002768
v 0.519200 0.033876 0.002981
v 0.519766 0.034118 0.002916
v 0.470000 0.034873 0.005847
v 0.470800 0.034189 0.006242
v 0.470234 0.034386 0.006128
v 0.520000 0.035740 0.005347
v 0.519200 0.035027 0.005758
v 0.519766 0.035244 0.005633
v 0.470000 0.036732 0.008268
v 0.470800 0.036172 0.008828
v 0.470234 0.036334 0.008666
v 0.520000 0.037439 0.007561
v 0.519200 0.036857 0.008143
v 0.519766 0.037034 0.007966
v 0.470000 0.039153 0.010127
v 0.470800 0.038758 0.010811
v 0.470234 0.038872 0.010614
v 0.520000 0.039653 0.009260
v 0.519200 0.039242 0.009973
v 0.519766 0.039367 0.009756
v 0.470000 0.041974 0.011295
v 0.470800 0.041769 0.012059
v 0.470234 0.041828 0.011838
v 0.520000 0.042232 0.010329
v 0.519200 0.042019 0.011124
v 0.519766 0.042084 0.010882
v 0.470000 0.045000 0.011693
v 0.470800 0.045000 0.012484
v 0.470234 0.045000 0.012256
v 0.520000 0.045000 0.010693
v 0.519200 0.045000 0.011516
v 0.519766 0.045000 0.011266
v 0.470000 0.048026 0.011295
v 0.470800 0.048231 0.012059
v 0.470234 0.048172 0.011838
v 0.520000 0.047768 0.010329
v 0.519200 0.047981 0.011124
v 0.519766 0.047916 0.010882
v 0.470000 0.050847 0.010127
v 0.470800 0.051242 0.010811
v 0.470234 0.051128 0.010614
v 0.520000 0.050347 0.009260
v 0.519200 0.050758 0.009973
v 0.519766 0.050633 0.009756
v 0.470000 0.053268 0.008268
v 0.470800 0.053828 0.008828
v 0.470234 0.053666 0.008666
v 0.520000 0.052561 0.007561
v 0.519200 0.053143 0.008143
v 0.519766 0.052966 0.007966
v 0.470000 0.055127 0.005847
v 0.470800 0.055811 0.006242
v 0.470234 0.055614 0.006128
v 0.520000 0.054260 0.005347
v 0.519200 0.054973 0.005758
v 0.519766 0.054756 0.005633
v 0.470000 0.056295 0.003026
v 0.470800 0.057059 0.003231
v 0.470234 0.056838 0.003172
v 0.520000 0.055329 0.002768
v 0.519200 0.056124 0.002981
v 0.519766 0.055882 0.002916
v 0.470000 0.056693 -0.000000
v 0.470800 0.057484 0.000000
v 0.470234 0.057256 -0.000000
v 0.520000 0.055693 0.000000
v 0.519200 0.056516 0.000000
v 0.519766 0.056266 0.000000
v 0.470000 0.056295 -0.003026
v 0.470800 0.057059 -0.003231
v 0.470234 0.056838 -0.003172
v 0.520000 0.055329 -0.002768
v 0.519200 0.056124 -0.002981
v 0.519766 0.055882 -0.002916
v 0.470000 0.055127 -0.005847
v 0.470800 0.055811 -0.006242
v 0.470234 0.055614 -0.006128
v 0.520000 0.054260 -0.005347
v 0.519200 0.054973 -0.005758
v 0.519766 0.054756 -0.005633
v 0.470000 0.053268 -0.008268
v 0.470800 0.053828 -0.008828
v 0.470234 0.053666 -0.008666
v 0.520000 0.052561 -0.007561
v 0.519200 0.053143 -0.008143
v 0.519766 0.052966 -0.007966
v 0.470000 0.050847 -0.010127
v 0.470800 0.051242 -0.010811
v 0.470234 0.051128 -0.010614
v 0.520000 0.050347 -0.009260
v 0.519200 0.050758 -0.009973
v 0.519766 0.050633 -0.009756
v 0.470000 0.048026 -0.011295
v 0.470800 0.048231 -0.012059
v 0.470234 0.048172 -0.011838
v 0.520000 0.047768 -0.010329
v 0.519200 0.047981 -0.011124
v 0.519766 0.047916 -0.010882
v 0.514750 0.047000 -0.011342
v 0.487250 0.045000 -0.012155
v 0.514750 0.045000 -0.011605
v 0.487250 0.047000 -0.011892
v 0.514750 0.036178 -0.007403
v 0.487250 0.034473 -0.006078
v 0.514750 0.034950 -0.005803
v 0.487250 0.035701 -0.007678
v 0.514750 0.034178 -0.003939
v 0.487250 0.033701 -0.004214
v 0.514750 0.034178 0.003939
v 0.487250 0.034473 0.006078
v 0.514750 0.034950 0.005803
v 0.487250 0.033701 0.004214
v 0.514750 0.036178 0.007403
v 0.487250 0.035701 0.007678
v 0.514750 0.043000 0.011342
v 0.487250 0.043000 0.011892
v 0.514750 0.045000 0.011605
v 0.487250 0.045000 0.012155
v 0.514750 0.047000 0.011342
v 0.487250 0.047000 0.011892
v 0.514750 0.053822 0.007403
v 0.487250 0.054299 0.007678
v 0.514750 0.055050 0.005803
v 0.487250 0.055527 0.006078
v 0.514750 0.055822 0.003939
v 0.487250 0.056299 0.004214
v 0.514750 0.055822 -0.003939
v 0.487250 0.056299 -0.004214
v 0.514750 0.055050 -0.005803
v 0.487250 0.055527 -0.006078
v 0.514750 0.053822 -0.007403
v 0.487250 0.054299 -0.007678
v 0.520000 0.047105 -0.005081
v 0.520000 0.047105 0.005081
v 0.520000 0.039500 0.000000
v 0.520000 0.045000 0.005500
v 0.520000 0.042895 0.005081
v 0.520000 0.039919 0.002105
v 0.520000 0.050081 0.002105
v 0.520000 0.041111 0.003889
v 0.520000 0.048889 0.003889
v 0.520000 0.050500 0.000000
v 0.520000 0.039919 -0.002105
v 0.520000 0.050081 -0.002105
v 0.520000 0.045000 -0.005500
v 0.520000 0.042895 -0.005081
v 0.520000 0.041111 -0.003889
v 0.520000 0.048889 -0.003889
v 0.514750 0.043000 -0.011342
v 0.487250 0.043000 -0.011892
v 0.470000 0.045000 0.005500
v 0.470000 0.042895 0.005081
v 0.470000 0.047105 0.005081
v 0.470000 0.039919 0.002105
v 0.470000 0.041111 0.003889
v 0.470000 0.050081 0.002105
v 0.470000 0.048889 0.003889
v 0.470000 0.039919 -0.002105
v 0.470000 0.050081 -0.002105
v 0.470000 0.045000 -0.005500
v 0.470000 0.046929 -0.005116
v 0.470000 0.047105 -0.005081
v 0.470000 0.042895 -0.005081
v 0.470000 0.048889 -0.003889
v 0.470000 0.041111 -0.003889
v 0.470000 0.039500 0.000000
v 0.470000 0.050500 0.000000
v 0.514750 0.043000 -0.005102
v 0.514750 0.043000 0.005102
v 0.487250 0.043000 0.005102
v 0.487250 0.043000 -0.005102
v 0.487250 0.047000 -0.005102
v 0.487250 0.047000 0.005102
v 0.514750 0.047000 0.005102
v 0.514750 0.047000 -0.005102
v 0.514750 0.039655 0.000777
v 0.514750 0.048355 -0.004246
v 0.487250 0.039655 0.000777
v 0.487250 0.048355 -0.004246
v 0.487250 0.041645 0.004246
v 0.487250 0.050345 -0.000777
v 0.514750 0.041645 0.004246
v 0.514750 0.050345 -0.000777
v 0.514750 0.041645 -0.004246
v 0.514750 0.050345 0.000777
v 0.487250 0.041645 -0.004246
v 0.487250 0.050345 0.000777
v 0.487250 0.039655 -0.000777
v 0.487250 0.048355 0.004246
v 0.514750 0.048355 0.004246
v 0.514750 0.039655 -0.000777
v 0.487250 0.045000 -0.005500
v 0.514750 0.045000 -0.005500
v 0.487250 0.041111 -0.003889
v 0.514750 0.041111 -0.003889
v 0.487250 0.039919 -0.002105
v 0.514750 0.039919 -0.002105
v 0.514750 0.039919 0.002105
v 0.487250 0.039919 0.002105
v 0.514750 0.041111 0.003889
v 0.487250 0.041111 0.003889
v 0.487250 0.045000 0.005500
v 0.514750 0.045000 0.005500
v 0.487250 0.048889 0.003889
v 0.514750 0.048889 0.003889
v 0.487250 0.050081 0.002105
v 0.514750 0.050081 0.002105
v 0.487250 0.050081 -0.002105
v 0.514750 0.050081 -0.002105
v 0.487250 0.048889 -0.003889
v 0.514750 0.048889 -0.003889
vn 0.0132 0.3035 -0.9528
vn 0.0268 0.3186 -0.9475
vn 0.0198 0.1305 -0.9913
vn 0.0149 -0.4999 -0.8659
vn 0.0247 -0.4999 -0.8658
vn 0.0268 -0.6613 -0.7497
vn 0.0131 -0.6734 -0.7392
vn 0.0198 -0.7932 -0.6086
vn 0.0198 -0.9237 -0.3826
vn 0.0268 -0.9799 -0.1978
vn 0.0132 -0.9768 -0.2136
vn 0.0247 -0.9997 -0.0000
vn 0.0149 -0.9999 -0.0000
vn 0.0268 -0.9799 0.1979
vn 0.0131 -0.9768 0.2135
vn 0.0198 -0.9237 0.3826
vn 0.0198 -0.7932 0.6086
vn 0.0268 -0.6613 0.7497
vn 0.0131 -0.6734 0.7392
vn 0.0247 -0.4998 0.8658
vn 0.0149 -0.5000 0.8659
vn 0.0268 -0.3186 0.9475
vn 0.0131 -0.3035 0.9527
vn 0.0198 -0.1305 0.9912
vn 0.0198 0.1305 0.9912
vn 0.0198 0.1305 0.9913
vn 0.0268 0.3186 0.9475
vn 0.0132 0.3035 0.9528
vn 0.0247 0.4998 0.8658
vn 0.0149 0.5000 0.8659
vn 0.0268 0.6613 0.7497
vn 0.0131 0.6734 0.7392
vn 0.0198 0.7932 0.6086
vn 0.0198 0.9237 0.3826
vn 0.0268 0.9799 0.1978
vn 0.0132 0.9768 0.2136
vn 0.0247 0.9997 -0.0000
vn 0.0149 0.9999 -0.0000
vn 0.0268 0.9799 -0.1979
vn 0.0131 0.9768 -0.2135
vn 0.0198 0.9237 -0.3826
vn 0.0198 0.7932 -0.6086
vn 0.0268 0.6613 -0.7497
vn 0.0131 0.6734 -0.7392
vn 0.0247 0.4998 -0.8658
vn 0.0149 0.5000 -0.8659
vn 0.0132 -0.3035 -0.9528
vn 0.0268 -0.3186 -0.9475
vn 0.0198 -0.1305 -0.9912
vn 0.0198 -0.1305 -0.9913
vn 0.0029 -0.0000 -1.0000
vn -0.3738 -0.2401 -0.8959
vn -0.3738 -0.0000 -0.9275
vn -0.9233 -0.0000 -0.3842
vn -0.9232 -0.0994 -0.3711
vn -0.9987 -0.0130 -0.0485
vn -0.9991 -0.0000 -0.0414
vn 0.0751 -0.0000 -0.9972
vn 0.4049 -0.0000 -0.9143
vn 0.4049 -0.2367 -0.8832
vn 0.9255 -0.0980 -0.3659
vn 0.9255 -0.0000 -0.3788
vn 0.9989 -0.0000 -0.0460
vn 0.9984 -0.0148 -0.0553
vn -0.3738 -0.4637 -0.8033
vn -0.9232 -0.1921 -0.3327
vn -0.9987 -0.0251 -0.0435
vn 0.4049 -0.4572 -0.7919
vn 0.9255 -0.1894 -0.3280
vn 0.9984 -0.0287 -0.0496
vn -0.3738 -0.6558 -0.6559
vn -0.9232 -0.2717 -0.2717
vn -0.9992 -0.0288 -0.0288
vn 0.4049 -0.6466 -0.6465
vn 0.9255 -0.2678 -0.2678
vn 0.9989 -0.0325 -0.0326
vn 0.0029 -0.8660 -0.5000
vn -0.3738 -0.8033 -0.4637
vn -0.9232 -0.3327 -0.1921
vn -0.9987 -0.0435 -0.0251
vn 0.0751 -0.8636 -0.4986
vn 0.4049 -0.7919 -0.4572
vn 0.9255 -0.3280 -0.1894
vn 0.9984 -0.0496 -0.0287
vn -0.3738 -0.8959 -0.2400
vn -0.9233 -0.3711 -0.0994
vn -0.9987 -0.0485 -0.0130
vn 0.4049 -0.8832 -0.2367
vn 0.9255 -0.3659 -0.0980
vn 0.9984 -0.0553 -0.0148
vn -0.3738 -0.9275 -0.0000
vn -0.9233 -0.3842 -0.0000
vn -0.9992 -0.0407 -0.0000
vn 0.4049 -0.9144 -0.0000
vn 0.9255 -0.3788 -0.0000
vn 0.9989 -0.0460 -0.0000
vn -0.3738 -0.8959 0.2401
vn -0.9233 -0.3711 0.0994
vn -0.9987 -0.0485 0.0130
vn 0.4049 -0.8832 0.2367
vn 0.9255 -0.3659 0.0980
vn 0.9984 -0.0553 0.0148
vn 0.0029 -0.8660 0.5000
vn -0.3738 -0.8032 0.4638
vn -0.9232 -0.3327 0.1921
vn -0.9987 -0.0435 0.0251
vn 0.0751 -0.8636 0.4986
vn 0.4049 -0.7918 0.4572
vn 0.9255 -0.3280 0.1894
vn 0.9984 -0.0496 0.0287
vn -0.3738 -0.6558 0.6559
vn -0.9232 -0.2717 0.2717
vn -0.9992 -0.0288 0.0288
vn 0.4049 -0.6465 0.6465
vn 0.9255 -0.2678 0.2678
vn 0.9989 -0.0325 0.0325
vn -0.3738 -0.4637 0.8033
vn -0.9232 -0.1921 0.3327
vn -0.9987 -0.0251 0.0435
vn 0.4049 -0.4572 0.7919
vn 0.9255 -0.1894 0.3280
vn 0.9984 -0.0286 0.0496
vn -0.3738 -0.2401 0.8959
vn -0.9232 -0.0994 0.3711
vn -0.9987 -0.0130 0.0485
vn 0.4049 -0.2367 0.8832
vn 0.9255 -0.0980 0.3659
vn 0.9984 -0.0148 0.0554
vn 0.0029 -0.0000 1.0000
vn -0.3738 -0.0000 0.9275
vn -0.9233 -0.0000 0.3842
vn -0.9992 -0.0000 0.0407
vn 0.0751 -0.0000 0.9972
vn 0.4049 -0.0000 0.9143
vn 0.9255 -0.0000 0.3788
vn 0.9989 -0.0000 0.0460
vn -0.3738 0.2401 0.8959
vn -0.9232 0.0994 0.3711
vn -0.9987 0.0130 0.0485
vn 0.4049 0.2367 0.8832
vn 0.9255 0.0980 0.3659
vn 0.9984 0.0148 0.0553
vn -0.3738 0.4637 0.8032
vn -0.9232 0.1921 0.3327
vn -0.9987 0.0251 0.0435
vn 0.4049 0.4572 0.7919
vn 0.9255 0.1894 0.3280
vn 0.9984 0.0287 0.0496
vn -0.3738 0.6558 0.6559
vn -0.9233 0.2717 0.2717
vn -0.9992 0.0288 0.0288
vn 0.4049 0.6465 0.6465
vn 0.9255 0.2678 0.2678
vn 0.9989 0.0325 0.0325
vn 0.0029 0.8660 0.5000
vn -0.3738 0.8033 0.4638
vn -0.9232 0.3327 0.1921
vn -0.9987 0.0435 0.0251
vn 0.0751 0.8636 0.4986
vn 0.4049 0.7919 0.4572
vn 0.9255 0.3280 0.1894
vn 0.9984 0.0496 0.0286
vn -0.3738 0.8959 0.2401
vn -0.9232 0.3711 0.0995
vn -0.9987 0.0485 0.0130
vn 0.4049 0.8832 0.2367
vn 0.9255 0.3659 0.0981
vn 0.9984 0.0553 0.0148
vn -0.3738 0.9275 -0.0000
vn -0.9233 0.3842 -0.0000
vn -0.9992 0.0407 -0.0000
vn 0.4049 0.9144 -0.0000
vn 0.9255 0.3788 -0.0000
vn 0.9989 0.0460 0.0001
vn -0.3738 0.8959 -0.2401
vn -0.9233 0.3711 -0.0994
vn -0.9987 0.0485 -0.0130
vn 0.4049 0.8832 -0.2367
vn 0.9255 0.3659 -0.0981
vn 0.9984 0.0553 -0.0148
vn 0.0029 0.8660 -0.5000
vn -0.3738 0.8032 -0.4638
vn -0.9233 0.3327 -0.1921
vn -0.9987 0.0435 -0.0251
vn 0.0751 0.8636 -0.4986
vn 0.4049 0.7918 -0.4572
vn 0.9255 0.3280 -0.1894
vn 0.9984 0.0496 -0.0287
vn -0.3738 0.6558 -0.6559
vn -0.9233 0.2717 -0.2717
vn -0.9992 0.0288 -0.0288
vn 0.4049 0.6465 -0.6466
vn 0.9255 0.2679 -0.2678
vn 0.9989 0.0325 -0.0325
vn -0.3738 0.4637 -0.8032
vn -0.9232 0.1921 -0.3327
vn -0.9988 0.0246 -0.0427
vn 0.4049 0.4572 -0.7919
vn 0.9255 0.1894 -0.3280
vn 0.9984 0.0286 -0.0496
vn -0.3738 0.2401 -0.8959
vn -0.9233 0.0994 -0.3711
vn -0.9987 0.0130 -0.0486
vn 0.4049 0.2367 -0.8832
vn 0.9255 0.0980 -0.3659
vn 0.9984 0.0148 -0.0554
vn 1.0000 -0.0000 -0.0000
vn -1.0000 -0.0000 -0.0000
vn -0.0000 1.0000 -0.0000
vn -0.0000 -1.0000 -0.0000
vn -0.0000 0.5000 0.8660
vn -0.0000 -0.5000 -0.8660
vn -0.0000 -0.5000 0.8660
vn -0.0000 0.5000 -0.8660
vn -0.0000 0.4241 0.9056
vn -0.0000 0.4937 0.8696
vn -0.0000 0.1951 0.9808
vn -0.0000 0.5556 0.8315
vn -0.0000 0.7363 0.6767
vn -0.0000 0.9160 0.4013
vn -0.0000 0.9808 0.1951
vn -0.0000 0.9808 -0.1951
vn -0.0000 0.9160 -0.4013
vn -0.0000 0.7363 -0.6767
vn -0.0000 0.4937 -0.8696
vn -0.0000 0.5556 -0.8315
vn -0.0000 0.1951 -0.9808
vn -0.0000 -0.4241 -0.9056
vn -0.0000 -0.4937 -0.8696
vn -0.0000 -0.1951 -0.9808
vn -0.0000 -0.5556 -0.8315
vn -0.0000 -0.7363 -0.6767
vn -0.0000 -0.9160 -0.4013
vn -0.0000 -0.9808 -0.1951
vn -0.0000 -0.9808 0.1951
vn -0.0000 -0.9160 0.4013
vn -0.0000 -0.7363 0.6767
vn -0.0000 -0.5349 0.8449
vn -0.0000 -0.4937 0.8696
vn -0.0000 -0.5556 0.8315
vn -0.0000 -0.1951 0.9808
vn 0.0200 0.8659 -0.4999
vn 0.0200 0.8659 0.4999
vn 0.0198 0.1305 -0.9912
vn 0.0200 -0.8659 0.4999
vn -0.0000 0.4241 -0.9056
vn 0.0200 -0.0000 0.9998
vn 0.0200 -0.8659 -0.4999
vn 0.0200 -0.0000 -0.9998
vn 0.0198 -0.1305 0.9913
vn -0.0000 -0.0000 -1.0000
vn -0.0000 0.0044 1.0000
vn -0.0000 -0.0000 1.0000
vt 0.764388 0.004874
vt 0.764630 0.051953
vt 0.763429 0.020880
vt 0.761604 0.165691
vt 0.762047 0.118614
vt 0.764836 0.118626
vt 0.764628 0.165705
vt 0.765822 0.149705
vt 0.769697 0.149705
vt 0.769676 0.122956
vt 0.770611 0.118626
vt 0.770888 0.165705
vt 0.773204 0.118614
vt 0.773698 0.165691
vt 0.775357 0.118594
vt 0.776033 0.165670
vt 0.758929 0.108811
vt 0.759597 0.061734
vt 0.760037 0.092818
vt 0.763375 0.092840
vt 0.763645 0.066091
vt 0.764571 0.061767
vt 0.764322 0.108845
vt 0.767464 0.061771
vt 0.767457 0.108850
vt 0.770368 0.061767
vt 0.770606 0.108845
vt 0.771570 0.092840
vt 0.774970 0.092818
vt 0.774705 0.066070
vt 0.775434 0.061734
vt 0.776344 0.563977
vt 0.775694 0.611053
vt 0.773227 0.611034
vt 0.773670 0.563956
vt 0.770437 0.611021
vt 0.770646 0.563943
vt 0.769452 0.579942
vt 0.765577 0.579942
vt 0.765598 0.606691
vt 0.764662 0.611021
vt 0.764386 0.563943
vt 0.762070 0.611034
vt 0.761576 0.563956
vt 0.759916 0.611053
vt 0.759241 0.563977
vt 0.776100 0.004910
vt 0.775433 0.051986
vt 0.774985 0.020903
vt 0.771625 0.020880
vt 0.771357 0.047629
vt 0.770427 0.051953
vt 0.770673 0.004874
vt 0.767530 0.051949
vt 0.767532 0.004870
vt 0.758929 0.165670
vt 0.759580 0.118594
vt 0.760051 0.020903
vt 0.760317 0.047651
vt 0.759594 0.051986
vt 0.761454 0.004888
vt 0.758929 0.004910
vt 0.759085 0.004362
vt 0.761563 0.004340
vt 0.278298 0.770220
vt 0.280498 0.772420
vt 0.280064 0.772754
vt 0.277965 0.770655
vt 0.761923 0.051966
vt 0.762044 0.052518
vt 0.759766 0.052538
vt 0.380778 0.797486
vt 0.378755 0.795463
vt 0.379197 0.795124
vt 0.381117 0.797044
vt 0.761697 0.166239
vt 0.759071 0.166218
vt 0.282054 0.775115
vt 0.281548 0.775325
vt 0.759737 0.118042
vt 0.762151 0.118061
vt 0.383255 0.798916
vt 0.383468 0.798401
vt 0.764666 0.166252
vt 0.282859 0.778121
vt 0.282316 0.778192
vt 0.764879 0.118073
vt 0.386018 0.799656
vt 0.386090 0.799104
vt 0.767794 0.165709
vt 0.767774 0.166257
vt 0.282859 0.781232
vt 0.282316 0.781161
vt 0.767758 0.118630
vt 0.767737 0.118077
vt 0.388878 0.799656
vt 0.388805 0.799104
vt 0.770812 0.166252
vt 0.282054 0.784238
vt 0.281548 0.784029
vt 0.770528 0.118073
vt 0.391640 0.798916
vt 0.391427 0.798401
vt 0.773570 0.166239
vt 0.280498 0.786933
vt 0.280064 0.786600
vt 0.773064 0.118061
vt 0.394117 0.797486
vt 0.393778 0.797044
vt 0.775863 0.166218
vt 0.278298 0.789133
vt 0.277965 0.788699
vt 0.775171 0.118042
vt 0.396140 0.795463
vt 0.395698 0.795124
vt 0.761413 0.108832
vt 0.761527 0.109380
vt 0.759089 0.109359
vt 0.275603 0.790689
vt 0.275394 0.790183
vt 0.761888 0.061754
vt 0.759772 0.061183
vt 0.762013 0.061202
vt 0.397570 0.792986
vt 0.397055 0.792773
vt 0.764382 0.109393
vt 0.272597 0.791494
vt 0.272526 0.790951
vt 0.764638 0.061214
vt 0.398310 0.790223
vt 0.397758 0.790151
vt 0.767461 0.109398
vt 0.269486 0.791494
vt 0.269557 0.790951
vt 0.767467 0.061218
vt 0.398310 0.787363
vt 0.397758 0.787436
vt 0.770552 0.109393
vt 0.266480 0.790689
vt 0.266690 0.790183
vt 0.770309 0.061214
vt 0.397570 0.784601
vt 0.397055 0.784814
vt 0.773553 0.108832
vt 0.773445 0.109380
vt 0.263785 0.789133
vt 0.264119 0.788699
vt 0.773087 0.061754
vt 0.772968 0.061202
vt 0.396140 0.782124
vt 0.395698 0.782463
vt 0.776098 0.108811
vt 0.775943 0.109359
vt 0.261585 0.786933
vt 0.262020 0.786600
vt 0.775265 0.061183
vt 0.394117 0.780101
vt 0.393778 0.780543
vt 0.773577 0.563408
vt 0.776203 0.563429
vt 0.260029 0.784238
vt 0.260535 0.784029
vt 0.775537 0.611605
vt 0.773123 0.611586
vt 0.391640 0.778671
vt 0.391427 0.779185
vt 0.770608 0.563395
vt 0.259224 0.781233
vt 0.259767 0.781161
vt 0.770395 0.611574
vt 0.388878 0.777931
vt 0.388805 0.778483
vt 0.767479 0.563938
vt 0.767500 0.563390
vt 0.259224 0.778121
vt 0.259767 0.778192
vt 0.767516 0.611017
vt 0.767537 0.611570
vt 0.386017 0.777931
vt 0.386090 0.778483
vt 0.764462 0.563395
vt 0.260029 0.775115
vt 0.260535 0.775325
vt 0.764745 0.611574
vt 0.383255 0.778671
vt 0.383468 0.779185
vt 0.761703 0.563408
vt 0.261585 0.772421
vt 0.262020 0.772754
vt 0.762210 0.611586
vt 0.380778 0.780101
vt 0.381117 0.780543
vt 0.759411 0.563429
vt 0.263785 0.770220
vt 0.264119 0.770655
vt 0.760103 0.611605
vt 0.378755 0.782124
vt 0.379197 0.782463
vt 0.773595 0.004888
vt 0.773483 0.004340
vt 0.775942 0.004362
vt 0.266480 0.768664
vt 0.266690 0.769170
vt 0.773123 0.051966
vt 0.775260 0.052538
vt 0.773000 0.052518
vt 0.377325 0.784601
vt 0.377840 0.784814
vt 0.770614 0.004327
vt 0.269486 0.767859
vt 0.269557 0.768402
vt 0.770363 0.052506
vt 0.376585 0.787363
vt 0.377137 0.787436
vt 0.767531 0.004322
vt 0.272597 0.767859
vt 0.272526 0.768402
vt 0.767529 0.052502
vt 0.376585 0.790223
vt 0.377137 0.790151
vt 0.764444 0.004327
vt 0.275603 0.768664
vt 0.275394 0.769170
vt 0.764691 0.052506
vt 0.377325 0.792986
vt 0.377840 0.792773
vt 0.924248 0.132471
vt 0.924248 0.125868
vt 0.926193 0.125611
vt 0.928139 0.125868
vt 0.928139 0.132471
vt 0.926193 0.132084
vt 0.939177 0.659961
vt 0.939177 0.666564
vt 0.937232 0.666820
vt 0.935287 0.666564
vt 0.935287 0.659961
vt 0.937232 0.660348
vt 0.682548 0.954805
vt 0.682548 0.948737
vt 0.684493 0.948481
vt 0.686438 0.948737
vt 0.686438 0.954805
vt 0.684493 0.954418
vt 0.698973 0.948481
vt 0.698973 0.954549
vt 0.697028 0.954805
vt 0.695083 0.954549
vt 0.695083 0.948481
vt 0.697028 0.948868
vt 0.837773 0.809386
vt 0.832805 0.809386
vt 0.832574 0.782643
vt 0.837980 0.782643
vt 0.832382 0.496051
vt 0.837787 0.496009
vt 0.837349 0.522756
vt 0.832382 0.522794
vt 0.830686 0.088162
vt 0.831124 0.061415
vt 0.836092 0.061377
vt 0.836092 0.088120
vt 0.839329 0.447494
vt 0.839559 0.474237
vt 0.834154 0.474237
vt 0.834361 0.447494
vt 0.830319 0.423800
vt 0.824752 0.423771
vt 0.824267 0.397025
vt 0.830319 0.397056
vt 0.827307 0.746368
vt 0.833368 0.746368
vt 0.833021 0.773111
vt 0.827444 0.773111
vt 0.333902 0.832960
vt 0.334250 0.806217
vt 0.339826 0.806217
vt 0.339964 0.832960
vt 0.570294 0.683498
vt 0.570779 0.710244
vt 0.564726 0.710213
vt 0.564726 0.683469
vt 0.823450 0.175252
vt 0.829599 0.175253
vt 0.830134 0.201997
vt 0.823450 0.201996
vt 0.830124 0.303380
vt 0.823450 0.303380
vt 0.823980 0.276637
vt 0.830119 0.276637
vt 0.830124 0.241249
vt 0.829591 0.267992
vt 0.823451 0.267992
vt 0.823450 0.241249
vt 0.361364 0.719113
vt 0.360829 0.692370
vt 0.367514 0.692370
vt 0.367514 0.719113
vt 0.793746 0.052969
vt 0.793746 0.004344
vt 0.793825 0.036192
vt 0.794700 0.669328
vt 0.796063 0.637485
vt 0.796063 0.664228
vt 0.796646 0.637487
vt 0.796646 0.620712
vt 0.798732 0.620712
vt 0.798732 0.637487
vt 0.798732 0.664230
vt 0.798732 0.669336
vt 0.796646 0.669336
vt 0.796646 0.664231
vt 0.800642 0.620702
vt 0.800642 0.669327
vt 0.799937 0.637481
vt 0.801174 0.637471
vt 0.801174 0.664215
vt 0.793746 0.078399
vt 0.793746 0.061624
vt 0.795613 0.061634
vt 0.795613 0.078410
vt 0.795613 0.110259
vt 0.793746 0.110248
vt 0.793746 0.105142
vt 0.795613 0.105153
vt 0.797695 0.110260
vt 0.796237 0.105154
vt 0.796237 0.078410
vt 0.797793 0.078411
vt 0.797793 0.105154
vt 0.801251 0.061613
vt 0.801251 0.110237
vt 0.801172 0.078389
vt 0.802084 0.563399
vt 0.800721 0.595242
vt 0.800721 0.568498
vt 0.800138 0.595239
vt 0.800138 0.612015
vt 0.798051 0.612015
vt 0.798051 0.595240
vt 0.798051 0.563391
vt 0.800138 0.563390
vt 0.800138 0.568496
vt 0.798051 0.568497
vt 0.796142 0.612025
vt 0.796142 0.563400
vt 0.796847 0.595246
vt 0.795610 0.595255
vt 0.795610 0.568512
vt 0.801261 0.036184
vt 0.801261 0.052959
vt 0.799404 0.052948
vt 0.799404 0.036173
vt 0.801261 0.004335
vt 0.801261 0.009440
vt 0.799404 0.009430
vt 0.799404 0.004324
vt 0.797323 0.052946
vt 0.797323 0.004322
vt 0.798781 0.036172
vt 0.797225 0.036171
vt 0.773434 0.020889
vt 0.767513 0.606688
vt 0.763696 0.047629
vt 0.761575 0.092831
vt 0.761845 0.066083
vt 0.765801 0.122956
vt 0.760307 0.066070
vt 0.797695 0.061636
vt 0.773394 0.092831
vt 0.773166 0.047637
vt 0.767782 0.149708
vt 0.761613 0.020889
vt 0.761880 0.047637
vt 0.771305 0.066091
vt 0.767761 0.122959
vt 0.769473 0.606691
vt 0.773130 0.066083
vt 0.767492 0.579939
vt 0.774716 0.047651
vt 0.392080 0.791468
vt 0.390704 0.793037
vt 0.388832 0.793960
vt 0.392751 0.789492
vt 0.384191 0.784550
vt 0.386063 0.783627
vt 0.384773 0.793426
vt 0.392614 0.787409
vt 0.391691 0.785537
vt 0.390122 0.784161
vt 0.382281 0.790178
vt 0.386749 0.794097
vt 0.388146 0.783490
vt 0.382815 0.786119
vt 0.382144 0.788095
vt 0.383204 0.792050
vt 0.275285 0.782933
vt 0.276208 0.781061
vt 0.269657 0.784843
vt 0.271740 0.784980
vt 0.275674 0.777002
vt 0.265738 0.780375
vt 0.266409 0.782351
vt 0.265875 0.778292
vt 0.273716 0.784309
vt 0.274298 0.775433
vt 0.276345 0.778979
vt 0.272582 0.774587
vt 0.267785 0.783920
vt 0.272426 0.774510
vt 0.270343 0.774373
vt 0.268367 0.775044
vt 0.266798 0.776420
vt 0.926643 0.666564
vt 0.924698 0.666820
vt 0.925396 0.660302
vt 0.926643 0.659879
vt 0.813491 0.380972
vt 0.814052 0.380696
vt 0.814052 0.387371
vt 0.801665 0.316645
vt 0.803610 0.316388
vt 0.802912 0.322906
vt 0.801665 0.323330
vt 0.828591 0.669446
vt 0.828030 0.669723
vt 0.828030 0.663048
vt 0.923313 0.660165
vt 0.922753 0.666564
vt 0.031717 0.948605
vt 0.031717 0.954756
vt 0.030470 0.954332
vt 0.029772 0.948349
vt 0.188087 0.954615
vt 0.188087 0.948464
vt 0.189334 0.948888
vt 0.190032 0.954871
vt 0.015472 0.948122
vt 0.017555 0.948258
vt 0.016857 0.954241
vt 0.014911 0.953985
vt 0.206765 0.947731
vt 0.206765 0.953871
vt 0.206204 0.953595
vt 0.811408 0.381109
vt 0.812107 0.387627
vt 0.014911 0.947845
vt 0.810162 0.387371
vt 0.810162 0.380686
vt 0.191417 0.948751
vt 0.191977 0.954615
vt 0.922753 0.659889
vt 0.831920 0.663048
vt 0.831920 0.669733
vt 0.830673 0.669310
vt 0.829975 0.662792
vt 0.805555 0.316645
vt 0.805555 0.323319
vt 0.804995 0.323043
vt 0.028388 0.954469
vt 0.027827 0.954745
vt 0.027827 0.948605
vt 0.204121 0.953458
vt 0.204820 0.947475
vt 0.202874 0.947731
vt 0.202874 0.953881
vt 0.191977 0.948475
vt 0.018802 0.953985
vt 0.018802 0.947835
vt 0.799675 0.110253
vt 0.799675 0.105147
vt 0.802084 0.620686
vt 0.802084 0.637461
vt 0.793825 0.009449
vt 0.794700 0.620704
vt 0.802084 0.612023
vt 0.794700 0.612041
vt 0.794700 0.595266
vt 0.796847 0.568502
vt 0.799937 0.664225
vt 0.795337 0.052954
vt 0.795337 0.036178
vt 0.795337 0.004329
vt 0.797225 0.009428
vt 0.795337 0.009435
vt 0.799675 0.061629
vt 0.799675 0.078404
vt 0.801172 0.105132
vt 0.798781 0.009429
vt 0.794700 0.563417
vt 0.794700 0.568523
vt 0.802084 0.669310
vt 0.802084 0.664204
vt 0.797158 0.052947
s 1
usemtl M416_Final_Metal
f 4225/8283/3412 4228/8284/3413 4233/8285/3414
f 4099/8286/3415 4102/8287/3416 4108/8288/3417 4105/8289/3418
f 4105/8289/3418 4108/8288/3417 4237/8290/3419
f 4239/8291/3420 4238/8292/3420 4120/8293/3421
f 4117/8294/3422 4120/8293/3421 4126/8295/3423 4123/8296/3424
f 4123/8296/3424 4126/8295/3423 4132/8297/3425 4129/8298/3426
f 4129/8299/3426 4132/8300/3425 4243/8301/3427
f 4245/8302/3428 4244/8303/3428 4144/8304/3429
f 4141/8305/3430 4144/8304/3429 4150/8306/3431 4147/8307/3432
f 4147/8307/3432 4150/8306/3431 4156/8308/3433 4153/8309/3434
f 4153/8309/3434 4156/8308/3433 4247/8310/3435
f 4251/8311/3436 4250/8312/3437 4168/8313/3438
f 4165/8314/3439 4168/8315/3438 4174/8316/3440 4171/8317/3441
f 4171/8317/3441 4174/8316/3440 4180/8318/3442 4177/8319/3443
f 4177/8319/3443 4180/8318/3442 4253/8320/3444
f 4257/8321/3445 4256/8322/3445 4192/8323/3446
f 4189/8324/3447 4192/8323/3446 4198/8325/3448 4195/8326/3449
f 4195/8326/3449 4198/8325/3448 4204/8327/3450 4201/8328/3451
f 4201/8329/3451 4204/8330/3450 4259/8331/3452
f 4263/8332/3453 4262/8333/3453 4216/8334/3454
f 4213/8335/3455 4216/8334/3454 4222/8336/3456 4219/8337/3457
f 4219/8337/3457 4222/8336/3456 4228/8284/3413 4225/8283/3412
f 4093/8338/3458 4096/8339/3459 4102/8287/3416 4099/8286/3415
f 4281/8340/3460 4280/8341/3461 4096/8342/3459
f 4087/8343/3462 4093/8344/3458 4094/8345/3463 4088/8346/3464
f 4088/8347/3465 4094/8348/3466 4092/8349/3467 4086/8350/3468
f 4096/8342/3459 4090/8351/3469 4091/8352/3470 4097/8353/3471
f 4097/8354/3472 4091/8355/3473 4089/8356/3474 4095/8357/3475
f 4093/8338/3458 4099/8286/3415 4100/8358/3476 4094/8359/3463
f 4094/8348/3466 4100/8360/3477 4098/8361/3478 4092/8349/3467
f 4102/8287/3416 4096/8339/3459 4097/8362/3471 4103/8363/3479
f 4103/8364/3480 4097/8354/3472 4095/8357/3475 4101/8365/3481
f 4099/8286/3415 4105/8289/3418 4106/8366/3482 4100/8358/3476
f 4100/8360/3477 4106/8367/3483 4104/8368/3484 4098/8361/3478
f 4108/8288/3417 4102/8287/3416 4103/8363/3479 4109/8369/3485
f 4109/8370/3486 4103/8364/3480 4101/8365/3481 4107/8371/3487
f 4105/8289/3418 4111/8372/3488 4112/8373/3489 4106/8366/3482
f 4106/8367/3483 4112/8374/3490 4110/8375/3491 4104/8368/3484
f 4114/8376/3492 4108/8288/3417 4109/8369/3485 4115/8377/3493
f 4115/8378/3494 4109/8370/3486 4107/8371/3487 4113/8379/3495
f 4111/8372/3488 4117/8294/3422 4118/8380/3496 4112/8373/3489
f 4112/8374/3490 4118/8381/3497 4116/8382/3498 4110/8375/3491
f 4120/8293/3421 4114/8376/3492 4115/8377/3493 4121/8383/3499
f 4121/8384/3500 4115/8378/3494 4113/8379/3495 4119/8385/3501
f 4117/8294/3422 4123/8296/3424 4124/8386/3502 4118/8380/3496
f 4118/8381/3497 4124/8387/3503 4122/8388/3504 4116/8382/3498
f 4126/8295/3423 4120/8293/3421 4121/8383/3499 4127/8389/3505
f 4127/8390/3506 4121/8384/3500 4119/8385/3501 4125/8391/3507
f 4123/8296/3424 4129/8298/3426 4130/8392/3508 4124/8386/3502
f 4124/8387/3503 4130/8393/3509 4128/8394/3510 4122/8388/3504
f 4132/8297/3425 4126/8295/3423 4127/8389/3505 4133/8395/3511
f 4133/8396/3512 4127/8390/3506 4125/8391/3507 4131/8397/3513
f 4129/8299/3426 4135/8398/3514 4136/8399/3515 4130/8400/3508
f 4130/8393/3509 4136/8401/3516 4134/8402/3517 4128/8394/3510
f 4138/8403/3518 4132/8300/3425 4133/8404/3511 4139/8405/3519
f 4139/8406/3520 4133/8396/3512 4131/8397/3513 4137/8407/3521
f 4135/8398/3514 4141/8305/3430 4142/8408/3522 4136/8399/3515
f 4136/8401/3516 4142/8409/3523 4140/8410/3524 4134/8402/3517
f 4144/8304/3429 4138/8403/3518 4139/8405/3519 4145/8411/3525
f 4145/8412/3526 4139/8406/3520 4137/8407/3521 4143/8413/3527
f 4141/8305/3430 4147/8307/3432 4148/8414/3528 4142/8408/3522
f 4142/8409/3523 4148/8415/3529 4146/8416/3530 4140/8410/3524
f 4150/8306/3431 4144/8304/3429 4145/8411/3525 4151/8417/3531
f 4151/8418/3532 4145/8412/3526 4143/8413/3527 4149/8419/3533
f 4147/8307/3432 4153/8309/3434 4154/8420/3534 4148/8414/3528
f 4148/8415/3529 4154/8421/3535 4152/8422/3536 4146/8416/3530
f 4156/8308/3433 4150/8306/3431 4151/8417/3531 4157/8423/3537
f 4157/8424/3538 4151/8418/3532 4149/8419/3533 4155/8425/3539
f 4153/8309/3434 4159/8426/3540 4160/8427/3541 4154/8420/3534
f 4154/8421/3535 4160/8428/3542 4158/8429/3543 4152/8422/3536
f 4162/8430/3544 4156/8308/3433 4157/8423/3537 4163/8431/3545
f 4163/8432/3546 4157/8424/3538 4155/8425/3539 4161/8433/3547
f 4159/8426/3540 4165/8434/3439 4166/8435/3548 4160/8427/3541
f 4160/8428/3542 4166/8436/3549 4164/8437/3550 4158/8429/3543
f 4168/8313/3438 4162/8430/3544 4163/8431/3545 4169/8438/3551
f 4169/8439/3552 4163/8432/3546 4161/8433/3547 4167/8440/3553
f 4165/8314/3439 4171/8317/3441 4172/8441/3554 4166/8442/3548
f 4166/8436/3549 4172/8443/3555 4170/8444/3556 4164/8437/3550
f 4174/8316/3440 4168/8315/3438 4169/8445/3551 4175/8446/3557
f 4175/8447/3558 4169/8439/3552 4167/8440/3553 4173/8448/3559
f 4171/8317/3441 4177/8319/3443 4178/8449/3560 4172/8441/3554
f 4172/8443/3555 4178/8450/3561 4176/8451/3562 4170/8444/3556
f 4180/8318/3442 4174/8316/3440 4175/8446/3557 4181/8452/3563
f 4181/8453/3564 4175/8447/3558 4173/8448/3559 4179/8454/3565
f 4177/8319/3443 4183/8455/3566 4184/8456/3567 4178/8449/3560
f 4178/8450/3561 4184/8457/3568 4182/8458/3569 4176/8451/3562
f 4186/8459/3570 4180/8318/3442 4181/8452/3563 4187/8460/3571
f 4187/8461/3572 4181/8453/3564 4179/8454/3565 4185/8462/3573
f 4183/8455/3566 4189/8324/3447 4190/8463/3574 4184/8456/3567
f 4184/8457/3568 4190/8464/3575 4188/8465/3576 4182/8458/3569
f 4192/8323/3446 4186/8459/3570 4187/8460/3571 4193/8466/3577
f 4193/8467/3578 4187/8461/3572 4185/8462/3573 4191/8468/3579
f 4189/8324/3447 4195/8326/3449 4196/8469/3580 4190/8463/3574
f 4190/8464/3575 4196/8470/3581 4194/8471/3582 4188/8465/3576
f 4198/8325/3448 4192/8323/3446 4193/8466/3577 4199/8472/3583
f 4199/8473/3584 4193/8467/3578 4191/8468/3579 4197/8474/3585
f 4195/8326/3449 4201/8328/3451 4202/8475/3586 4196/8469/3580
f 4196/8470/3581 4202/8476/3587 4200/8477/3588 4194/8471/3582
f 4204/8327/3450 4198/8325/3448 4199/8472/3583 4205/8478/3589
f 4205/8479/3590 4199/8473/3584 4197/8474/3585 4203/8480/3591
f 4201/8329/3451 4207/8481/3592 4208/8482/3593 4202/8483/3586
f 4202/8476/3587 4208/8484/3594 4206/8485/3595 4200/8477/3588
f 4210/8486/3596 4204/8330/3450 4205/8487/3589 4211/8488/3597
f 4211/8489/3598 4205/8479/3590 4203/8480/3591 4209/8490/3599
f 4207/8481/3592 4213/8335/3455 4214/8491/3600 4208/8482/3593
f 4208/8484/3594 4214/8492/3601 4212/8493/3602 4206/8485/3595
f 4216/8334/3454 4210/8486/3596 4211/8488/3597 4217/8494/3603
f 4217/8495/3604 4211/8489/3598 4209/8490/3599 4215/8496/3605
f 4213/8335/3455 4219/8337/3457 4220/8497/3606 4214/8491/3600
f 4214/8492/3601 4220/8498/3607 4218/8499/3608 4212/8493/3602
f 4222/8336/3456 4216/8334/3454 4217/8494/3603 4223/8500/3609
f 4223/8501/3610 4217/8495/3604 4215/8496/3605 4221/8502/3611
f 4219/8337/3457 4225/8283/3412 4226/8503/3612 4220/8497/3606
f 4220/8498/3607 4226/8504/3613 4224/8505/3614 4218/8499/3608
f 4228/8284/3413 4222/8336/3456 4223/8500/3609 4229/8506/3615
f 4229/8507/3616 4223/8501/3610 4221/8502/3611 4227/8508/3617
f 4225/8283/3412 4087/8343/3462 4088/8346/3464 4226/8503/3612
f 4226/8504/3613 4088/8347/3465 4086/8350/3468 4224/8505/3614
f 4090/8351/3469 4228/8284/3413 4229/8506/3615 4091/8352/3470
f 4091/8355/3473 4229/8507/3616 4227/8508/3617 4089/8356/3474
f 4304/8509/3618 4251/8510/3618 4249/8511/3618 4247/8512/3618 4301/8513/3618 4333/8514/3618
f 4302/8515/3618 4281/8516/3618 4231/8517/3618 4233/8518/3618 4303/8519/3618 4323/8520/3618
f 4306/8521/3619 4230/8522/3619 4232/8523/3619 4280/8524/3619 4299/8525/3619 4324/8526/3619
f 4300/8527/3619 4246/8528/3619 4248/8529/3619 4250/8530/3619 4305/8531/3619 4334/8532/3619
f 4299/8533/3620 4280/8534/3620 4281/8535/3620 4302/8536/3620
f 4301/8537/3620 4247/8538/3620 4246/8539/3620 4300/8540/3620
f 4233/8541/3621 4230/8542/3621 4306/8543/3621 4303/8544/3621
f 4250/8545/3621 4251/8546/3621 4304/8547/3621 4305/8548/3621
f 4308/8549/3622 4262/8550/3622 4263/8551/3622 4310/8552/3622
f 4309/8553/3622 4243/8554/3622 4240/8555/3622 4307/8556/3622
f 4259/8557/3623 4258/8558/3623 4314/8559/3623 4312/8560/3623
f 4244/8561/3623 4245/8562/3623 4311/8563/3623 4313/8564/3623
f 4316/8565/3624 4256/8566/3624 4257/8567/3624 4318/8568/3624
f 4317/8569/3624 4237/8570/3624 4234/8571/3624 4315/8572/3624
f 4253/8573/3625 4252/8574/3625 4321/8575/3625 4320/8576/3625
f 4238/8577/3625 4239/8578/3625 4319/8579/3625 4322/8580/3625
f 4294/8581/3626 4277/8582/3627 4302/8583/3628
f 4277/8584/3627 4317/8585/3629 4315/8586/3629
f 4325/8587/3630 4296/8588/3630 4289/8589/3631 4327/8590/3631
f 4328/8591/3631 4274/8592/3631 4278/8593/3630 4326/8594/3630
f 4297/8595/3620 4266/8596/3620 4319/8597/3632
f 4309/8598/3633 4307/8599/3633 4266/8596/3620
f 4330/8600/3634 4285/8601/3634 4286/8602/3635 4332/8603/3635
f 4271/8604/3635 4269/8605/3634 4329/8606/3634 4331/8607/3635
f 4268/8608/3636 4313/8609/3637 4311/8610/3637
f 4301/8611/3638 4300/8612/3638 4268/8608/3636
f 4284/8613/3639 4265/8614/3640 4304/8615/3641
f 4265/8616/3640 4320/8617/3642 4321/8618/3642
f 4335/8619/3643 4288/8620/3643 4287/8621/3644 4337/8622/3644
f 4270/8623/3644 4272/8624/3643 4336/8625/3643 4338/8626/3644
f 4298/8627/3621 4273/8628/3621 4318/8629/3645
f 4312/8630/3646 4314/8631/3646 4273/8628/3621
f 4339/8632/3647 4290/8633/3647 4295/8634/3648 4341/8635/3648
f 4275/8636/3647 4340/8637/3647 4342/8638/3648 4279/8639/3648
f 4293/8640/3649 4264/8641/3650 4310/8642/3651
f 4264/8641/3650 4293/8640/3649 4303/8643/3652
f 4207/8481/3592 4261/8644/3653 4263/8332/3453 4213/8335/3455
f 4186/8459/3570 4192/8323/3446 4256/8322/3445 4254/8645/3654
f 4228/8284/3413 4230/8646/3655 4233/8285/3414
f 4135/8398/3514 4241/8647/3656 4245/8302/3428 4141/8305/3430
f 4138/8403/3518 4144/8304/3429 4244/8303/3428 4242/8648/3656
f 4108/8288/3417 4234/8649/3419 4237/8290/3419
f 4138/8403/3518 4242/8648/3656 4240/8650/3427 4132/8300/3425
f 4311/8610/3637 4332/8603/3635 4286/8602/3635 4283/8651/3657
f 4117/8294/3422 4239/8291/3420 4120/8293/3421
f 4159/8426/3540 4249/8652/3658 4251/8311/3436 4165/8434/3439
f 4271/8604/3635 4331/8607/3635 4313/8609/3637 4268/8608/3636
f 4132/8300/3425 4240/8650/3427 4243/8301/3427
f 4210/8486/3596 4216/8334/3454 4262/8333/3453 4260/8653/3653
f 4111/8372/3488 4235/8654/3659 4239/8291/3420 4117/8294/3422
f 4141/8305/3430 4245/8302/3428 4144/8304/3429
f 4087/8343/3462 4231/8655/3660 4281/8340/3460 4093/8344/3458
f 4090/8351/3469 4096/8342/3459 4280/8341/3461 4232/8656/3660
f 4156/8308/3433 4246/8657/3661 4247/8310/3435
f 4090/8351/3469 4232/8656/3660 4230/8646/3655 4228/8284/3413
f 4111/8372/3488 4105/8289/3418 4237/8290/3419 4235/8654/3659
f 4165/8434/3439 4251/8311/3436 4168/8313/3438
f 4207/8481/3592 4201/8329/3451 4259/8331/3452 4261/8644/3653
f 4114/8376/3492 4236/8658/3659 4234/8649/3419 4108/8288/3417
f 4180/8318/3442 4252/8659/3444 4253/8320/3444
f 4162/8430/3544 4248/8660/3658 4246/8657/3661 4156/8308/3433
f 4087/8343/3462 4225/8283/3412 4233/8285/3414 4231/8655/3660
f 4189/8324/3447 4257/8321/3445 4192/8323/3446
f 4183/8455/3566 4255/8661/3654 4257/8321/3445 4189/8324/3447
f 4186/8459/3570 4254/8645/3654 4252/8659/3444 4180/8318/3442
f 4204/8330/3450 4258/8662/3452 4259/8331/3452
f 4114/8376/3492 4120/8293/3421 4238/8292/3420 4236/8658/3659
f 4159/8426/3540 4153/8309/3434 4247/8310/3435 4249/8652/3658
f 4213/8335/3455 4263/8332/3453 4216/8334/3454
f 4269/8663/3618 4131/8397/3513 4125/8391/3507 4266/8664/3618
f 4119/8385/3501 4113/8379/3495 4274/8665/3618
f 4269/8663/3618 4271/8666/3618 4143/8413/3527 4137/8407/3521
f 4273/8667/3618 4197/8474/3585 4191/8468/3579 4270/8668/3618
f 4101/8365/3481 4095/8357/3475 4277/8669/3618
f 4271/8666/3618 4268/8670/3618 4149/8419/3533 4143/8413/3527
f 4267/8671/3618 4265/8672/3618 4167/8440/3553 4161/8433/3547
f 4227/8508/3617 4221/8502/3611 4264/8673/3618
f 4278/8674/3618 4274/8665/3618 4113/8379/3495 4107/8371/3487
f 4272/8675/3618 4270/8668/3618 4185/8462/3573 4179/8454/3565
f 4209/8490/3599 4203/8480/3591 4275/8676/3618
f 4162/8430/3544 4168/8313/3438 4250/8312/3437 4248/8660/3658
f 4275/8676/3618 4203/8480/3591 4197/8474/3585 4273/8667/3618
f 4191/8468/3579 4185/8462/3573 4270/8668/3618
f 4266/8664/3618 4125/8391/3507 4119/8385/3501 4274/8665/3618
f 4279/8677/3618 4264/8673/3618 4221/8502/3611 4215/8496/3605
f 4173/8448/3559 4167/8440/3553 4265/8672/3618
f 4155/8425/3539 4268/8670/3618 4267/8671/3618 4161/8433/3547
f 4276/8678/3618 4277/8669/3618 4095/8357/3475 4089/8356/3474
f 4155/8425/3539 4149/8419/3533 4268/8670/3618
f 4101/8365/3481 4277/8669/3618 4278/8674/3618 4107/8371/3487
f 4227/8508/3617 4264/8673/3618 4276/8678/3618 4089/8356/3474
f 4137/8407/3521 4131/8397/3513 4269/8663/3618
f 4173/8448/3559 4265/8672/3618 4272/8675/3618 4179/8454/3565
f 4210/8486/3596 4260/8653/3653 4258/8662/3452 4204/8330/3450
f 4135/8398/3514 4129/8299/3426 4243/8301/3427 4241/8647/3656
f 4093/8344/3458 4281/8340/3460 4096/8342/3459
f 4297/8679/3619 4289/8680/3619 4116/8382/3498 4122/8388/3504
f 4146/8416/3530 4283/8681/3619 4286/8682/3619 4140/8410/3524
f 4092/8349/3467 4098/8361/3478 4294/8683/3619
f 4288/8684/3619 4284/8685/3619 4170/8444/3556 4176/8451/3562
f 4288/8684/3619 4176/8451/3562 4182/8458/3569 4287/8686/3619
f 4110/8375/3491 4116/8382/3498 4289/8680/3619
f 4128/8394/3510 4285/8687/3619 4297/8679/3619 4122/8388/3504
f 4092/8349/3467 4294/8683/3619 4291/8688/3619 4086/8350/3468
f 4128/8394/3510 4134/8402/3517 4285/8687/3619
f 4110/8375/3491 4289/8680/3619 4296/8689/3619 4104/8368/3484
f 4296/8689/3619 4294/8683/3619 4098/8361/3478 4104/8368/3484
f 4146/8416/3530 4152/8422/3536 4283/8681/3619
f 4224/8505/3614 4086/8350/3468 4291/8688/3619 4292/8690/3619
f 4282/8691/3619 4283/8681/3619 4152/8422/3536 4158/8429/3543
f 4164/8437/3550 4170/8444/3556 4284/8685/3619
f 4218/8499/3608 4293/8692/3619 4295/8693/3619 4212/8493/3602
f 4290/8694/3619 4206/8485/3595 4212/8493/3602 4295/8693/3619
f 4182/8458/3569 4188/8465/3576 4287/8686/3619
f 4164/8437/3550 4284/8685/3619 4282/8691/3619 4158/8429/3543
f 4298/8695/3619 4287/8686/3619 4188/8465/3576 4194/8471/3582
f 4200/8477/3588 4206/8485/3595 4290/8694/3619
f 4200/8477/3588 4290/8694/3619 4298/8695/3619 4194/8471/3582
f 4275/8676/3618 4279/8677/3618 4215/8496/3605 4209/8490/3599
f 4239/8696/3618 4235/8697/3618 4327/8698/3618 4319/8699/3618
f 4332/8700/3618 4311/8701/3618 4245/8702/3618
f 4183/8455/3566 4177/8319/3443 4253/8320/3444 4255/8661/3654
f 4257/8703/3618 4255/8704/3618 4337/8705/3618 4318/8706/3618
f 4341/8707/3618 4310/8708/3618 4263/8709/3618
f 4325/8710/3618 4327/8698/3618 4235/8697/3618 4237/8711/3618
f 4256/8712/3619 4316/8713/3619 4338/8714/3619 4254/8715/3619
f 4238/8716/3619 4322/8717/3619 4328/8718/3619 4236/8719/3619
f 4331/8720/3619 4329/8721/3619 4242/8722/3619 4244/8723/3619
f 4262/8724/3619 4308/8725/3619 4342/8726/3619
f 4330/8727/3618 4332/8700/3618 4245/8702/3618 4241/8728/3618
f 4244/8723/3619 4313/8729/3619 4331/8720/3619
f 4243/8730/3618 4309/8731/3618 4330/8727/3618 4241/8728/3618
f 4236/8719/3619 4328/8718/3619 4326/8732/3619 4234/8733/3619
f 4237/8711/3618 4317/8734/3618 4325/8710/3618
f 4259/8735/3618 4312/8736/3618 4339/8737/3618 4261/8738/3618
f 4339/8737/3618 4341/8707/3618 4263/8709/3618 4261/8738/3618
f 4253/8739/3618 4320/8740/3618 4335/8741/3618
f 4336/8742/3619 4321/8743/3619 4252/8744/3619
f 4342/8726/3619 4340/8745/3619 4260/8746/3619 4262/8724/3619
f 4258/8747/3619 4260/8746/3619 4340/8745/3619 4314/8748/3619
f 4315/8749/3619 4234/8733/3619 4326/8732/3619
f 4338/8714/3619 4336/8742/3619 4252/8744/3619 4254/8715/3619
f 4240/8750/3619 4242/8722/3619 4329/8721/3619 4307/8751/3619
f 4267/8752/3662 4268/8608/3636 4300/8612/3638 4334/8753/3662
f 4285/8754/3634 4330/8755/3634 4309/8598/3633 4297/8595/3620
f 4277/8582/3627 4299/8756/3628 4302/8583/3628
f 4272/8624/3643 4265/8616/3640 4321/8618/3642 4336/8625/3643
f 4277/8584/3627 4294/8757/3626 4317/8585/3629
f 4288/8620/3643 4335/8619/3643 4320/8617/3642 4284/8758/3639
f 4290/8759/3647 4339/8760/3647 4312/8630/3646 4298/8627/3621
f 4270/8623/3644 4338/8626/3644 4316/8761/3645 4273/8628/3621
f 4266/8596/3620 4322/8762/3632 4319/8597/3632
f 4286/8682/3619 4285/8687/3619 4134/8402/3517 4140/8410/3524
f 4287/8621/3644 4298/8627/3621 4318/8629/3645 4337/8622/3644
f 4297/8595/3620 4309/8598/3633 4266/8596/3620
f 4295/8634/3648 4293/8640/3649 4310/8642/3651 4341/8635/3648
f 4283/8651/3657 4268/8608/3636 4311/8610/3637
f 4278/8593/3630 4277/8584/3627 4315/8586/3629 4326/8594/3630
f 4291/8763/3663 4294/8581/3626 4302/8583/3628 4323/8764/3663
f 4276/8765/3664 4264/8641/3650 4306/8766/3652 4324/8767/3664
f 4283/8651/3657 4301/8611/3638 4268/8608/3636
f 4276/8765/3664 4324/8767/3664 4299/8756/3628 4277/8582/3627
f 4282/8768/3662 4333/8769/3662 4301/8611/3638 4283/8651/3657
f 4265/8614/3640 4305/8770/3641 4304/8615/3641
f 4279/8639/3648 4342/8638/3648 4308/8771/3651 4264/8641/3650
f 4265/8616/3640 4284/8758/3639 4320/8617/3642
f 4275/8772/3647 4273/8628/3621 4314/8631/3646 4340/8773/3647
f 4269/8774/3634 4266/8596/3620 4307/8599/3633 4329/8775/3634
f 4289/8589/3631 4297/8595/3620 4319/8597/3632 4327/8590/3631
f 4273/8628/3621 4316/8761/3645 4318/8629/3645
f 4335/8741/3618 4337/8705/3618 4255/8704/3618 4253/8739/3618
f 4274/8592/3631 4328/8591/3631 4322/8762/3632 4266/8596/3620
f 4298/8627/3621 4312/8630/3646 4273/8628/3621
f 4296/8588/3630 4325/8587/3630 4317/8585/3629 4294/8757/3626
f 4224/8505/3614 4292/8690/3619 4293/8692/3619 4218/8499/3608
f 4264/8641/3650 4308/8771/3651 4310/8642/3651
f 4267/8752/3662 4334/8753/3662 4305/8770/3641 4265/8614/3640
f 4282/8768/3662 4284/8613/3639 4304/8615/3641 4333/8769/3662
f 4293/8640/3649 4292/8776/3652 4303/8643/3652
f 4303/8643/3652 4306/8766/3652 4264/8641/3650
f 4323/8764/3663 4303/8643/3652 4292/8776/3652 4291/8763/3663
o Pistol_Grip_low
v -0.090599 -0.106549 0.009000
v -0.088547 -0.100911 0.015000
v -0.094185 -0.098859 0.009000
v -0.090325 -0.105796 0.011996
v -0.093140 -0.104771 0.009000
v -0.092755 -0.104083 0.011869
v -0.091362 -0.099886 0.014198
v -0.089572 -0.103726 0.014198
v -0.092224 -0.102626 0.013420
v -0.094456 -0.101948 0.009000
v -0.093432 -0.099133 0.011996
v -0.093681 -0.102095 0.011869
v -0.058449 -0.018218 0.015000
v -0.056397 -0.012580 0.009000
v -0.064087 -0.016166 0.009000
v -0.057424 -0.015403 0.014198
v -0.061264 -0.017193 0.014198
v -0.060164 -0.014540 0.013420
v -0.059486 -0.012308 0.009000
v -0.056671 -0.013333 0.011996
v -0.059634 -0.013083 0.011869
v -0.063334 -0.016440 0.011996
v -0.062309 -0.013625 0.009000
v -0.061621 -0.014010 0.011869
v -0.090599 -0.106549 -0.009000
v -0.094185 -0.098859 -0.009000
v -0.088547 -0.100911 -0.015000
v -0.093140 -0.104771 -0.009000
v -0.090325 -0.105796 -0.011996
v -0.092755 -0.104083 -0.011869
v -0.093432 -0.099133 -0.011996
v -0.094456 -0.101948 -0.009000
v -0.093681 -0.102095 -0.011869
v -0.089572 -0.103726 -0.014198
v -0.091362 -0.099886 -0.014198
v -0.092224 -0.102626 -0.013420
v -0.056397 -0.012580 -0.009000
v -0.058449 -0.018218 -0.015000
v -0.064087 -0.016166 -0.009000
v -0.056671 -0.013333 -0.011996
v -0.059486 -0.012308 -0.009000
v -0.059634 -0.013083 -0.011869
v -0.061264 -0.017193 -0.014198
v -0.057424 -0.015403 -0.014198
v -0.060164 -0.014540 -0.013420
v -0.062309 -0.013625 -0.009000
v -0.063334 -0.016440 -0.011996
v -0.061621 -0.014010 -0.011869
v -0.071805 -0.113389 0.009000
v -0.069753 -0.107751 0.015000
v -0.068716 -0.113661 0.009000
v -0.071531 -0.112636 0.011996
v -0.068568 -0.112886 0.011869
v -0.064868 -0.109529 0.011996
v -0.065893 -0.112345 0.009000
v -0.066581 -0.111959 0.011869
v -0.070778 -0.110567 0.014198
v -0.066938 -0.108776 0.014198
v -0.068038 -0.111429 0.013420
v -0.037603 -0.019420 0.009000
v -0.039655 -0.025058 0.015000
v -0.034017 -0.027110 0.009000
v -0.037877 -0.020173 0.011996
v -0.035062 -0.021198 0.009000
v -0.035447 -0.021886 0.011869
v -0.036840 -0.026083 0.014198
v -0.038630 -0.022243 0.014198
v -0.035978 -0.023343 0.013420
v -0.033746 -0.024021 0.009000
v -0.034770 -0.026836 0.011996
v -0.034521 -0.023874 0.011869
v -0.071805 -0.113389 -0.009000
v -0.069753 -0.107751 -0.015000
v -0.071531 -0.112636 -0.011996
v -0.068716 -0.113661 -0.009000
v -0.068568 -0.112886 -0.011869
v -0.066938 -0.108776 -0.014198
v -0.070778 -0.110567 -0.014198
v -0.068038 -0.111429 -0.013420
v -0.065893 -0.112345 -0.009000
v -0.064868 -0.109529 -0.011996
v -0.066581 -0.111959 -0.011869
v -0.037603 -0.019420 -0.009000
v -0.034017 -0.027110 -0.009000
v -0.039655 -0.025058 -0.015000
v -0.035062 -0.021198 -0.009000
v -0.037877 -0.020173 -0.011996
v -0.035447 -0.021886 -0.011869
v -0.034770 -0.026836 -0.011996
v -0.033746 -0.024021 -0.009000
v -0.034521 -0.023874 -0.011869
v -0.038630 -0.022243 -0.014198
v -0.036840 -0.026083 -0.014198
v -0.035978 -0.023343 -0.013420
v -0.061158 -0.101681 -0.009000
v -0.056798 -0.089699 -0.009000
v -0.053634 -0.081007 -0.009000
v -0.049273 -0.069026 -0.009000
v -0.046109 -0.060334 -0.009000
v -0.061158 -0.101681 0.009000
v -0.056798 -0.089699 0.009000
v -0.053634 -0.081007 0.009000
v -0.049273 -0.069026 0.009000
v -0.046109 -0.060334 0.009000
v -0.064613 -0.109622 0.010980
v -0.064523 -0.110071 0.009678
v -0.064415 -0.110233 0.009000
v -0.064504 -0.110099 -0.009427
v -0.064415 -0.110233 -0.009000
v -0.064523 -0.110071 -0.009678
v -0.064613 -0.109622 -0.010980
v -0.056999 -0.089398 -0.010093
v -0.049474 -0.068725 -0.010093
v -0.064715 -0.109108 -0.011996
v -0.062285 -0.102434 -0.011996
v -0.057190 -0.088435 -0.011996
v -0.054761 -0.081761 -0.011996
v -0.049666 -0.067762 -0.011996
v -0.047237 -0.061087 -0.011996
v -0.065018 -0.107584 -0.012802
v -0.064523 -0.105096 -0.013188
v -0.063114 -0.102988 -0.012585
v -0.057494 -0.086911 -0.012802
v -0.055590 -0.082314 -0.012585
v -0.049969 -0.066237 -0.012802
v -0.056999 -0.084423 -0.013188
v -0.048065 -0.061641 -0.012585
v -0.049474 -0.063750 -0.013188
v -0.065018 -0.107584 0.012802
v -0.064523 -0.105096 0.013188
v -0.063114 -0.102988 0.012585
v -0.057494 -0.086911 0.012802
v -0.056999 -0.084423 0.013188
v -0.064715 -0.109108 0.011996
v -0.062285 -0.102434 0.011996
v -0.057190 -0.088435 0.011996
v -0.049666 -0.067762 0.011996
v -0.049969 -0.066237 0.012802
v -0.047237 -0.061087 0.011996
v -0.048065 -0.061641 0.012585
v -0.049474 -0.063750 0.013188
v -0.054761 -0.081761 0.011996
v -0.055590 -0.082314 0.012585
v -0.056999 -0.089398 0.010093
v -0.049474 -0.068725 0.010093
v -0.064504 -0.110099 0.009427
vn 0.0297 -0.0202 0.9994
vn 0.0358 -0.0037 0.9994
vn -0.0297 0.0202 0.9994
vn -0.0358 0.0037 0.9994
vn 0.9390 -0.3418 -0.0387
vn 0.9459 -0.3221 -0.0386
vn 0.9459 -0.3221 0.0386
vn 0.9390 -0.3418 0.0387
vn 0.9389 -0.3417 -0.0407
vn 0.9389 -0.3417 0.0407
vn 0.3743 0.9265 -0.0381
vn 0.3089 0.9503 -0.0381
vn 0.3089 0.9503 0.0381
vn 0.3743 0.9265 0.0381
vn -0.9420 0.3335 0.0381
vn -0.9360 0.3500 0.0381
vn -0.9360 0.3500 -0.0381
vn -0.9420 0.3335 -0.0381
vn -0.0358 0.0036 -0.9994
vn -0.0297 0.0202 -0.9994
vn 0.0358 -0.0036 -0.9994
vn 0.0297 -0.0202 -0.9994
vn -0.3743 -0.9265 0.0381
vn -0.3245 -0.8040 0.4983
vn -0.6686 -0.6152 0.4178
vn -0.7644 -0.6439 0.0328
vn -0.1985 -0.4580 0.8665
vn -0.5356 -0.2497 0.8067
vn -0.4723 0.1639 0.8661
vn -0.8164 0.2892 0.4999
vn -0.9010 -0.1167 0.4178
vn -0.9846 -0.1717 0.0328
vn 0.1423 0.4785 0.8665
vn -0.2497 0.5356 0.8067
vn -0.4671 0.1780 0.8661
vn 0.2683 0.8245 0.4983
vn -0.1167 0.9010 0.4178
vn -0.1717 0.9846 0.0328
vn -0.6439 0.7644 0.0328
vn -0.6152 0.6686 0.4179
vn -0.8113 0.3033 0.4999
vn -0.3743 -0.9265 -0.0381
vn -0.7644 -0.6439 -0.0328
vn -0.6686 -0.6152 -0.4179
vn -0.3245 -0.8040 -0.4983
vn -0.9846 -0.1717 -0.0328
vn -0.9010 -0.1167 -0.4179
vn -0.8164 0.2892 -0.4999
vn -0.4723 0.1639 -0.8661
vn -0.5356 -0.2497 -0.8067
vn -0.1985 -0.4580 -0.8665
vn 0.2683 0.8245 -0.4983
vn -0.1167 0.9010 -0.4179
vn -0.1717 0.9846 -0.0328
vn 0.1423 0.4785 -0.8665
vn -0.2497 0.5356 -0.8067
vn -0.4671 0.1780 -0.8661
vn -0.8113 0.3033 -0.4999
vn -0.6152 0.6686 -0.4178
vn -0.6439 0.7644 -0.0328
vn -0.3089 -0.9503 0.0381
vn 0.1717 -0.9846 0.0328
vn 0.1167 -0.9010 0.4179
vn -0.2683 -0.8245 0.4983
vn 0.6239 -0.7809 0.0312
vn 0.6028 -0.6740 0.4270
vn 0.6331 -0.4533 0.6275
vn 0.3712 -0.1464 0.9170
vn 0.2497 -0.5356 0.8067
vn -0.1423 -0.4785 0.8665
vn 0.3245 0.8040 0.4983
vn 0.6686 0.6152 0.4178
vn 0.7644 0.6439 0.0328
vn 0.1985 0.4580 0.8665
vn 0.5356 0.2497 0.8067
vn 0.4133 -0.1404 0.8997
vn 0.8566 -0.2876 0.4284
vn 0.9010 0.1167 0.4178
vn 0.9846 0.1717 0.0328
vn -0.3089 -0.9503 -0.0381
vn -0.2683 -0.8245 -0.4983
vn 0.1167 -0.9010 -0.4179
vn 0.1717 -0.9846 -0.0328
vn -0.1423 -0.4785 -0.8665
vn 0.2497 -0.5356 -0.8067
vn 0.3712 -0.1464 -0.9170
vn 0.6331 -0.4533 -0.6275
vn 0.6028 -0.6740 -0.4270
vn 0.7907 -0.5579 -0.2519
vn 0.8131 -0.5428 -0.2106
vn 0.6239 -0.7809 -0.0312
vn 0.7644 0.6439 -0.0328
vn 0.6686 0.6152 -0.4179
vn 0.3245 0.8040 -0.4983
vn 0.9846 0.1717 -0.0328
vn 0.9010 0.1167 -0.4179
vn 0.8566 -0.2876 -0.4284
vn 0.4133 -0.1404 -0.8997
vn 0.5356 0.2497 -0.8067
vn 0.1985 0.4580 -0.8665
vn 0.9078 -0.3304 -0.2585
vn 0.7918 -0.5540 -0.2571
vn 0.6645 -0.2418 -0.7071
vn 0.8194 -0.5733 0.0041
vn 0.8194 -0.5733 -0.0041
vn 0.6645 -0.2418 0.7071
vn 0.9078 -0.3304 0.2584
vn 0.7918 -0.5540 0.2571
vn 0.9078 -0.3304 0.2585
vn 0.8315 0.5556 -0.0000
vn 0.9723 0.2339 -0.0000
vn 0.9808 0.1951 -0.0000
vn 1.0000 -0.0090 -0.0000
vn 0.9242 -0.3819 -0.0000
vn 0.7217 -0.6922 -0.0000
vn 0.5556 -0.8315 -0.0000
vn 0.9982 -0.0603 0.0001
vn 0.9829 0.1839 0.0092
vn 0.9761 0.2175 0.0003
vn 1.0000 -0.0091 -0.0001
vn 0.9709 0.2393 -0.0006
vn 0.8131 -0.5428 0.2106
vn 0.7907 -0.5579 0.2519
vn 0.9966 -0.0271 0.0778
vn 0.9838 0.1785 -0.0137
vt 0.631809 0.540171
vt 0.631809 0.454587
vt 0.651259 0.454587
vt 0.651260 0.540171
vt 0.122554 0.748740
vt 0.122551 0.714486
vt 0.140057 0.714486
vt 0.140060 0.748740
vt 0.818434 0.163343
vt 0.806081 0.163343
vt 0.806081 0.145838
vt 0.818434 0.145837
vt 0.232108 0.817245
vt 0.219755 0.817246
vt 0.219755 0.799740
vt 0.232108 0.799739
vt 0.242998 0.783125
vt 0.224342 0.783125
vt 0.224342 0.765619
vt 0.242998 0.765619
vt 0.652383 0.304029
vt 0.652383 0.220855
vt 0.669367 0.219855
vt 0.669367 0.303028
vt 0.629667 0.644511
vt 0.629667 0.558927
vt 0.649118 0.558927
vt 0.649118 0.644511
vt 0.631809 0.745212
vt 0.628895 0.745212
vt 0.629018 0.742422
vt 0.631809 0.742298
vt 0.626753 0.745212
vt 0.627510 0.742422
vt 0.654173 0.540171
vt 0.654050 0.542961
vt 0.651260 0.543085
vt 0.656315 0.540171
vt 0.655558 0.542961
vt 0.652572 0.307039
vt 0.650049 0.307251
vt 0.649745 0.304373
vt 0.653092 0.309610
vt 0.650414 0.309062
vt 0.629018 0.740914
vt 0.651259 0.451673
vt 0.654050 0.451796
vt 0.654173 0.454587
vt 0.223515 0.760563
vt 0.224122 0.762705
vt 0.221231 0.762829
vt 0.220804 0.761321
vt 0.221327 0.765619
vt 0.218666 0.765619
vt 0.219358 0.762829
vt 0.649745 0.221200
vt 0.650049 0.218654
vt 0.652572 0.218201
vt 0.656315 0.454587
vt 0.655558 0.451796
vt 0.649314 0.745212
vt 0.649314 0.742298
vt 0.652105 0.742422
vt 0.652228 0.745212
vt 0.670075 0.308610
vt 0.669556 0.306038
vt 0.672446 0.305932
vt 0.672812 0.307742
vt 0.672382 0.303040
vt 0.674980 0.303407
vt 0.674275 0.306191
vt 0.629667 0.647424
vt 0.626876 0.647301
vt 0.626753 0.644511
vt 0.654370 0.745212
vt 0.653613 0.742422
vt 0.224122 0.786039
vt 0.221231 0.785915
vt 0.221327 0.783125
vt 0.223515 0.788181
vt 0.220804 0.787423
vt 0.626753 0.558927
vt 0.626876 0.556136
vt 0.629667 0.556013
vt 0.674980 0.220234
vt 0.672382 0.219866
vt 0.672446 0.217335
vt 0.674275 0.217593
vt 0.669556 0.217201
vt 0.218666 0.783125
vt 0.219358 0.785915
vt 0.631809 0.764663
vt 0.631809 0.767577
vt 0.629018 0.767453
vt 0.628895 0.764663
vt 0.631809 0.769719
vt 0.629018 0.768961
vt 0.626753 0.540171
vt 0.628895 0.540171
vt 0.629018 0.542961
vt 0.627510 0.542961
vt 0.631809 0.543085
vt 0.631809 0.545226
vt 0.629018 0.544469
vt 0.242778 0.762705
vt 0.245240 0.762829
vt 0.245572 0.765619
vt 0.631809 0.449531
vt 0.631809 0.451673
vt 0.629018 0.451796
vt 0.629018 0.450288
vt 0.628895 0.454587
vt 0.145115 0.714231
vt 0.142972 0.714418
vt 0.142849 0.711572
vt 0.144358 0.711440
vt 0.140058 0.711515
vt 0.140059 0.709194
vt 0.142850 0.709938
vt 0.649314 0.764663
vt 0.652228 0.764663
vt 0.652105 0.767453
vt 0.649314 0.767577
vt 0.649118 0.649566
vt 0.649118 0.647424
vt 0.651908 0.647301
vt 0.651908 0.648809
vt 0.652031 0.644511
vt 0.654173 0.644511
vt 0.653416 0.647301
vt 0.247333 0.746290
vt 0.247355 0.746045
vt 0.249813 0.745630
vt 0.649314 0.769719
vt 0.652105 0.768961
vt 0.653613 0.767453
vt 0.245572 0.783125
vt 0.245240 0.785915
vt 0.242778 0.786039
vt 0.122553 0.709194
vt 0.122552 0.711515
vt 0.119762 0.711572
vt 0.119763 0.709938
vt 0.119638 0.714418
vt 0.117498 0.714231
vt 0.118255 0.711440
vt 0.649118 0.556013
vt 0.651908 0.556136
vt 0.652031 0.558926
vt 0.649118 0.553871
vt 0.651908 0.554628
vt 0.654370 0.764663
vt 0.629667 0.553871
vt 0.819425 0.166256
vt 0.804992 0.166257
vt 0.805848 0.164406
vt 0.219523 0.818308
vt 0.233099 0.820158
vt 0.218666 0.820159
vt 0.246911 0.748544
vt 0.246477 0.748544
vt 0.246934 0.747556
vt 0.119641 0.749731
vt 0.653389 0.621386
vt 0.653600 0.637949
vt 0.653014 0.640345
vt 0.247458 0.728125
vt 0.249813 0.728124
vt 0.247458 0.745630
vt 0.627912 0.493213
vt 0.246477 0.725210
vt 0.246911 0.725210
vt 0.246934 0.726199
vt 0.805848 0.144775
vt 0.804992 0.142923
vt 0.819425 0.142922
vt 0.219523 0.798678
vt 0.218666 0.796826
vt 0.233099 0.796825
vt 0.142974 0.749731
vt 0.626753 0.764663
vt 0.651259 0.449531
vt 0.013284 0.802898
vt 0.013284 0.820404
vt 0.013051 0.821466
vt 0.013051 0.801835
vt 0.012195 0.823317
vt 0.010839 0.824101
vt 0.010839 0.799199
vt 0.012195 0.799984
vt 0.008377 0.824476
vt 0.008377 0.798824
vt 0.006042 0.823891
vt 0.006042 0.799411
vt 0.004322 0.820405
vt 0.004322 0.802899
vt 0.005313 0.799984
vt 0.005313 0.823318
vt 0.209891 0.802538
vt 0.209891 0.820044
vt 0.209658 0.821106
vt 0.209658 0.801475
vt 0.208802 0.822957
vt 0.207446 0.823741
vt 0.207446 0.798839
vt 0.208802 0.799624
vt 0.204985 0.824116
vt 0.204985 0.798464
vt 0.202649 0.823530
vt 0.202649 0.799051
vt 0.200929 0.820045
vt 0.200929 0.802539
vt 0.201920 0.799624
vt 0.201920 0.822958
vt 0.249624 0.748420
vt 0.823172 0.447870
vt 0.824985 0.449643
vt 0.825406 0.451153
vt 0.823172 0.472772
vt 0.820711 0.473147
vt 0.820711 0.447494
vt 0.818375 0.472561
vt 0.818375 0.448081
vt 0.816656 0.469075
vt 0.816656 0.451569
vt 0.817647 0.448655
vt 0.817647 0.471988
vt 0.249624 0.725333
vt 0.825509 0.469074
vt 0.825406 0.469489
vt 0.825509 0.451569
vt 0.247355 0.727709
vt 0.247333 0.727465
vt 0.654173 0.644075
vt 0.654173 0.558926
vt 0.654173 0.594375
vt 0.653600 0.595157
vt 0.653389 0.642783
vt 0.653014 0.597553
vt 0.653389 0.599990
vt 0.654173 0.601283
vt 0.653600 0.616553
vt 0.654173 0.615771
vt 0.653014 0.618949
vt 0.654173 0.622679
vt 0.654173 0.637167
vt 0.627326 0.512213
vt 0.626753 0.511431
vt 0.626753 0.496943
vt 0.627537 0.495651
vt 0.627912 0.514609
vt 0.626753 0.532827
vt 0.626753 0.518339
vt 0.627326 0.533609
vt 0.627537 0.517047
vt 0.627912 0.536005
vt 0.626753 0.539735
vt 0.627537 0.538443
vt 0.626753 0.490035
vt 0.626753 0.454587
vt 0.627326 0.490817
vt 0.824528 0.448654
vt 0.825385 0.450909
vt 0.825385 0.469734
vt 0.824985 0.471000
vt 0.824528 0.471988
s 1
usemtl M416_Final_Metal
f 4392/8777/3665 4403/8778/3666 4355/8779/3667 4344/8780/3668
f 4441/8781/3669 4426/8782/3670 4404/8783/3671 4446/8784/3672
f 4437/8785/3673 4438/8786/3673 4443/8787/3674 4442/8788/3674
f 4439/8789/3673 4440/8790/3673 4445/8791/3674 4444/8792/3674
f 4425/8793/3675 4379/8794/3676 4356/8795/3677 4402/8796/3678
f 4345/8797/3679 4357/8798/3680 4381/8799/3681 4368/8800/3682
f 4369/8801/3683 4380/8802/3684 4427/8803/3685 4415/8804/3686
f 4343/8805/3687 4346/8806/3688 4348/8807/3689 4347/8808/3690
f 4346/8806/3688 4350/8809/3691 4351/8810/3692 4348/8807/3689
f 4344/8780/3668 4349/8811/3693 4351/8812/3692 4350/8813/3691
f 4349/8811/3693 4353/8814/3694 4354/8815/3695 4351/8812/3692
f 4345/8797/3679 4352/8816/3696 4354/8817/3695 4353/8818/3694
f 4352/8816/3696 4347/8819/3690 4348/8820/3689 4354/8817/3695
f 4354/8821/3695 4348/8807/3689 4351/8810/3692
f 4355/8779/3667 4358/8822/3697 4360/8823/3698 4359/8824/3699
f 4358/8825/3697 4362/8826/3700 4363/8827/3701 4360/8828/3698
f 4356/8795/3677 4361/8829/3702 4363/8827/3701 4362/8826/3700
f 4361/8829/3702 4365/8830/3703 4366/8831/3704 4363/8827/3701
f 4357/8798/3680 4364/8832/3705 4366/8833/3704 4365/8834/3703
f 4364/8835/3705 4359/8824/3699 4360/8823/3698 4366/8836/3704
f 4366/8831/3704 4360/8828/3698 4363/8827/3701
f 4367/8837/3706 4370/8838/3707 4372/8839/3708 4371/8840/3709
f 4370/8841/3707 4374/8842/3710 4375/8843/3711 4372/8844/3708
f 4368/8800/3682 4373/8845/3712 4375/8843/3711 4374/8842/3710
f 4373/8845/3712 4377/8846/3713 4378/8847/3714 4375/8843/3711
f 4369/8801/3683 4376/8848/3715 4378/8849/3714 4377/8850/3713
f 4376/8851/3715 4371/8840/3709 4372/8839/3708 4378/8852/3714
f 4375/8843/3711 4378/8847/3714 4372/8844/3708
f 4379/8794/3676 4382/8853/3716 4384/8854/3717 4383/8855/3718
f 4382/8853/3716 4386/8856/3719 4387/8857/3720 4384/8854/3717
f 4380/8802/3684 4385/8858/3721 4387/8859/3720 4386/8860/3719
f 4385/8861/3721 4389/8862/3722 4390/8863/3723 4387/8864/3720
f 4381/8799/3681 4388/8865/3724 4390/8863/3723 4389/8862/3722
f 4388/8866/3724 4383/8855/3718 4384/8854/3717 4390/8867/3723
f 4387/8857/3720 4390/8867/3723 4384/8854/3717
f 4391/8868/3725 4393/8869/3726 4395/8870/3727 4394/8871/3728
f 4393/8869/3726 4397/8872/3729 4398/8873/3730 4395/8870/3727
f 4396/8874/3731 4400/8875/3732 4401/8876/3733 4398/8877/3730
f 4392/8777/3665 4399/8878/3734 4401/8876/3733 4400/8875/3732
f 4399/8878/3734 4394/8879/3728 4395/8880/3727 4401/8876/3733
f 4395/8880/3727 4398/8877/3730 4401/8876/3733
f 4402/8796/3678 4405/8881/3735 4407/8882/3736 4406/8883/3737
f 4405/8884/3735 4409/8885/3738 4410/8886/3739 4407/8887/3736
f 4403/8778/3666 4408/8888/3740 4410/8886/3739 4409/8885/3738
f 4408/8889/3740 4412/8890/3741 4413/8891/3742 4410/8892/3739
f 4404/8783/3671 4411/8893/3743 4413/8891/3742 4412/8890/3741
f 4411/8893/3743 4406/8894/3737 4407/8895/3736 4413/8891/3742
f 4410/8892/3739 4413/8891/3742 4407/8895/3736
f 4414/8896/3744 4416/8897/3745 4418/8898/3746 4417/8899/3747
f 4416/8900/3745 4420/8901/3748 4421/8902/3749 4418/8903/3746
f 4415/8804/3686 4419/8904/3750 4421/8902/3749 4420/8901/3748
f 4419/8904/3750 4423/8905/3751 4424/8906/3752 4421/8902/3749
f 4452/8907/3753 4450/8908/3754 4422/8909/3755
f 4422/8910/3755 4417/8899/3747 4418/8898/3746 4424/8911/3752
f 4421/8912/3749 4424/8911/3752 4418/8898/3746
f 4425/8793/3675 4428/8913/3756 4430/8914/3757 4429/8915/3758
f 4428/8916/3756 4432/8917/3759 4433/8918/3760 4430/8919/3757
f 4426/8782/3670 4431/8920/3761 4433/8918/3760 4432/8917/3759
f 4431/8920/3761 4435/8921/3762 4436/8922/3763 4433/8918/3760
f 4427/8803/3685 4434/8923/3764 4436/8924/3763 4435/8925/3762
f 4434/8923/3764 4429/8926/3758 4430/8927/3757 4436/8924/3763
f 4430/8919/3757 4433/8918/3760 4436/8922/3763
f 4367/8837/3706 4343/8805/3687 4347/8808/3690 4370/8838/3707
f 4370/8841/3707 4347/8819/3690 4352/8816/3696 4374/8842/3710
f 4374/8842/3710 4352/8816/3696 4345/8797/3679 4368/8800/3682
f 4344/8780/3668 4355/8779/3667 4359/8824/3699 4349/8811/3693
f 4349/8811/3693 4359/8824/3699 4364/8835/3705 4353/8814/3694
f 4353/8818/3694 4364/8832/3705 4357/8798/3680 4345/8797/3679
f 4356/8795/3677 4379/8794/3676 4383/8855/3718 4361/8829/3702
f 4361/8829/3702 4383/8855/3718 4388/8866/3724 4365/8830/3703
f 4365/8834/3703 4388/8865/3724 4381/8799/3681 4357/8798/3680
f 4380/8802/3684 4369/8801/3683 4377/8850/3713 4385/8858/3721
f 4385/8861/3721 4377/8846/3713 4373/8845/3712 4389/8862/3722
f 4389/8862/3722 4373/8845/3712 4368/8800/3682 4381/8799/3681
f 4414/8896/3744 4367/8837/3706 4371/8840/3709 4416/8897/3745
f 4416/8897/3745 4371/8840/3709 4376/8851/3715 4420/8928/3748
f 4420/8901/3748 4376/8848/3715 4369/8801/3683 4415/8804/3686
f 4379/8794/3676 4425/8793/3675 4429/8915/3758 4382/8853/3716
f 4382/8929/3716 4429/8926/3758 4434/8923/3764 4386/8860/3719
f 4386/8860/3719 4434/8923/3764 4427/8803/3685 4380/8802/3684
f 4438/8786/3673 4437/8785/3673 4457/8930/3765 4458/8931/3765 4454/8932/3765
f 4455/8933/3765 4440/8790/3673 4439/8789/3673 4459/8934/3765 4460/8935/3765
f 4423/8936/3751 4456/8937/3765 4453/8938/3766
f 4461/8939/3765 4431/8920/3761 4426/8782/3670 4441/8781/3669
f 4465/8940/3767 4464/8941/3767 4463/8942/3767
f 4435/8925/3762 4419/8904/3750 4415/8804/3686 4427/8803/3685
f 4391/8868/3725 4414/8896/3744 4417/8899/3747 4393/8869/3726
f 4393/8869/3726 4417/8899/3747 4422/8910/3755 4397/8872/3729
f 4449/8943/3768 4397/8944/3729 4422/8909/3755 4451/8945/3769
f 4425/8793/3675 4402/8796/3678 4406/8883/3737 4428/8913/3756
f 4428/8916/3756 4406/8894/3737 4411/8893/3743 4432/8917/3759
f 4432/8917/3759 4411/8893/3743 4404/8783/3671 4426/8782/3670
f 4403/8778/3666 4392/8777/3665 4400/8875/3732 4408/8888/3740
f 4483/8946/3770 4408/8888/3740 4400/8875/3732
f 4476/8947/3771 4396/8948/3731 4447/8949/3772
f 4442/8788/3674 4443/8787/3674 4486/8950/3773 4478/8951/3773 4477/8952/3773
f 4444/8792/3674 4445/8791/3674 4487/8953/3773 4479/8954/3773 4484/8955/3773
f 4446/8784/3672 4404/8783/3671 4412/8890/3741 4481/8956/3773
f 4343/8805/3687 4391/8868/3725 4394/8871/3728 4346/8806/3688
f 4346/8806/3688 4394/8871/3728 4399/8957/3734 4350/8809/3691
f 4350/8813/3691 4399/8878/3734 4392/8777/3665 4344/8780/3668
f 4402/8796/3678 4356/8795/3677 4362/8826/3700 4405/8881/3735
f 4405/8884/3735 4362/8958/3700 4358/8822/3697 4409/8885/3738
f 4409/8885/3738 4358/8822/3697 4355/8779/3667 4403/8778/3666
f 4367/8837/3706 4414/8896/3744 4391/8868/3725 4343/8805/3687
f 4445/8959/3774 4440/8960/3774 4455/8961/3775 4487/8962/3775
f 4487/8962/3775 4455/8961/3775 4460/8963/3776 4467/8964/3777 4480/8965/3777 4479/8966/3776
f 4480/8965/3777 4467/8964/3777 4470/8967/3778 4483/8968/3778
f 4470/8967/3778 4469/8969/3779 4482/8970/3779 4483/8968/3778
f 4441/8971/3780 4446/8972/3780 4481/8973/3780 4482/8970/3779 4469/8969/3779 4461/8974/3780
f 4443/8975/3774 4438/8976/3774 4454/8977/3775 4486/8978/3775
f 4486/8978/3775 4454/8977/3775 4458/8979/3776 4465/8980/3777 4474/8981/3777 4478/8982/3776
f 4474/8981/3777 4465/8980/3777 4468/8983/3778 4475/8984/3778
f 4468/8983/3778 4466/8985/3779 4485/8986/3779 4475/8984/3778
f 4439/8987/3780 4444/8988/3780 4484/8989/3780 4485/8986/3779 4466/8985/3779 4459/8990/3780
f 4424/8991/3752 4453/8938/3766 4452/8907/3753 4422/8909/3755
f 4471/8992/3781 4447/8993/3782 4488/8994/3783
f 4471/8992/3781 4462/8995/3784 4463/8996/3778 4472/8997/3778
f 4463/8996/3778 4464/8998/3779 4473/8999/3779 4472/8997/3778
f 4437/9000/3780 4442/9001/3780 4477/9002/3780 4473/8999/3779 4464/8998/3779 4457/9003/3780
f 4447/8949/3772 4396/8948/3731 4398/9004/3730
f 4451/9005/3774 4450/9006/3785 4488/8994/3783 4449/9007/3774
f 4397/8944/3729 4449/8943/3768 4488/9008/3786
f 4448/9009/3787 4397/8944/3729 4488/9008/3786
f 4450/8908/3754 4451/8945/3769 4422/8909/3755
f 4424/8991/3752 4423/8936/3751 4453/8938/3766
f 4456/9010/3767 4423/8905/3751 4419/8904/3750
f 4435/8925/3762 4431/9011/3761 4461/9012/3767
f 4435/8925/3762 4461/9012/3767 4469/9013/3767
f 4462/9014/3767 4456/9010/3767 4419/8904/3750
f 4463/8942/3767 4462/9014/3767 4419/8904/3750
f 4435/8925/3762 4469/9013/3767 4470/9015/3767
f 4467/9016/3767 4460/9017/3767 4466/9018/3767
f 4460/9017/3767 4459/9019/3767 4466/9018/3767
f 4419/8904/3750 4435/8925/3762 4470/9015/3767
f 4470/9015/3767 4467/9016/3767 4468/9020/3767
f 4467/9016/3767 4466/9018/3767 4468/9020/3767
f 4463/8942/3767 4419/8904/3750 4465/8940/3767
f 4419/8904/3750 4470/9015/3767 4468/9020/3767
f 4458/9021/3767 4457/9022/3767 4464/8941/3767
f 4465/8940/3767 4458/9021/3767 4464/8941/3767
f 4419/8904/3750 4468/9020/3767 4465/8940/3767
f 4485/9023/3770 4484/9024/3770 4479/9025/3770
f 4485/9023/3770 4479/9025/3770 4480/9026/3770
f 4475/9027/3770 4485/9023/3770 4480/9026/3770
f 4475/9027/3770 4480/9026/3770 4483/8946/3770
f 4477/9028/3770 4478/9029/3770 4473/9030/3770
f 4478/9029/3770 4474/9031/3770 4473/9030/3770
f 4474/9031/3770 4475/9027/3770 4400/8875/3732
f 4473/9030/3770 4474/9031/3770 4472/9032/3770
f 4472/9032/3770 4474/9031/3770 4400/8875/3732
f 4396/8874/3731 4476/9033/3770 4400/8875/3732
f 4476/9033/3770 4471/9034/3770 4400/8875/3732
f 4481/9035/3770 4412/9036/3741 4408/8888/3740
f 4482/9037/3770 4481/9035/3770 4408/8888/3740
f 4400/8875/3732 4471/9034/3770 4472/9032/3770
f 4483/8946/3770 4482/9037/3770 4408/8888/3740
f 4400/8875/3732 4475/9027/3770 4483/8946/3770
f 4471/8992/3781 4476/9038/3776 4447/8993/3782
f 4447/8993/3782 4448/9039/3788 4488/8994/3783
f 4488/8994/3783 4450/9006/3785 4462/8995/3784
f 4450/9006/3785 4452/9040/3789 4462/8995/3784
f 4452/9040/3789 4453/9041/3776 4462/8995/3784
f 4453/9041/3776 4456/9042/3776 4462/8995/3784
f 4462/8995/3784 4471/8992/3781 4488/8994/3783
f 4448/9009/3787 4447/8949/3772 4398/9004/3730 4397/8944/3729
o Red_Dot_Lens_low
v 0.039250 0.105000 -0.014500
v 0.040750 0.105000 -0.014500
v 0.039250 0.102171 -0.014221
v 0.040750 0.102171 -0.014221
v 0.039250 0.099451 -0.013396
v 0.040750 0.099451 -0.013396
v 0.039250 0.096944 -0.012056
v 0.040750 0.096944 -0.012056
v 0.039250 0.094747 -0.010253
v 0.040750 0.094747 -0.010253
v 0.039250 0.092944 -0.008056
v 0.040750 0.092944 -0.008056
v 0.039250 0.091604 -0.005549
v 0.040750 0.091604 -0.005549
v 0.039250 0.090779 -0.002829
v 0.040750 0.090779 -0.002829
v 0.039250 0.090500 0.000000
v 0.040750 0.090500 0.000000
v 0.039250 0.090779 0.002829
v 0.040750 0.090779 0.002829
v 0.039250 0.091604 0.005549
v 0.040750 0.091604 0.005549
v 0.039250 0.092944 0.008056
v 0.040750 0.092944 0.008056
v 0.039250 0.094747 0.010253
v 0.040750 0.094747 0.010253
v 0.039250 0.096944 0.012056
v 0.040750 0.096944 0.012056
v 0.039250 0.099451 0.013396
v 0.040750 0.099451 0.013396
v 0.039250 0.102171 0.014221
v 0.040750 0.102171 0.014221
v 0.039250 0.105000 0.014500
v 0.040750 0.105000 0.014500
v 0.039250 0.107829 0.014221
v 0.040750 0.107829 0.014221
v 0.039250 0.110549 0.013396
v 0.040750 0.110549 0.013396
v 0.039250 0.113056 0.012056
v 0.040750 0.113056 0.012056
v 0.039250 0.115253 0.010253
v 0.040750 0.115253 0.010253
v 0.039250 0.117056 0.008056
v 0.040750 0.117056 0.008056
v 0.039250 0.118396 0.005549
v 0.040750 0.118396 0.005549
v 0.039250 0.119221 0.002829
v 0.040750 0.119221 0.002829
v 0.039250 0.119500 0.000000
v 0.040750 0.119500 0.000000
v 0.039250 0.119221 -0.002829
v 0.040750 0.119221 -0.002829
v 0.039250 0.118396 -0.005549
v 0.040750 0.118396 -0.005549
v 0.039250 0.117056 -0.008056
v 0.040750 0.117056 -0.008056
v 0.039250 0.115253 -0.010253
v 0.040750 0.115253 -0.010253
v 0.039250 0.113056 -0.012056
v 0.040750 0.113056 -0.012056
v 0.039250 0.110549 -0.013396
v 0.040750 0.110549 -0.013396
v 0.039250 0.107829 -0.014221
v 0.040750 0.107829 -0.014221
vn -0.0000 -0.0000 -1.0000
vn -0.0000 -0.1951 -0.9808
vn -0.0000 -0.3827 -0.9239
vn -0.0000 -0.5556 -0.8315
vn -0.0000 -0.7071 -0.7071
vn -0.0000 -0.8315 -0.5556
vn -0.0000 -0.9239 -0.3827
vn -0.0000 -0.9808 -0.1951
vn -0.0000 -1.0000 -0.0000
vn -0.0000 -0.9808 0.1951
vn -0.0000 -0.9239 0.3827
vn -0.0000 -0.8315 0.5556
vn -0.0000 -0.7071 0.7071
vn -0.0000 -0.5556 0.8315
vn -0.0000 -0.3827 0.9239
vn -0.0000 -0.1951 0.9808
vn -0.0000 -0.0000 1.0000
vn -0.0000 0.1951 0.9808
vn -0.0000 0.3827 0.9239
vn -0.0000 0.5556 0.8315
vn -0.0000 0.7071 0.7071
vn -0.0000 0.8315 0.5556
vn -0.0000 0.9239 0.3827
vn -0.0000 0.9808 0.1951
vn -0.0000 1.0000 -0.0000
vn -0.0000 0.9808 -0.1951
vn -0.0000 0.9239 -0.3827
vn -0.0000 0.8315 -0.5556
vn -0.0000 0.7071 -0.7071
vn -0.0000 0.5556 -0.8315
vn -0.0000 0.3827 -0.9239
vn 1.0000 -0.0000 -0.0000
vn -0.0000 0.1951 -0.9808
vn -1.0000 -0.0000 -0.0000
vt 0.523007 0.776160
vt 0.524466 0.776160
vt 0.524466 0.778714
vt 0.523007 0.778714
vt 0.524466 0.781425
vt 0.523007 0.781425
vt 0.524466 0.784190
vt 0.523007 0.784190
vt 0.524466 0.786901
vt 0.523007 0.786901
vt 0.524466 0.789455
vt 0.523007 0.789455
vt 0.524466 0.791754
vt 0.523007 0.791754
vt 0.939725 0.445551
vt 0.938266 0.445551
vt 0.938266 0.443596
vt 0.939725 0.443596
vt 0.938266 0.441298
vt 0.939725 0.441298
vt 0.938266 0.438744
vt 0.939725 0.438744
vt 0.938266 0.436032
vt 0.939725 0.436032
vt 0.938266 0.433268
vt 0.939725 0.433268
vt 0.938266 0.430556
vt 0.939725 0.430556
vt 0.938266 0.428002
vt 0.939725 0.428002
vt 0.938266 0.425704
vt 0.939725 0.425704
vt 0.919519 0.445551
vt 0.918060 0.445551
vt 0.918060 0.443596
vt 0.919519 0.443596
vt 0.918060 0.441298
vt 0.919519 0.441298
vt 0.918060 0.438744
vt 0.919519 0.438744
vt 0.918060 0.436032
vt 0.919519 0.436032
vt 0.918060 0.433268
vt 0.919519 0.433268
vt 0.918060 0.430556
vt 0.919519 0.430556
vt 0.918060 0.428002
vt 0.919519 0.428002
vt 0.918060 0.425704
vt 0.919519 0.425704
vt 0.928163 0.425704
vt 0.929622 0.425704
vt 0.929622 0.427658
vt 0.928163 0.427658
vt 0.929622 0.429957
vt 0.928163 0.429957
vt 0.929622 0.432511
vt 0.928163 0.432511
vt 0.929622 0.435222
vt 0.928163 0.435222
vt 0.929622 0.437987
vt 0.928163 0.437987
vt 0.929622 0.440698
vt 0.928163 0.440698
vt 0.929622 0.443252
vt 0.928163 0.443252
vt 0.929622 0.445551
vt 0.928163 0.445551
vt 0.457261 0.759294
vt 0.458318 0.770035
vt 0.440730 0.779436
vt 0.523007 0.771907
vt 0.524466 0.771907
vt 0.524466 0.773862
vt 0.523007 0.773862
vt 0.438176 0.778378
vt 0.432387 0.772589
vt 0.435878 0.776843
vt 0.433923 0.774888
vt 0.431329 0.770035
vt 0.430790 0.767324
vt 0.430790 0.764560
vt 0.431329 0.761848
vt 0.432387 0.759294
vt 0.433923 0.756996
vt 0.435878 0.755041
vt 0.438176 0.753505
vt 0.440730 0.752447
vt 0.448917 0.752447
vt 0.443442 0.751908
vt 0.446206 0.751908
vt 0.451471 0.753505
vt 0.453770 0.755041
vt 0.455725 0.756996
vt 0.458318 0.761848
vt 0.458858 0.764560
vt 0.458858 0.767324
vt 0.457261 0.772589
vt 0.455725 0.774888
vt 0.453770 0.776843
vt 0.451471 0.778378
vt 0.448917 0.779436
vt 0.446206 0.779976
vt 0.443442 0.779976
vt 0.766080 0.662183
vt 0.746996 0.667972
vt 0.741207 0.648887
vt 0.760291 0.643098
vt 0.762590 0.644634
vt 0.764544 0.646589
vt 0.766080 0.648887
vt 0.767138 0.651441
vt 0.767678 0.654153
vt 0.767678 0.656917
vt 0.767138 0.659629
vt 0.764544 0.664481
vt 0.762590 0.666436
vt 0.760291 0.667972
vt 0.757737 0.669030
vt 0.755026 0.669569
vt 0.752261 0.669569
vt 0.749550 0.669030
vt 0.744697 0.666436
vt 0.742743 0.664481
vt 0.741207 0.662183
vt 0.740149 0.659629
vt 0.739610 0.656917
vt 0.739610 0.654153
vt 0.740149 0.651441
vt 0.742743 0.646589
vt 0.744697 0.644634
vt 0.746996 0.643098
vt 0.749550 0.642040
vt 0.752261 0.641501
vt 0.755026 0.641501
vt 0.757737 0.642040
s 1
usemtl Glass_Lens
f 4489/9043/3790 4490/9044/3790 4492/9045/3791 4491/9046/3791
f 4491/9046/3791 4492/9045/3791 4494/9047/3792 4493/9048/3792
f 4493/9048/3792 4494/9047/3792 4496/9049/3793 4495/9050/3793
f 4495/9050/3793 4496/9049/3793 4498/9051/3794 4497/9052/3794
f 4497/9052/3794 4498/9051/3794 4500/9053/3795 4499/9054/3795
f 4499/9054/3795 4500/9053/3795 4502/9055/3796 4501/9056/3796
f 4501/9057/3796 4502/9058/3796 4504/9059/3797 4503/9060/3797
f 4503/9060/3797 4504/9059/3797 4506/9061/3798 4505/9062/3798
f 4505/9062/3798 4506/9061/3798 4508/9063/3799 4507/9064/3799
f 4507/9064/3799 4508/9063/3799 4510/9065/3800 4509/9066/3800
f 4509/9066/3800 4510/9065/3800 4512/9067/3801 4511/9068/3801
f 4511/9068/3801 4512/9067/3801 4514/9069/3802 4513/9070/3802
f 4513/9070/3802 4514/9069/3802 4516/9071/3803 4515/9072/3803
f 4515/9072/3803 4516/9071/3803 4518/9073/3804 4517/9074/3804
f 4517/9075/3804 4518/9076/3804 4520/9077/3805 4519/9078/3805
f 4519/9078/3805 4520/9077/3805 4522/9079/3806 4521/9080/3806
f 4521/9080/3806 4522/9079/3806 4524/9081/3807 4523/9082/3807
f 4523/9082/3807 4524/9081/3807 4526/9083/3808 4525/9084/3808
f 4525/9084/3808 4526/9083/3808 4528/9085/3809 4527/9086/3809
f 4527/9086/3809 4528/9085/3809 4530/9087/3810 4529/9088/3810
f 4529/9088/3810 4530/9087/3810 4532/9089/3811 4531/9090/3811
f 4531/9090/3811 4532/9089/3811 4534/9091/3812 4533/9092/3812
f 4533/9093/3812 4534/9094/3812 4536/9095/3813 4535/9096/3813
f 4535/9096/3813 4536/9095/3813 4538/9097/3814 4537/9098/3814
f 4537/9098/3814 4538/9097/3814 4540/9099/3815 4539/9100/3815
f 4539/9100/3815 4540/9099/3815 4542/9101/3816 4541/9102/3816
f 4541/9102/3816 4542/9101/3816 4544/9103/3817 4543/9104/3817
f 4543/9104/3817 4544/9103/3817 4546/9105/3818 4545/9106/3818
f 4545/9106/3818 4546/9105/3818 4548/9107/3819 4547/9108/3819
f 4547/9108/3819 4548/9107/3819 4550/9109/3820 4549/9110/3820
f 4518/9111/3821 4510/9112/3821 4494/9113/3821
f 4549/9114/3820 4550/9115/3820 4552/9116/3822 4551/9117/3822
f 4551/9117/3822 4552/9116/3822 4490/9044/3790 4489/9043/3790
f 4494/9113/3821 4492/9118/3821 4550/9119/3821
f 4492/9118/3821 4490/9120/3821 4550/9119/3821
f 4490/9120/3821 4552/9121/3821 4550/9119/3821
f 4550/9119/3821 4548/9122/3821 4546/9123/3821
f 4546/9123/3821 4544/9124/3821 4550/9119/3821
f 4544/9124/3821 4542/9125/3821 4550/9119/3821
f 4542/9125/3821 4540/9126/3821 4538/9127/3821
f 4538/9127/3821 4536/9128/3821 4534/9129/3821
f 4534/9129/3821 4532/9130/3821 4526/9131/3821
f 4532/9130/3821 4530/9132/3821 4526/9131/3821
f 4530/9132/3821 4528/9133/3821 4526/9131/3821
f 4526/9131/3821 4524/9134/3821 4518/9111/3821
f 4524/9134/3821 4522/9135/3821 4518/9111/3821
f 4522/9135/3821 4520/9136/3821 4518/9111/3821
f 4518/9111/3821 4516/9137/3821 4514/9138/3821
f 4514/9138/3821 4512/9139/3821 4518/9111/3821
f 4512/9139/3821 4510/9112/3821 4518/9111/3821
f 4510/9112/3821 4508/9140/3821 4506/9141/3821
f 4506/9141/3821 4504/9142/3821 4502/9143/3821
f 4502/9143/3821 4500/9144/3821 4494/9113/3821
f 4500/9144/3821 4498/9145/3821 4494/9113/3821
f 4498/9145/3821 4496/9146/3821 4494/9113/3821
f 4542/9125/3821 4538/9127/3821 4526/9131/3821
f 4538/9127/3821 4534/9129/3821 4526/9131/3821
f 4510/9112/3821 4506/9141/3821 4494/9113/3821
f 4506/9141/3821 4502/9143/3821 4494/9113/3821
f 4503/9147/3823 4519/9148/3823 4535/9149/3823 4551/9150/3823
f 4550/9119/3821 4542/9125/3821 4526/9131/3821
f 4551/9150/3823 4489/9151/3823 4491/9152/3823
f 4491/9152/3823 4493/9153/3823 4495/9154/3823
f 4495/9154/3823 4497/9155/3823 4499/9156/3823
f 4499/9156/3823 4501/9157/3823 4503/9147/3823
f 4503/9147/3823 4505/9158/3823 4507/9159/3823
f 4507/9159/3823 4509/9160/3823 4511/9161/3823
f 4511/9161/3823 4513/9162/3823 4515/9163/3823
f 4515/9163/3823 4517/9164/3823 4511/9161/3823
f 4517/9164/3823 4519/9148/3823 4511/9161/3823
f 4519/9148/3823 4521/9165/3823 4523/9166/3823
f 4523/9166/3823 4525/9167/3823 4527/9168/3823
f 4527/9168/3823 4529/9169/3823 4531/9170/3823
f 4531/9170/3823 4533/9171/3823 4535/9149/3823
f 4535/9149/3823 4537/9172/3823 4539/9173/3823
f 4539/9173/3823 4541/9174/3823 4543/9175/3823
f 4543/9175/3823 4545/9176/3823 4547/9177/3823
f 4547/9177/3823 4549/9178/3823 4543/9175/3823
f 4549/9178/3823 4551/9150/3823 4543/9175/3823
f 4551/9150/3823 4491/9152/3823 4503/9147/3823
f 4491/9152/3823 4495/9154/3823 4503/9147/3823
f 4495/9154/3823 4499/9156/3823 4503/9147/3823
f 4503/9147/3823 4507/9159/3823 4511/9161/3823
f 4519/9148/3823 4523/9166/3823 4535/9149/3823
f 4523/9166/3823 4527/9168/3823 4535/9149/3823
f 4527/9168/3823 4531/9170/3823 4535/9149/3823
f 4535/9149/3823 4539/9173/3823 4543/9175/3823
f 4503/9147/3823 4511/9161/3823 4519/9148/3823
f 4535/9149/3823 4543/9175/3823 4551/9150/3823
f 4526/9131/3821 4518/9111/3821 4494/9113/3821 4550/9119/3821
o Red_Dot_Reticle_low
v 0.038924 0.106039 -0.000424
v 0.039235 0.105600 -0.000735
v 0.039349 0.105000 -0.000849
v 0.039235 0.104400 -0.000735
v 0.038924 0.103961 -0.000424
v 0.039100 0.106039 0.000000
v 0.039539 0.105600 0.000000
v 0.039700 0.105000 0.000000
v 0.039539 0.104400 0.000000
v 0.039100 0.103961 0.000000
v 0.038924 0.106039 0.000424
v 0.039235 0.105600 0.000735
v 0.039349 0.105000 0.000849
v 0.039235 0.104400 0.000735
v 0.038924 0.103961 0.000424
v 0.038500 0.106039 0.000600
v 0.038500 0.105600 0.001039
v 0.038500 0.105000 0.001200
v 0.038500 0.104400 0.001039
v 0.038500 0.103961 0.000600
v 0.038500 0.106200 0.000000
v 0.038076 0.106039 0.000424
v 0.037765 0.105600 0.000735
v 0.037651 0.105000 0.000849
v 0.037765 0.104400 0.000735
v 0.038076 0.103961 0.000424
v 0.038500 0.103800 0.000000
v 0.037900 0.106039 0.000000
v 0.037461 0.105600 0.000000
v 0.037300 0.105000 0.000000
v 0.037461 0.104400 0.000000
v 0.037900 0.103961 0.000000
v 0.038076 0.106039 -0.000424
v 0.037765 0.105600 -0.000735
v 0.037651 0.105000 -0.000849
v 0.037765 0.104400 -0.000735
v 0.038076 0.103961 -0.000424
v 0.038500 0.106039 -0.000600
v 0.038500 0.105600 -0.001039
v 0.038500 0.105000 -0.001200
v 0.038500 0.104400 -0.001039
v 0.038500 0.103961 -0.000600
vn 0.2811 -0.6786 -0.6786
vn 0.3426 -0.4457 -0.8270
vn 0.3827 -0.0000 -0.9239
vn 0.3426 0.4457 -0.8270
vn -0.0000 0.9659 -0.2588
vn -0.0000 1.0000 -0.0000
vn 0.1830 0.9659 -0.1830
vn -0.0000 -1.0000 -0.0000
vn -0.0000 -0.9659 -0.2588
vn 0.1830 -0.9659 -0.1830
vn 0.2811 0.6786 -0.6786
vn 0.9239 -0.0000 -0.3827
vn 0.8270 0.4457 -0.3426
vn 0.2588 0.9659 -0.0000
vn 0.2588 -0.9659 -0.0000
vn 0.8270 -0.4457 -0.3426
vn 0.6786 0.6786 -0.2811
vn 0.6786 -0.6786 -0.2811
vn 0.1830 0.9659 0.1830
vn 0.1830 -0.9659 0.1830
vn 0.8270 -0.4457 0.3426
vn 0.9239 -0.0000 0.3827
vn 0.8270 0.4457 0.3426
vn 0.6786 0.6786 0.2811
vn 0.6786 -0.6786 0.2811
vn -0.0000 -0.9659 0.2588
vn 0.3426 -0.4457 0.8270
vn 0.3827 -0.0000 0.9239
vn 0.3426 0.4457 0.8270
vn 0.2811 0.6786 0.6786
vn 0.2811 -0.6786 0.6786
vn -0.0000 0.9659 0.2588
vn -0.1830 -0.9659 0.1830
vn -0.3426 -0.4457 0.8270
vn -0.3827 -0.0000 0.9239
vn -0.3426 0.4457 0.8270
vn -0.2811 0.6786 0.6786
vn -0.2811 -0.6786 0.6786
vn -0.1830 0.9659 0.1830
vn -0.2588 -0.9659 -0.0000
vn -0.8270 -0.4457 0.3426
vn -0.9239 -0.0000 0.3827
vn -0.8270 0.4457 0.3426
vn -0.6786 0.6786 0.2811
vn -0.6786 -0.6786 0.2811
vn -0.2588 0.9659 -0.0000
vn -0.8270 -0.4457 -0.3426
vn -0.9239 -0.0000 -0.3827
vn -0.8270 0.4457 -0.3426
vn -0.6786 0.6786 -0.2811
vn -0.6786 -0.6786 -0.2811
vn -0.1830 0.9659 -0.1830
vn -0.1830 -0.9659 -0.1830
vn -0.3426 0.4457 -0.8270
vn -0.2811 0.6786 -0.6786
vn -0.2811 -0.6786 -0.6786
vn -0.3426 -0.4457 -0.8270
vn -0.3827 -0.0000 -0.9239
vt 0.988818 0.497136
vt 0.988398 0.497275
vt 0.988398 0.496503
vt 0.988818 0.496691
vt 0.988398 0.393875
vt 0.988399 0.393277
vt 0.988963 0.393277
vt 0.989048 0.393875
vt 0.989157 0.314795
vt 0.988948 0.314256
vt 0.989472 0.314479
vt 0.988948 0.323978
vt 0.988712 0.324517
vt 0.988398 0.324202
vt 0.988398 0.449747
vt 0.988996 0.449662
vt 0.988996 0.450312
vt 0.988398 0.450310
vt 0.988674 0.392742
vt 0.988999 0.392742
vt 0.988398 0.192677
vt 0.988457 0.192076
vt 0.989231 0.192076
vt 0.989291 0.192677
vt 0.989472 0.314033
vt 0.988398 0.323755
vt 0.988457 0.193207
vt 0.989231 0.193207
vt 0.988621 0.191565
vt 0.989067 0.191565
vt 0.988828 0.468861
vt 0.988398 0.469024
vt 0.988398 0.468251
vt 0.988828 0.468414
vt 0.989157 0.313717
vt 0.988712 0.323439
vt 0.988398 0.234408
vt 0.988510 0.233886
vt 0.989154 0.233794
vt 0.988955 0.234328
vt 0.988510 0.233282
vt 0.988398 0.232757
vt 0.988720 0.232711
vt 0.989067 0.233202
vt 0.988398 0.506107
vt 0.988818 0.505919
vt 0.988818 0.506691
vt 0.988398 0.506553
vt 0.989157 0.323439
vt 0.988457 0.224067
vt 0.988398 0.223537
vt 0.989291 0.223537
vt 0.989231 0.224067
vt 0.988457 0.222936
vt 0.988621 0.222425
vt 0.989067 0.222425
vt 0.989231 0.222936
vt 0.988398 0.534366
vt 0.988792 0.534166
vt 0.988792 0.534937
vt 0.988398 0.534811
vt 0.988712 0.313717
vt 0.989472 0.323755
vt 0.988399 0.403118
vt 0.988398 0.402519
vt 0.989048 0.402519
vt 0.988963 0.403118
vt 0.988398 0.487086
vt 0.988818 0.487225
vt 0.988818 0.487670
vt 0.988398 0.487858
vt 0.988674 0.403653
vt 0.988999 0.403653
vt 0.988996 0.459607
vt 0.988398 0.459521
vt 0.988398 0.458958
vt 0.988996 0.458956
vt 0.988398 0.314033
vt 0.989472 0.324202
vt 0.988458 0.202983
vt 0.988398 0.202382
vt 0.989291 0.202382
vt 0.989231 0.202983
vt 0.988828 0.478442
vt 0.988398 0.478279
vt 0.988398 0.477832
vt 0.988828 0.477668
vt 0.988621 0.203494
vt 0.989068 0.203494
vt 0.988458 0.201852
vt 0.989231 0.201852
vt 0.988398 0.314479
vt 0.988510 0.244177
vt 0.988510 0.243573
vt 0.989154 0.243665
vt 0.989067 0.244257
vt 0.988818 0.516107
vt 0.988398 0.515919
vt 0.988398 0.515473
vt 0.988818 0.515335
vt 0.988398 0.244702
vt 0.988720 0.244748
vt 0.988398 0.243052
vt 0.988955 0.243131
vt 0.988712 0.314795
vt 0.989157 0.324517
vt 0.988792 0.525522
vt 0.988398 0.525322
vt 0.988398 0.524877
vt 0.988792 0.524751
vt 0.988621 0.213780
vt 0.988457 0.213269
vt 0.989231 0.213269
vt 0.989068 0.213780
vt 0.988398 0.212668
vt 0.988457 0.212138
vt 0.989231 0.212138
vt 0.989291 0.212668
s 1
usemtl Red_Dot_Emit
f 4594/9179/3824 4593/9180/3825 4556/9181/3825 4557/9182/3824
f 4592/9183/3826 4591/9184/3827 4554/9185/3827 4555/9186/3826
f 4590/9187/3828 4573/9188/3829 4553/9189/3830
f 4579/9190/3831 4594/9191/3832 4557/9192/3833
f 4593/9193/3825 4592/9194/3826 4555/9195/3826 4556/9196/3825
f 4591/9184/3827 4590/9197/3834 4553/9198/3834 4554/9185/3827
f 4555/9199/3835 4554/9200/3836 4559/9201/3836 4560/9202/3835
f 4553/9189/3830 4573/9188/3829 4558/9203/3837
f 4579/9190/3831 4557/9192/3833 4562/9204/3838
f 4556/9205/3839 4555/9199/3835 4560/9202/3835 4561/9206/3839
f 4554/9200/3836 4553/9207/3840 4558/9208/3840 4559/9201/3836
f 4557/9209/3841 4556/9210/3839 4561/9211/3839 4562/9212/3841
f 4558/9203/3837 4573/9188/3829 4563/9213/3842
f 4579/9190/3831 4562/9204/3838 4567/9214/3843
f 4561/9215/3844 4560/9216/3845 4565/9217/3845 4566/9218/3844
f 4559/9219/3846 4558/9220/3847 4563/9221/3847 4564/9222/3846
f 4562/9223/3848 4561/9224/3844 4566/9225/3844 4567/9226/3848
f 4560/9216/3845 4559/9219/3846 4564/9222/3846 4565/9217/3845
f 4579/9190/3831 4567/9214/3843 4572/9227/3849
f 4566/9228/3850 4565/9229/3851 4570/9230/3851 4571/9231/3850
f 4564/9232/3852 4563/9233/3853 4568/9234/3853 4569/9235/3852
f 4567/9236/3854 4566/9237/3850 4571/9238/3850 4572/9239/3854
f 4565/9229/3851 4564/9232/3852 4569/9235/3852 4570/9230/3851
f 4563/9213/3842 4573/9188/3829 4568/9240/3855
f 4579/9190/3831 4572/9227/3849 4578/9241/3856
f 4571/9242/3857 4570/9243/3858 4576/9244/3858 4577/9245/3857
f 4569/9246/3859 4568/9247/3860 4574/9248/3860 4575/9249/3859
f 4572/9250/3861 4571/9242/3857 4577/9245/3857 4578/9251/3861
f 4570/9252/3858 4569/9253/3859 4575/9254/3859 4576/9255/3858
f 4568/9240/3855 4573/9188/3829 4574/9256/3862
f 4579/9190/3831 4578/9241/3856 4584/9257/3863
f 4577/9258/3864 4576/9259/3865 4582/9260/3865 4583/9261/3864
f 4575/9262/3866 4574/9263/3867 4580/9264/3867 4581/9265/3866
f 4578/9266/3868 4577/9258/3864 4583/9261/3864 4584/9267/3868
f 4576/9259/3865 4575/9268/3866 4581/9269/3866 4582/9260/3865
f 4574/9256/3862 4573/9188/3829 4580/9270/3869
f 4583/9271/3870 4582/9272/3871 4587/9273/3871 4588/9274/3870
f 4581/9275/3872 4580/9276/3873 4585/9277/3873 4586/9278/3872
f 4584/9279/3874 4583/9271/3870 4588/9274/3870 4589/9280/3874
f 4582/9272/3871 4581/9281/3872 4586/9282/3872 4587/9273/3871
f 4580/9270/3869 4573/9188/3829 4585/9283/3875
f 4579/9190/3831 4584/9257/3863 4589/9284/3876
f 4586/9285/3877 4585/9286/3878 4590/9287/3878 4591/9288/3877
f 4589/9289/3879 4588/9290/3880 4593/9291/3880 4594/9292/3879
f 4587/9293/3881 4586/9294/3877 4591/9295/3877 4592/9296/3881
f 4585/9283/3875 4573/9188/3829 4590/9187/3828
f 4579/9190/3831 4589/9284/3876 4594/9191/3832
f 4588/9290/3880 4587/9293/3881 4592/9296/3881 4593/9291/3880
o Red_Dot_Tube_low
v 0.000000 0.105000 -0.016397
v 0.000600 0.105000 -0.017000
v 0.000176 0.105000 -0.016822
v 0.049400 0.105000 -0.017000
v 0.050000 0.105000 -0.016397
v 0.049824 0.105000 -0.016822
v 0.000600 0.101683 -0.016673
v 0.000000 0.101801 -0.016082
v 0.000176 0.101718 -0.016499
v 0.050000 0.101801 -0.016082
v 0.049400 0.101683 -0.016673
v 0.049824 0.101718 -0.016499
v 0.000600 0.098494 -0.015706
v 0.000000 0.098725 -0.015149
v 0.000176 0.098562 -0.015542
v 0.050000 0.098725 -0.015149
v 0.049400 0.098494 -0.015706
v 0.049824 0.098562 -0.015542
v 0.000600 0.095555 -0.014135
v 0.000000 0.095890 -0.013634
v 0.000176 0.095654 -0.013987
v 0.050000 0.095890 -0.013634
v 0.049400 0.095555 -0.014135
v 0.049824 0.095654 -0.013987
v 0.000600 0.092979 -0.012021
v 0.000000 0.093405 -0.011594
v 0.000176 0.093105 -0.011895
v 0.050000 0.093405 -0.011594
v 0.049400 0.092979 -0.012021
v 0.049824 0.093105 -0.011895
v 0.000600 0.090865 -0.009445
v 0.000000 0.091366 -0.009110
v 0.000176 0.091013 -0.009346
v 0.050000 0.091366 -0.009110
v 0.049400 0.090865 -0.009445
v 0.049824 0.091013 -0.009346
v 0.000600 0.089294 -0.006506
v 0.000000 0.089851 -0.006275
v 0.000176 0.089458 -0.006438
v 0.050000 0.089851 -0.006275
v 0.049400 0.089294 -0.006506
v 0.049824 0.089458 -0.006438
v 0.000600 0.088327 -0.003317
v 0.000000 0.088918 -0.003199
v 0.000176 0.088501 -0.003282
v 0.050000 0.088918 -0.003199
v 0.049400 0.088327 -0.003317
v 0.049824 0.088501 -0.003282
v 0.000600 0.088000 0.000000
v 0.000000 0.088603 0.000000
v 0.000176 0.088178 -0.000000
v 0.050000 0.088603 0.000000
v 0.049400 0.088000 0.000000
v 0.049824 0.088178 0.000000
v 0.000600 0.088327 0.003317
v 0.000000 0.088918 0.003199
v 0.000176 0.088501 0.003282
v 0.050000 0.088918 0.003199
v 0.049400 0.088327 0.003317
v 0.049824 0.088501 0.003282
v 0.000600 0.089294 0.006506
v 0.000000 0.089851 0.006275
v 0.000176 0.089458 0.006438
v 0.050000 0.089851 0.006275
v 0.049400 0.089294 0.006506
v 0.049824 0.089458 0.006438
v 0.000600 0.090865 0.009445
v 0.000000 0.091366 0.009110
v 0.000176 0.091013 0.009346
v 0.050000 0.091366 0.009110
v 0.049400 0.090865 0.009445
v 0.049824 0.091013 0.009346
v 0.000600 0.092979 0.012021
v 0.000000 0.093405 0.011594
v 0.000176 0.093105 0.011895
v 0.050000 0.093405 0.011594
v 0.049400 0.092979 0.012021
v 0.049824 0.093105 0.011895
v 0.000600 0.095555 0.014135
v 0.000000 0.095890 0.013634
v 0.000176 0.095654 0.013987
v 0.050000 0.095890 0.013634
v 0.049400 0.095555 0.014135
v 0.049824 0.095654 0.013987
v 0.000600 0.098494 0.015706
v 0.000000 0.098725 0.015149
v 0.000176 0.098562 0.015542
v 0.050000 0.098725 0.015149
v 0.049400 0.098494 0.015706
v 0.049824 0.098562 0.015542
v 0.000600 0.101683 0.016673
v 0.000000 0.101801 0.016082
v 0.000176 0.101718 0.016499
v 0.050000 0.101801 0.016082
v 0.049400 0.101683 0.016673
v 0.049824 0.101718 0.016499
v 0.000600 0.105000 0.017000
v 0.000000 0.105000 0.016397
v 0.000176 0.105000 0.016822
v 0.050000 0.105000 0.016397
v 0.049400 0.105000 0.017000
v 0.049824 0.105000 0.016822
v 0.000600 0.108317 0.016673
v -0.000000 0.108199 0.016082
v 0.000176 0.108282 0.016499
v 0.050000 0.108199 0.016082
v 0.049400 0.108317 0.016673
v 0.049824 0.108282 0.016499
v 0.000600 0.111506 0.015706
v -0.000000 0.111275 0.015149
v 0.000176 0.111438 0.015542
v 0.050000 0.111275 0.015149
v 0.049400 0.111506 0.015706
v 0.049824 0.111438 0.015542
v 0.000600 0.114445 0.014135
v -0.000000 0.114110 0.013634
v 0.000176 0.114346 0.013987
v 0.050000 0.114110 0.013634
v 0.049400 0.114445 0.014135
v 0.049824 0.114346 0.013987
v 0.000600 0.117021 0.012021
v -0.000000 0.116595 0.011594
v 0.000176 0.116895 0.011895
v 0.050000 0.116595 0.011594
v 0.049400 0.117021 0.012021
v 0.049824 0.116895 0.011895
v 0.000600 0.119135 0.009445
v 0.000000 0.118634 0.009110
v 0.000176 0.118987 0.009346
v 0.050000 0.118634 0.009110
v 0.049400 0.119135 0.009445
v 0.049824 0.118987 0.009346
v 0.000600 0.120706 0.006506
v 0.000000 0.120149 0.006275
v 0.000176 0.120542 0.006438
v 0.050000 0.120149 0.006275
v 0.049400 0.120706 0.006506
v 0.049824 0.120542 0.006438
v 0.000600 0.121673 0.003317
v -0.000000 0.121082 0.003199
v 0.000176 0.121499 0.003282
v 0.050000 0.121082 0.003199
v 0.049400 0.121673 0.003317
v 0.049824 0.121499 0.003282
v 0.000600 0.122000 0.000000
v -0.000000 0.121397 0.000000
v 0.000176 0.121822 0.000000
v 0.050000 0.121397 0.000000
v 0.049400 0.122000 0.000000
v 0.049824 0.121822 -0.000000
v 0.000600 0.121673 -0.003317
v -0.000000 0.121082 -0.003199
v 0.000176 0.121499 -0.003282
v 0.050000 0.121082 -0.003199
v 0.049400 0.121673 -0.003317
v 0.049824 0.121499 -0.003282
v 0.000600 0.120706 -0.006506
v 0.000000 0.120149 -0.006275
v 0.000176 0.120542 -0.006438
v 0.050000 0.120149 -0.006275
v 0.049400 0.120706 -0.006506
v 0.049824 0.120542 -0.006438
v 0.000600 0.119135 -0.009445
v 0.000000 0.118634 -0.009110
v 0.000176 0.118987 -0.009346
v 0.050000 0.118634 -0.009110
v 0.049400 0.119135 -0.009445
v 0.049824 0.118987 -0.009346
v 0.000600 0.117021 -0.012021
v -0.000000 0.116595 -0.011594
v 0.000176 0.116895 -0.011895
v 0.050000 0.116595 -0.011594
v 0.049400 0.117021 -0.012021
v 0.049824 0.116895 -0.011895
v 0.000600 0.114445 -0.014135
v -0.000000 0.114110 -0.013634
v 0.000176 0.114346 -0.013987
v 0.050000 0.114110 -0.013634
v 0.049400 0.114445 -0.014135
v 0.049824 0.114346 -0.013987
v 0.000600 0.111506 -0.015706
v -0.000000 0.111275 -0.015149
v 0.000176 0.111438 -0.015542
v 0.050000 0.111275 -0.015149
v 0.049400 0.111506 -0.015706
v 0.049824 0.111438 -0.015542
v 0.000600 0.108317 -0.016673
v -0.000000 0.108199 -0.016082
v 0.000176 0.108282 -0.016499
v 0.050000 0.108199 -0.016082
v 0.049400 0.108317 -0.016673
v 0.049824 0.108282 -0.016499
v 0.000600 0.105000 -0.014000
v 0.000000 0.105000 -0.014603
v 0.000176 0.105000 -0.014178
v 0.050000 0.105000 -0.014603
v 0.049400 0.105000 -0.014000
v 0.049824 0.105000 -0.014178
v 0.000000 0.102151 -0.014322
v 0.000600 0.102269 -0.013731
v 0.000176 0.102234 -0.013905
v 0.049400 0.102269 -0.013731
v 0.050000 0.102151 -0.014322
v 0.049824 0.102234 -0.013905
v 0.000000 0.099412 -0.013491
v 0.000600 0.099642 -0.012934
v 0.000176 0.099574 -0.013099
v 0.049400 0.099642 -0.012934
v 0.050000 0.099412 -0.013491
v 0.049824 0.099574 -0.013099
v 0.000000 0.096887 -0.012142
v 0.000600 0.097222 -0.011641
v 0.000176 0.097123 -0.011788
v 0.049400 0.097222 -0.011641
v 0.050000 0.096887 -0.012142
v 0.049824 0.097123 -0.011788
v 0.000000 0.094674 -0.010326
v 0.000600 0.095100 -0.009899
v 0.000176 0.094975 -0.010025
v 0.049400 0.095100 -0.009899
v 0.050000 0.094674 -0.010326
v 0.049824 0.094975 -0.010025
v 0.000000 0.092858 -0.008113
v 0.000600 0.093359 -0.007778
v 0.000176 0.093212 -0.007877
v 0.049400 0.093359 -0.007778
v 0.050000 0.092858 -0.008113
v 0.049824 0.093212 -0.007877
v 0.000000 0.091509 -0.005588
v 0.000600 0.092066 -0.005358
v 0.000176 0.091901 -0.005426
v 0.049400 0.092066 -0.005358
v 0.050000 0.091509 -0.005588
v 0.049824 0.091901 -0.005426
v 0.000000 0.090678 -0.002849
v 0.000600 0.091269 -0.002731
v 0.000176 0.091095 -0.002766
v 0.049400 0.091269 -0.002731
v 0.050000 0.090678 -0.002849
v 0.049824 0.091095 -0.002766
v 0.000000 0.090397 0.000000
v 0.000600 0.091000 0.000000
v 0.000176 0.090822 -0.000000
v 0.049400 0.091000 0.000000
v 0.050000 0.090397 0.000000
v 0.049824 0.090822 -0.000000
v 0.000000 0.090678 0.002849
v 0.000600 0.091269 0.002731
v 0.000176 0.091095 0.002766
v 0.049400 0.091269 0.002731
v 0.050000 0.090678 0.002849
v 0.049824 0.091095 0.002766
v 0.000000 0.091509 0.005588
v 0.000600 0.092066 0.005358
v 0.000176 0.091901 0.005426
v 0.049400 0.092066 0.005358
v 0.050000 0.091509 0.005588
v 0.049824 0.091901 0.005426
v 0.000000 0.092858 0.008113
v 0.000600 0.093359 0.007778
v 0.000176 0.093212 0.007877
v 0.049400 0.093359 0.007778
v 0.050000 0.092858 0.008113
v 0.049824 0.093212 0.007877
v 0.000000 0.094674 0.010326
v 0.000600 0.095100 0.009899
v 0.000176 0.094975 0.010025
v 0.049400 0.095100 0.009899
v 0.050000 0.094674 0.010326
v 0.049824 0.094975 0.010025
v 0.000000 0.096887 0.012142
v 0.000600 0.097222 0.011641
v 0.000176 0.097123 0.011788
v 0.049400 0.097222 0.011641
v 0.050000 0.096887 0.012142
v 0.049824 0.097123 0.011788
v 0.000000 0.099412 0.013491
v 0.000600 0.099642 0.012934
v 0.000176 0.099574 0.013099
v 0.049400 0.099642 0.012934
v 0.050000 0.099412 0.013491
v 0.049824 0.099574 0.013099
v 0.000000 0.102151 0.014322
v 0.000600 0.102269 0.013731
v 0.000176 0.102234 0.013905
v 0.049400 0.102269 0.013731
v 0.050000 0.102151 0.014322
v 0.049824 0.102234 0.013905
v 0.000000 0.105000 0.014603
v 0.000600 0.105000 0.014000
v 0.000176 0.105000 0.014178
v 0.049400 0.105000 0.014000
v 0.050000 0.105000 0.014603
v 0.049824 0.105000 0.014178
v -0.000000 0.107849 0.014322
v 0.000600 0.107731 0.013731
v 0.000176 0.107766 0.013905
v 0.049400 0.107731 0.013731
v 0.050000 0.107849 0.014322
v 0.049824 0.107766 0.013905
v -0.000000 0.110588 0.013491
v 0.000600 0.110358 0.012934
v 0.000176 0.110426 0.013099
v 0.049400 0.110358 0.012934
v 0.050000 0.110588 0.013491
v 0.049824 0.110426 0.013099
v -0.000000 0.113113 0.012142
v 0.000600 0.112778 0.011641
v 0.000176 0.112877 0.011788
v 0.049400 0.112778 0.011641
v 0.050000 0.113113 0.012142
v 0.049824 0.112877 0.011788
v -0.000000 0.115326 0.010326
v 0.000600 0.114899 0.009899
v 0.000176 0.115025 0.010025
v 0.049400 0.114899 0.009899
v 0.050000 0.115326 0.010326
v 0.049824 0.115025 0.010025
v 0.000000 0.117142 0.008113
v 0.000600 0.116641 0.007778
v 0.000176 0.116788 0.007877
v 0.049400 0.116641 0.007778
v 0.050000 0.117142 0.008113
v 0.049824 0.116788 0.007877
v 0.000000 0.118491 0.005588
v 0.000600 0.117934 0.005358
v 0.000176 0.118099 0.005426
v 0.049400 0.117934 0.005358
v 0.050000 0.118491 0.005588
v 0.049824 0.118099 0.005426
v -0.000000 0.119322 0.002849
v 0.000600 0.118731 0.002731
v 0.000176 0.118905 0.002766
v 0.049400 0.118731 0.002731
v 0.050000 0.119322 0.002849
v 0.049824 0.118905 0.002766
v -0.000000 0.119603 0.000000
v 0.000600 0.119000 0.000000
v 0.000176 0.119178 0.000000
v 0.049400 0.119000 0.000000
v 0.050000 0.119603 0.000000
v 0.049824 0.119178 -0.000000
v -0.000000 0.119322 -0.002849
v 0.000600 0.118731 -0.002731
v 0.000176 0.118905 -0.002766
v 0.049400 0.118731 -0.002731
v 0.050000 0.119322 -0.002849
v 0.049824 0.118905 -0.002766
v 0.000000 0.118491 -0.005588
v 0.000600 0.117934 -0.005358
v 0.000176 0.118099 -0.005426
v 0.049400 0.117934 -0.005358
v 0.050000 0.118491 -0.005588
v 0.049824 0.118099 -0.005426
v 0.000000 0.117142 -0.008113
v 0.000600 0.116641 -0.007778
v 0.000176 0.116788 -0.007877
v 0.049400 0.116641 -0.007778
v 0.050000 0.117142 -0.008113
v 0.049824 0.116788 -0.007877
v -0.000000 0.115326 -0.010326
v 0.000600 0.114899 -0.009899
v 0.000176 0.115025 -0.010025
v 0.049400 0.114899 -0.009899
v 0.050000 0.115326 -0.010326
v 0.049824 0.115025 -0.010025
v -0.000000 0.113113 -0.012142
v 0.000600 0.112778 -0.011641
v 0.000176 0.112877 -0.011788
v 0.049400 0.112778 -0.011641
v 0.050000 0.113113 -0.012142
v 0.049824 0.112877 -0.011788
v -0.000000 0.110588 -0.013491
v 0.000600 0.110358 -0.012934
v 0.000176 0.110426 -0.013099
v 0.049400 0.110358 -0.012934
v 0.050000 0.110588 -0.013491
v 0.049824 0.110426 -0.013099
v -0.000000 0.107849 -0.014322
v 0.000600 0.107731 -0.013731
v 0.000176 0.107766 -0.013905
v 0.049400 0.107731 -0.013731
v 0.050000 0.107849 -0.014322
v 0.049824 0.107766 -0.013905
vn -0.0036 0.1951 -0.9808
vn 0.0036 0.1951 -0.9808
vn 0.0036 -0.0000 -1.0000
vn -0.0036 -0.0000 -1.0000
vn 0.9972 -0.0145 0.0729
vn 0.9972 -0.0000 0.0743
vn 0.9965 -0.0000 -0.0834
vn 0.9965 0.0163 -0.0818
vn -0.9965 -0.0590 0.0590
vn -0.9972 0.0526 -0.0526
vn -0.9972 0.0618 -0.0413
vn -0.9965 -0.0694 0.0463
vn -0.9965 -0.0590 -0.0590
vn -0.9965 -0.0694 -0.0464
vn -0.9972 0.0618 0.0413
vn -0.9972 0.0526 0.0526
vn -0.9972 -0.0145 0.0729
vn -0.9972 -0.0284 0.0687
vn -0.9965 0.0319 -0.0771
vn -0.9965 0.0163 -0.0818
vn 0.9972 -0.0729 -0.0145
vn 0.9972 -0.0743 -0.0000
vn 0.9965 0.0834 -0.0000
vn 0.9965 0.0818 0.0163
vn -0.9972 0.0413 0.0618
vn -0.9965 -0.0463 -0.0694
vn -0.9965 -0.0000 0.0834
vn -0.9972 -0.0000 -0.0743
vn -0.9972 0.0145 -0.0730
vn -0.9965 -0.0163 0.0818
vn -0.9972 -0.0618 0.0413
vn -0.9972 -0.0687 0.0284
vn -0.9965 0.0771 -0.0319
vn -0.9965 0.0694 -0.0464
vn 0.9972 0.0729 0.0145
vn 0.9972 0.0744 -0.0000
vn 0.9965 -0.0834 -0.0000
vn 0.9965 -0.0818 -0.0163
vn 0.9972 -0.0618 -0.0413
vn 0.9972 -0.0687 -0.0284
vn 0.9965 0.0771 0.0319
vn 0.9965 0.0694 0.0464
vn -0.9965 -0.0834 -0.0000
vn -0.9972 0.0744 -0.0000
vn -0.9972 0.0729 0.0145
vn -0.9965 -0.0818 -0.0163
vn 0.9972 0.0618 -0.0413
vn 0.9972 0.0526 -0.0526
vn 0.9965 -0.0590 0.0590
vn 0.9965 -0.0694 0.0464
vn -0.9965 -0.0163 -0.0818
vn -0.9972 0.0145 0.0729
vn -0.9972 -0.0000 0.0744
vn -0.9965 -0.0000 -0.0834
vn 0.9965 0.0319 -0.0771
vn 0.9972 -0.0285 0.0687
vn -0.9965 0.0590 0.0590
vn -0.9972 -0.0526 -0.0526
vn -0.9972 -0.0413 -0.0618
vn -0.9965 0.0463 0.0694
vn 0.9972 0.0413 -0.0618
vn 0.9965 -0.0464 0.0694
vn 0.9972 -0.0729 0.0145
vn 0.9965 0.0818 -0.0163
vn 0.9965 -0.0319 0.0771
vn 0.9972 0.0285 -0.0687
vn 0.9972 0.0145 -0.0729
vn 0.9965 -0.0163 0.0818
vn 0.9972 -0.0000 -0.0743
vn 0.9965 -0.0000 0.0834
vn -0.0037 -0.1951 0.9808
vn -0.0037 -0.0000 1.0000
vn 0.0037 -0.0000 1.0000
vn 0.0037 -0.1951 0.9808
vn -0.0037 0.3827 0.9239
vn -0.0037 0.5556 0.8315
vn 0.0037 0.5556 0.8315
vn 0.0037 0.3827 0.9239
vn -0.0037 0.7071 0.7071
vn 0.0037 0.7071 0.7071
vn -0.0037 0.8315 0.5556
vn 0.0037 0.8315 0.5556
vn -0.0037 0.9239 0.3827
vn 0.0037 0.9239 0.3827
vn -0.0037 0.9808 0.1951
vn 0.0037 0.9808 0.1951
vn -0.0037 1.0000 -0.0000
vn 0.0037 1.0000 -0.0000
vn -0.0037 0.9808 -0.1951
vn 0.0037 0.9808 -0.1951
vn -0.0037 0.9239 -0.3827
vn 0.0037 0.9239 -0.3827
vn -0.0037 0.8315 -0.5556
vn 0.0037 0.8315 -0.5556
vn -0.0037 0.7071 -0.7071
vn 0.0037 0.7071 -0.7071
vn -0.0037 0.5556 -0.8315
vn 0.0037 0.5556 -0.8315
vn -0.0037 0.3827 -0.9239
vn 0.0037 0.3827 -0.9239
vn -0.0037 0.1951 -0.9808
vn 0.0037 0.1951 -0.9808
vn -0.0037 -0.0000 -1.0000
vn 0.0037 -0.0000 -1.0000
vn -0.0037 -0.1951 -0.9808
vn 0.0037 -0.1951 -0.9808
vn -0.0037 -0.3827 -0.9239
vn 0.0037 -0.3827 -0.9239
vn -0.0037 -0.5556 -0.8315
vn 0.0037 -0.5556 -0.8315
vn -0.0037 -0.7071 -0.7071
vn 0.0037 -0.7071 -0.7071
vn -0.0037 -0.8315 -0.5556
vn 0.0037 -0.8315 -0.5556
vn -0.0037 -0.9239 -0.3827
vn 0.0037 -0.9239 -0.3827
vn -0.0037 -0.9808 -0.1951
vn 0.0037 -0.9808 -0.1951
vn -0.0037 -1.0000 -0.0000
vn 0.0037 -1.0000 -0.0000
vn -0.0037 -0.9808 0.1951
vn 0.0037 -0.9808 0.1951
vn -0.0037 -0.9239 0.3827
vn 0.0037 -0.9239 0.3827
vn -0.0037 -0.8315 0.5556
vn 0.0037 -0.8315 0.5556
vn -0.0037 -0.7071 0.7071
vn 0.0037 -0.7071 0.7071
vn -0.0037 -0.5556 0.8315
vn 0.0037 -0.5556 0.8315
vn -0.0037 -0.3827 0.9239
vn 0.0037 -0.3827 0.9239
vn -0.0037 0.1951 0.9808
vn 0.0037 0.1951 0.9808
vn 0.0036 -0.1951 -0.9808
vn -0.0036 -0.1951 -0.9808
vn -0.0036 -0.3827 -0.9239
vn 0.0036 -0.3827 -0.9239
vn -0.0036 -0.5556 -0.8315
vn 0.9972 -0.0687 0.0284
vn 0.9972 -0.0618 0.0413
vn 0.9965 0.0694 -0.0464
vn 0.9965 0.0771 -0.0319
vn -0.9972 0.0285 0.0687
vn -0.9965 -0.0319 -0.0771
vn 0.0036 -0.8315 -0.5556
vn 0.0036 -0.9239 -0.3827
vn -0.0036 -0.9239 -0.3827
vn 0.9965 -0.0771 0.0319
vn 0.9972 0.0687 -0.0284
vn 0.0036 -0.9808 -0.1951
vn -0.0036 -0.9808 -0.1951
vn 0.0036 -1.0000 -0.0000
vn -0.0036 -1.0000 -0.0000
vn -0.9972 -0.0413 0.0618
vn -0.9965 0.0464 -0.0694
vn 0.0036 -0.9808 0.1951
vn -0.0036 -0.9808 0.1951
vn 0.0036 -0.9239 0.3827
vn -0.0036 -0.9239 0.3827
vn 0.9965 -0.0319 -0.0771
vn 0.9972 0.0284 0.0687
vn 0.9972 0.0413 0.0618
vn 0.9965 -0.0464 -0.0694
vn 0.0036 -0.5556 0.8315
vn -0.0036 -0.5556 0.8315
vn 0.0036 -0.3827 0.9239
vn -0.0036 -0.3827 0.9239
vn 0.0036 -0.1951 0.9808
vn -0.0036 -0.1951 0.9808
vn 0.0036 -0.0000 1.0000
vn -0.0036 -0.0000 1.0000
vn 0.0036 0.1951 0.9808
vn -0.0036 0.1951 0.9808
vn 0.0036 0.3827 0.9239
vn -0.0036 0.3827 0.9239
vn 0.0036 0.5556 0.8315
vn 0.0036 0.8315 0.5556
vn -0.0036 0.8315 0.5556
vn 0.0036 0.9239 0.3827
vn -0.0036 0.9239 0.3827
vn 0.9965 -0.0163 -0.0818
vn 0.9972 0.0145 0.0729
vn 0.0036 0.9808 0.1951
vn -0.0036 0.9808 0.1951
vn 0.0036 1.0000 -0.0000
vn -0.0036 1.0000 -0.0000
vn 0.0036 0.9808 -0.1951
vn -0.0036 0.9808 -0.1951
vn 0.0036 0.9239 -0.3827
vn -0.0036 0.9239 -0.3827
vn 0.0036 0.8315 -0.5556
vn -0.9972 -0.0526 0.0526
vn -0.9965 0.0590 -0.0590
vn 0.9965 0.0590 -0.0590
vn 0.9972 -0.0526 0.0526
vn 0.0036 0.5556 -0.8315
vn -0.0036 0.5556 -0.8315
vn 0.9965 -0.0771 -0.0319
vn 0.9972 0.0687 0.0285
vn 0.0036 0.3827 -0.9239
vn -0.0036 0.3827 -0.9239
vn -0.9972 -0.0687 -0.0284
vn -0.9972 -0.0618 -0.0413
vn -0.9965 0.0694 0.0464
vn -0.9965 0.0771 0.0319
vn 0.9972 -0.0413 0.0618
vn 0.9965 0.0464 -0.0694
vn -0.9242 -0.0000 -0.3820
vn -0.9242 -0.0745 -0.3747
vn -0.3865 -0.1799 -0.9046
vn -0.3865 -0.0000 -0.9223
vn 0.9241 -0.0745 -0.3747
vn 0.9241 -0.0000 -0.3820
vn 0.3865 -0.0000 -0.9223
vn 0.3865 -0.1799 -0.9046
vn -0.9242 -0.1462 -0.3529
vn -0.3865 -0.3529 -0.8521
vn 0.9241 -0.1462 -0.3530
vn 0.3865 -0.3529 -0.8521
vn -0.9242 -0.2122 -0.3176
vn -0.3865 -0.5124 -0.7669
vn 0.9241 -0.2123 -0.3177
vn 0.3865 -0.5124 -0.7669
vn -0.9241 -0.2701 -0.2701
vn -0.3865 -0.6522 -0.6522
vn 0.9965 -0.0590 -0.0590
vn 0.9241 -0.2701 -0.2701
vn 0.3865 -0.6522 -0.6522
vn -0.9241 -0.3176 -0.2122
vn -0.3865 -0.7669 -0.5124
vn 0.9965 -0.0694 -0.0463
vn 0.9241 -0.3177 -0.2123
vn 0.3865 -0.7669 -0.5124
vn -0.9965 -0.0771 -0.0319
vn -0.9242 -0.3529 -0.1462
vn -0.3865 -0.8521 -0.3530
vn 0.9241 -0.3529 -0.1462
vn 0.3865 -0.8521 -0.3529
vn -0.9242 -0.3747 -0.0745
vn -0.3865 -0.9046 -0.1799
vn 0.9242 -0.3747 -0.0745
vn 0.3865 -0.9046 -0.1799
vn -0.9242 -0.3820 -0.0000
vn -0.3865 -0.9223 -0.0000
vn 0.9242 -0.3820 -0.0000
vn 0.3865 -0.9223 -0.0000
vn -0.9965 -0.0818 0.0163
vn -0.9242 -0.3747 0.0745
vn -0.3865 -0.9046 0.1799
vn 0.9965 -0.0818 0.0163
vn 0.9242 -0.3747 0.0745
vn 0.3865 -0.9046 0.1799
vn -0.9965 -0.0771 0.0319
vn -0.9242 -0.3529 0.1462
vn -0.3865 -0.8521 0.3530
vn 0.9241 -0.3529 0.1462
vn 0.3865 -0.8521 0.3529
vn -0.9241 -0.3176 0.2122
vn -0.3865 -0.7669 0.5124
vn 0.9241 -0.3177 0.2123
vn 0.3865 -0.7669 0.5124
vn -0.9241 -0.2701 0.2701
vn -0.3865 -0.6522 0.6522
vn 0.9241 -0.2701 0.2701
vn 0.3865 -0.6522 0.6522
vn -0.9965 -0.0463 0.0694
vn -0.9242 -0.2122 0.3176
vn -0.3865 -0.5124 0.7669
vn 0.9241 -0.2123 0.3177
vn 0.3865 -0.5124 0.7669
vn -0.9965 -0.0319 0.0771
vn -0.9242 -0.1462 0.3529
vn -0.3865 -0.3529 0.8521
vn 0.9241 -0.1462 0.3530
vn 0.3865 -0.3529 0.8521
vn -0.9242 -0.0745 0.3747
vn -0.3865 -0.1799 0.9046
vn 0.9242 -0.0745 0.3747
vn 0.3865 -0.1799 0.9046
vn -0.9242 -0.0000 0.3820
vn -0.3865 -0.0000 0.9223
vn 0.9241 -0.0000 0.3820
vn 0.3865 -0.0000 0.9223
vn -0.9965 0.0163 0.0818
vn -0.9242 0.0745 0.3747
vn -0.3865 0.1799 0.9046
vn 0.9965 0.0163 0.0818
vn 0.9241 0.0745 0.3747
vn 0.3865 0.1799 0.9046
vn -0.9965 0.0319 0.0771
vn -0.9242 0.1462 0.3529
vn -0.3865 0.3529 0.8521
vn 0.9965 0.0319 0.0771
vn 0.9241 0.1462 0.3530
vn 0.3865 0.3529 0.8521
vn -0.9242 0.2122 0.3176
vn -0.3865 0.5124 0.7669
vn 0.9965 0.0464 0.0693
vn 0.9242 0.2122 0.3176
vn 0.3865 0.5124 0.7669
vn -0.9241 0.2701 0.2701
vn -0.3865 0.6522 0.6522
vn 0.9965 0.0590 0.0590
vn 0.9241 0.2701 0.2701
vn 0.3865 0.6522 0.6522
vn -0.9242 0.3176 0.2122
vn -0.3865 0.7669 0.5124
vn 0.9241 0.3177 0.2123
vn 0.3865 0.7669 0.5124
vn -0.9242 0.3529 0.1462
vn -0.3865 0.8521 0.3530
vn 0.9241 0.3529 0.1462
vn 0.3865 0.8521 0.3530
vn -0.9965 0.0818 0.0163
vn -0.9242 0.3747 0.0745
vn -0.3865 0.9046 0.1799
vn 0.9242 0.3747 0.0745
vn 0.3865 0.9046 0.1799
vn -0.9965 0.0834 -0.0000
vn -0.9242 0.3820 -0.0000
vn -0.3865 0.9223 -0.0000
vn 0.9242 0.3820 -0.0000
vn 0.3865 0.9223 -0.0000
vn -0.9965 0.0818 -0.0163
vn -0.9242 0.3747 -0.0745
vn -0.3865 0.9046 -0.1799
vn 0.9242 0.3747 -0.0745
vn 0.3865 0.9046 -0.1799
vn -0.9242 0.3529 -0.1462
vn -0.3865 0.8521 -0.3530
vn 0.9242 0.3529 -0.1462
vn 0.3865 0.8521 -0.3530
vn -0.9241 0.3176 -0.2122
vn -0.3865 0.7669 -0.5124
vn 0.9241 0.3177 -0.2123
vn 0.3865 0.7669 -0.5124
vn -0.9241 0.2701 -0.2701
vn -0.3865 0.6522 -0.6522
vn 0.9241 0.2701 -0.2701
vn 0.3865 0.6522 -0.6522
vn -0.9242 0.2122 -0.3176
vn -0.3865 0.5124 -0.7669
vn 0.9241 0.2122 -0.3176
vn 0.3865 0.5124 -0.7669
vn -0.9242 0.1462 -0.3529
vn -0.3865 0.3529 -0.8521
vn 0.9241 0.1462 -0.3530
vn 0.3865 0.3529 -0.8521
vn -0.9242 0.0745 -0.3747
vn -0.3865 0.1799 -0.9046
vn 0.9241 0.0745 -0.3747
vn 0.3865 0.1799 -0.9046
vn 0.9241 0.2122 0.3177
vn -0.9242 0.2701 0.2701
vn 0.9972 0.0526 0.0526
vn -0.9241 0.3176 0.2122
vn 0.9972 0.0618 0.0413
vn -0.3865 0.8521 0.3529
vn -0.9241 0.3530 0.1462
vn -0.9972 0.0687 0.0285
vn 0.3865 0.8521 0.3529
vn 0.9241 0.3530 0.1462
vn 0.9241 0.3747 0.0745
vn -0.9972 0.0729 -0.0145
vn 0.9241 0.3747 -0.0745
vn 0.9972 0.0729 -0.0145
vn -0.3865 0.8521 -0.3529
vn -0.9241 0.3530 -0.1462
vn -0.9972 0.0687 -0.0284
vn 0.3865 0.8521 -0.3529
vn 0.9241 0.3530 -0.1462
vn 0.9241 0.3177 -0.2122
vn -0.9242 0.2701 -0.2701
vn -0.9972 0.0413 -0.0618
vn 0.9241 0.2122 -0.3177
vn -0.9972 0.0285 -0.0687
vn -0.9972 -0.0145 -0.0730
vn 0.9972 -0.0145 -0.0729
vn -0.9972 -0.0284 -0.0687
vn 0.9972 -0.0285 -0.0687
vn 0.9241 -0.2122 -0.3177
vn 0.9972 -0.0413 -0.0618
vn -0.9242 -0.2701 -0.2701
vn 0.9972 -0.0526 -0.0526
vn -0.3865 -0.8521 -0.3529
vn 0.9241 -0.3530 -0.1462
vn -0.9972 -0.0730 -0.0145
vn 0.9241 -0.3747 -0.0745
vn -0.9972 -0.0744 -0.0000
vn 0.9241 -0.3820 -0.0000
vn -0.9972 -0.0730 0.0145
vn 0.9241 -0.3747 0.0745
vn -0.3865 -0.8521 0.3529
vn 0.9241 -0.3530 0.1462
vn 0.9241 -0.3177 0.2122
vn -0.9242 -0.2701 0.2701
vn 0.9241 -0.2122 0.3177
vn -0.9241 -0.1462 0.3530
vn 0.9241 -0.0745 0.3747
vt 0.449990 0.695391
vt 0.449990 0.742851
vt 0.446749 0.742851
vt 0.446749 0.695391
vt 0.264527 0.751943
vt 0.266496 0.753912
vt 0.265389 0.755260
vt 0.263178 0.753050
vt 0.056448 0.749552
vt 0.058184 0.749723
vt 0.058184 0.752507
vt 0.056448 0.752678
vt 0.070755 0.766985
vt 0.067689 0.766375
vt 0.068195 0.764705
vt 0.070926 0.765248
vt 0.083296 0.760124
vt 0.084843 0.757810
vt 0.086382 0.758632
vt 0.084645 0.761231
vt 0.266496 0.731955
vt 0.264527 0.733924
vt 0.263179 0.732817
vt 0.265389 0.730606
vt 0.073710 0.765248
vt 0.073881 0.766985
vt 0.062201 0.738788
vt 0.063308 0.740137
vt 0.061340 0.742105
vt 0.059991 0.740998
vt 0.086452 0.749723
vt 0.085908 0.746992
vt 0.087578 0.746486
vt 0.088188 0.749552
vt 0.284515 0.753912
vt 0.286484 0.751943
vt 0.287833 0.753050
vt 0.285622 0.755260
vt 0.271383 0.729343
vt 0.268811 0.730408
vt 0.267988 0.728869
vt 0.270877 0.727673
vt 0.059991 0.761231
vt 0.061340 0.760124
vt 0.063308 0.762093
vt 0.062201 0.763442
vt 0.289639 0.744325
vt 0.289639 0.741541
vt 0.291376 0.741370
vt 0.291376 0.744496
vt 0.079835 0.765179
vt 0.079013 0.763640
vt 0.081328 0.762093
vt 0.082435 0.763442
vt 0.261442 0.750451
vt 0.262981 0.749628
vt 0.073881 0.735245
vt 0.073710 0.736981
vt 0.070926 0.736981
vt 0.070755 0.735245
vt 0.289096 0.738811
vt 0.290766 0.738304
vt 0.262981 0.736238
vt 0.261442 0.735416
vt 0.289570 0.735416
vt 0.288031 0.736238
vt 0.286484 0.733924
vt 0.287833 0.732817
vt 0.284515 0.731955
vt 0.285622 0.730606
vt 0.749896 0.436777
vt 0.747227 0.436777
vt 0.747227 0.389316
vt 0.749896 0.389316
vt 0.742143 0.436777
vt 0.739924 0.436777
vt 0.739924 0.389316
vt 0.742143 0.389316
vt 0.738036 0.436777
vt 0.738036 0.389316
vt 0.741631 0.506873
vt 0.743850 0.506873
vt 0.743850 0.554334
vt 0.741631 0.554334
vt 0.746316 0.506873
vt 0.746316 0.554334
vt 0.748934 0.506873
vt 0.748934 0.554334
vt 0.751603 0.506873
vt 0.751603 0.554334
vt 0.754221 0.506873
vt 0.754221 0.554334
vt 0.756687 0.506873
vt 0.756687 0.554334
vt 0.758906 0.506873
vt 0.758906 0.554334
vt 0.760793 0.506873
vt 0.760793 0.554334
vt 0.739924 0.332387
vt 0.742143 0.332387
vt 0.742143 0.379847
vt 0.739924 0.379847
vt 0.744609 0.332387
vt 0.744609 0.379847
vt 0.747227 0.332387
vt 0.747227 0.379847
vt 0.749896 0.332387
vt 0.749896 0.379847
vt 0.752514 0.332387
vt 0.752514 0.379847
vt 0.754980 0.332387
vt 0.754980 0.379847
vt 0.757199 0.332387
vt 0.757199 0.379847
vt 0.759087 0.332387
vt 0.759087 0.379847
vt 0.758772 0.497404
vt 0.756553 0.497404
vt 0.756553 0.449944
vt 0.758772 0.449944
vt 0.754087 0.497404
vt 0.754087 0.449944
vt 0.751469 0.497404
vt 0.751469 0.449944
vt 0.748800 0.497404
vt 0.748800 0.449944
vt 0.746182 0.497404
vt 0.746182 0.449944
vt 0.743716 0.497404
vt 0.743716 0.449944
vt 0.741497 0.497404
vt 0.741497 0.449944
vt 0.739610 0.497404
vt 0.739610 0.449944
vt 0.757199 0.436777
vt 0.754980 0.436777
vt 0.754980 0.389316
vt 0.757199 0.389316
vt 0.752514 0.436777
vt 0.752514 0.389316
vt 0.744609 0.436777
vt 0.744609 0.389316
vt 0.443570 0.742851
vt 0.443570 0.695391
vt 0.440575 0.695391
vt 0.440575 0.742851
vt 0.437880 0.742851
vt 0.437880 0.695391
vt 0.261915 0.738811
vt 0.261372 0.741541
vt 0.259636 0.741370
vt 0.260245 0.738304
vt 0.435589 0.742851
vt 0.435589 0.695391
vt 0.076441 0.764705
vt 0.076947 0.766375
vt 0.708153 0.726311
vt 0.708153 0.678851
vt 0.710848 0.678851
vt 0.710848 0.726311
vt 0.713843 0.678851
vt 0.713843 0.726311
vt 0.290766 0.747562
vt 0.289096 0.747056
vt 0.717022 0.678851
vt 0.717022 0.726311
vt 0.720263 0.678851
vt 0.720263 0.726311
vt 0.085908 0.755237
vt 0.087578 0.755744
vt 0.723441 0.678851
vt 0.723441 0.726311
vt 0.726436 0.678851
vt 0.726436 0.726311
vt 0.729131 0.678851
vt 0.729131 0.726311
vt 0.270876 0.758193
vt 0.271383 0.756524
vt 0.274114 0.757067
vt 0.273943 0.758803
vt 0.731422 0.678851
vt 0.731422 0.726311
vt 0.004322 0.756292
vt 0.004322 0.708832
vt 0.007017 0.708832
vt 0.007017 0.756292
vt 0.010011 0.708832
vt 0.010011 0.756292
vt 0.013190 0.708832
vt 0.013190 0.756292
vt 0.016431 0.708832
vt 0.016431 0.756292
vt 0.019610 0.708832
vt 0.019610 0.756292
vt 0.022604 0.708832
vt 0.022604 0.756292
vt 0.025299 0.708832
vt 0.025299 0.756292
vt 0.027591 0.708832
vt 0.027591 0.756292
vt 0.399854 0.682428
vt 0.399854 0.729888
vt 0.397159 0.729888
vt 0.397159 0.682428
vt 0.394165 0.729888
vt 0.394165 0.682427
vt 0.267988 0.756997
vt 0.268811 0.755458
vt 0.390986 0.729888
vt 0.390986 0.682427
vt 0.387745 0.729888
vt 0.387745 0.682427
vt 0.384566 0.729888
vt 0.384566 0.682427
vt 0.381572 0.729888
vt 0.381572 0.682428
vt 0.378877 0.729888
vt 0.378877 0.682428
vt 0.086452 0.752507
vt 0.088188 0.752678
vt 0.376585 0.729888
vt 0.376585 0.682428
vt 0.259636 0.744496
vt 0.261372 0.744325
vt 0.458858 0.695391
vt 0.458858 0.742851
vt 0.456163 0.742851
vt 0.456163 0.695391
vt 0.283023 0.756997
vt 0.282200 0.755458
vt 0.453168 0.742851
vt 0.453168 0.695391
vt 0.079013 0.738590
vt 0.076441 0.737524
vt 0.076947 0.735855
vt 0.079835 0.737051
vt 0.261915 0.747056
vt 0.260245 0.747562
vt 0.082697 0.763762
vt 0.080030 0.765543
vt 0.443620 0.694978
vt 0.446765 0.694978
vt 0.267793 0.757362
vt 0.265127 0.755580
vt 0.446765 0.743264
vt 0.443620 0.743264
vt 0.077067 0.766771
vt 0.440657 0.694978
vt 0.270756 0.758589
vt 0.440657 0.743264
vt 0.073921 0.767396
vt 0.437990 0.694978
vt 0.273902 0.759215
vt 0.437990 0.743264
vt 0.070714 0.767396
vt 0.708263 0.726724
vt 0.705995 0.726724
vt 0.705862 0.726311
vt 0.277069 0.758803
vt 0.277109 0.759215
vt 0.705995 0.678438
vt 0.708263 0.678438
vt 0.705862 0.678851
vt 0.067569 0.766771
vt 0.710930 0.726724
vt 0.280135 0.758194
vt 0.280255 0.758589
vt 0.710930 0.678438
vt 0.064801 0.765179
vt 0.064606 0.765543
vt 0.713893 0.726724
vt 0.283218 0.757362
vt 0.713893 0.678438
vt 0.061939 0.763762
vt 0.717039 0.726724
vt 0.285885 0.755580
vt 0.717039 0.678438
vt 0.059671 0.761494
vt 0.720246 0.726724
vt 0.288152 0.753312
vt 0.720246 0.678438
vt 0.058254 0.758632
vt 0.057889 0.758827
vt 0.723391 0.726724
vt 0.289570 0.750451
vt 0.289934 0.750646
vt 0.723391 0.678438
vt 0.057058 0.755744
vt 0.056662 0.755864
vt 0.726354 0.726724
vt 0.291162 0.747682
vt 0.726354 0.678438
vt 0.056036 0.752718
vt 0.729021 0.726724
vt 0.291787 0.744537
vt 0.729021 0.678438
vt 0.056036 0.749511
vt 0.731289 0.726724
vt 0.291787 0.741330
vt 0.731289 0.678438
vt 0.057058 0.746486
vt 0.056662 0.746366
vt 0.007098 0.756705
vt 0.004432 0.756705
vt 0.291162 0.738184
vt 0.004432 0.708419
vt 0.007098 0.708419
vt 0.058254 0.743597
vt 0.057889 0.743403
vt 0.010062 0.756705
vt 0.289934 0.735221
vt 0.010062 0.708419
vt 0.059671 0.740736
vt 0.013207 0.756705
vt 0.288152 0.732554
vt 0.013207 0.708419
vt 0.061939 0.738468
vt 0.016414 0.756705
vt 0.285885 0.730287
vt 0.016414 0.708419
vt 0.064801 0.737051
vt 0.064606 0.736686
vt 0.019560 0.756705
vt 0.283023 0.728869
vt 0.283218 0.728505
vt 0.019560 0.708419
vt 0.067689 0.735855
vt 0.067569 0.735459
vt 0.022523 0.756705
vt 0.280135 0.727673
vt 0.280255 0.727277
vt 0.022523 0.708419
vt 0.070714 0.734833
vt 0.025190 0.756705
vt 0.277069 0.727063
vt 0.277109 0.726652
vt 0.025190 0.708419
vt 0.073922 0.734833
vt 0.399744 0.682015
vt 0.402012 0.682015
vt 0.402146 0.682428
vt 0.273943 0.727063
vt 0.273902 0.726652
vt 0.402012 0.730300
vt 0.399744 0.730300
vt 0.402146 0.729888
vt 0.077067 0.735459
vt 0.397078 0.682015
vt 0.270757 0.727277
vt 0.397078 0.730300
vt 0.080030 0.736686
vt 0.394115 0.682015
vt 0.267793 0.728505
vt 0.394115 0.730300
vt 0.082435 0.738788
vt 0.082697 0.738468
vt 0.390969 0.682015
vt 0.265127 0.730286
vt 0.390969 0.730300
vt 0.084645 0.740998
vt 0.084965 0.740736
vt 0.387762 0.682015
vt 0.262859 0.732554
vt 0.387762 0.730300
vt 0.086382 0.743598
vt 0.086747 0.743403
vt 0.384616 0.682015
vt 0.261077 0.735221
vt 0.384616 0.730300
vt 0.087974 0.746366
vt 0.381653 0.682015
vt 0.259850 0.738184
vt 0.381653 0.730300
vt 0.088600 0.749511
vt 0.378986 0.682015
vt 0.259224 0.741330
vt 0.378986 0.730300
vt 0.088600 0.752718
vt 0.376719 0.682015
vt 0.259224 0.744537
vt 0.376719 0.730300
vt 0.087974 0.755864
vt 0.456081 0.694978
vt 0.458748 0.694978
vt 0.259850 0.747682
vt 0.458748 0.743264
vt 0.456081 0.743264
vt 0.086746 0.758827
vt 0.453118 0.694978
vt 0.261077 0.750645
vt 0.453118 0.743264
vt 0.084965 0.761494
vt 0.449973 0.694978
vt 0.262859 0.753312
vt 0.449973 0.743264
vt 0.747210 0.437189
vt 0.744559 0.437189
vt 0.078818 0.763275
vt 0.081065 0.761774
vt 0.744559 0.388904
vt 0.747210 0.388904
vt 0.266758 0.753592
vt 0.269006 0.755094
vt 0.742062 0.437189
vt 0.076321 0.764310
vt 0.742062 0.388904
vt 0.271503 0.756128
vt 0.739814 0.437189
vt 0.073669 0.764837
vt 0.739814 0.388904
vt 0.274154 0.756655
vt 0.737903 0.437189
vt 0.070966 0.764837
vt 0.739743 0.554334
vt 0.741521 0.554746
vt 0.739610 0.554746
vt 0.276857 0.756655
vt 0.276898 0.757067
vt 0.741521 0.506461
vt 0.743768 0.506461
vt 0.068315 0.764310
vt 0.743768 0.554746
vt 0.279508 0.756128
vt 0.279628 0.756524
vt 0.746266 0.506461
vt 0.065818 0.763275
vt 0.065623 0.763640
vt 0.746266 0.554746
vt 0.282006 0.755094
vt 0.748917 0.506461
vt 0.063571 0.761773
vt 0.748917 0.554746
vt 0.284253 0.753592
vt 0.751620 0.506461
vt 0.061659 0.759862
vt 0.751620 0.554746
vt 0.286164 0.751681
vt 0.754271 0.506461
vt 0.060158 0.757615
vt 0.059793 0.757810
vt 0.754271 0.554746
vt 0.287666 0.749433
vt 0.288031 0.749628
vt 0.756768 0.506461
vt 0.059123 0.755117
vt 0.058727 0.755237
vt 0.756768 0.554746
vt 0.288700 0.746936
vt 0.759016 0.506461
vt 0.058596 0.752466
vt 0.759016 0.554746
vt 0.289228 0.744285
vt 0.738036 0.332387
vt 0.737903 0.331974
vt 0.739814 0.331974
vt 0.058596 0.749763
vt 0.738036 0.379847
vt 0.739814 0.380260
vt 0.737903 0.380260
vt 0.289228 0.741582
vt 0.742062 0.331974
vt 0.059123 0.747112
vt 0.058727 0.746992
vt 0.742062 0.380260
vt 0.288700 0.738931
vt 0.744559 0.331974
vt 0.060158 0.744615
vt 0.059793 0.744420
vt 0.744559 0.380260
vt 0.287666 0.736433
vt 0.747210 0.331974
vt 0.061659 0.742367
vt 0.747210 0.380260
vt 0.286164 0.734186
vt 0.749913 0.331974
vt 0.063571 0.740456
vt 0.749913 0.380260
vt 0.284253 0.732275
vt 0.752564 0.331974
vt 0.065818 0.738954
vt 0.065623 0.738590
vt 0.752564 0.380260
vt 0.282006 0.730773
vt 0.282200 0.730408
vt 0.755061 0.331974
vt 0.068315 0.737920
vt 0.068195 0.737524
vt 0.755061 0.380260
vt 0.279508 0.729738
vt 0.279628 0.729343
vt 0.757309 0.331974
vt 0.070966 0.737393
vt 0.757309 0.380260
vt 0.276857 0.729211
vt 0.276898 0.728800
vt 0.760660 0.497404
vt 0.760793 0.497817
vt 0.758882 0.497817
vt 0.073669 0.737393
vt 0.759220 0.380260
vt 0.274154 0.729211
vt 0.274114 0.728800
vt 0.756635 0.497817
vt 0.076321 0.737920
vt 0.756635 0.449531
vt 0.758882 0.449531
vt 0.271503 0.729738
vt 0.754137 0.497817
vt 0.078818 0.738954
vt 0.754137 0.449531
vt 0.269006 0.730773
vt 0.751486 0.497817
vt 0.081065 0.740456
vt 0.081328 0.740137
vt 0.751486 0.449531
vt 0.266758 0.732275
vt 0.748783 0.497817
vt 0.082977 0.742367
vt 0.083296 0.742105
vt 0.748783 0.449531
vt 0.264847 0.734186
vt 0.746132 0.497817
vt 0.084478 0.744615
vt 0.084843 0.744420
vt 0.746132 0.449531
vt 0.263345 0.736433
vt 0.743635 0.497817
vt 0.085513 0.747112
vt 0.743635 0.449531
vt 0.262311 0.738931
vt 0.741387 0.497817
vt 0.086040 0.749763
vt 0.741387 0.449531
vt 0.261783 0.741582
vt 0.759087 0.436777
vt 0.759220 0.437189
vt 0.757309 0.437189
vt 0.086040 0.752466
vt 0.759087 0.389316
vt 0.757309 0.388904
vt 0.759220 0.388904
vt 0.261783 0.744285
vt 0.755061 0.437189
vt 0.085513 0.755117
vt 0.755061 0.388904
vt 0.262311 0.746936
vt 0.752564 0.437189
vt 0.084478 0.757615
vt 0.752564 0.388904
vt 0.263345 0.749433
vt 0.749913 0.437189
vt 0.082977 0.759862
vt 0.749913 0.388904
vt 0.264847 0.751681
s 1
usemtl M416_Final_Metal
f 4781/9297/3882 4785/9298/3883 4598/9299/3884 4596/9300/3885
f 4977/9301/3886 4790/9302/3887 4599/9303/3888 4784/9304/3889
f 4668/9305/3890 4859/9306/3891 4853/9307/3892 4662/9308/3893
f 4620/9309/3894 4626/9310/3895 4817/9311/3896 4811/9312/3897
f 4973/9313/3898 4967/9314/3899 4776/9315/3900 4782/9316/3901
f 4929/9317/3902 4935/9318/3903 4742/9319/3904 4736/9320/3905
f 4620/9309/3894 4811/9312/3897 4805/9321/3906 4614/9322/3907
f 4692/9323/3908 4883/9324/3909 4877/9325/3910 4686/9326/3911
f 4949/9327/3912 4943/9328/3913 4752/9329/3914 4758/9330/3915
f 4833/9331/3916 4839/9332/3917 4646/9333/3918 4640/9334/3919
f 4917/9335/3920 4923/9336/3921 4730/9337/3922 4724/9338/3923
f 4644/9339/3924 4835/9340/3925 4829/9341/3926 4638/9342/3927
f 4857/9343/3928 4863/9344/3929 4670/9345/3930 4664/9346/3931
f 4602/9347/3932 4793/9348/3933 4788/9349/3934 4595/9350/3935
f 4778/9351/3936 4971/9352/3937 4977/9301/3886 4784/9304/3889
f 4716/9353/3938 4907/9354/3939 4901/9355/3940 4710/9356/3941
f 4863/9344/3929 4869/9357/3942 4676/9358/3943 4670/9345/3930
f 4742/9319/3904 4935/9318/3903 4941/9359/3944 4748/9360/3945
f 4682/9361/3946 4875/9362/3947 4881/9363/3948 4688/9364/3949
f 4881/9363/3948 4887/9365/3950 4694/9366/3951 4688/9364/3949
f 4974/9367/3952 4787/9368/3953 4791/9369/3954 4976/9370/3955
f 4800/9371/3956 4806/9372/3957 4808/9373/3958 4802/9374/3959
f 4806/9372/3957 4812/9375/3960 4814/9376/3961 4808/9373/3958
f 4812/9377/3960 4818/9378/3962 4820/9379/3963 4814/9380/3961
f 4818/9378/3962 4824/9381/3964 4826/9382/3965 4820/9379/3963
f 4824/9381/3964 4830/9383/3966 4832/9384/3967 4826/9382/3965
f 4830/9383/3966 4836/9385/3968 4838/9386/3969 4832/9384/3967
f 4836/9385/3968 4842/9387/3970 4844/9388/3971 4838/9386/3969
f 4842/9387/3970 4848/9389/3972 4850/9390/3973 4844/9388/3971
f 4848/9389/3972 4854/9391/3974 4856/9392/3975 4850/9390/3973
f 4854/9391/3974 4860/9393/3976 4862/9394/3977 4856/9392/3975
f 4860/9395/3976 4866/9396/3978 4868/9397/3979 4862/9398/3977
f 4866/9396/3978 4872/9399/3980 4874/9400/3981 4868/9397/3979
f 4872/9399/3980 4878/9401/3982 4880/9402/3983 4874/9400/3981
f 4878/9401/3982 4884/9403/3984 4886/9404/3985 4880/9402/3983
f 4884/9403/3984 4890/9405/3986 4892/9406/3987 4886/9404/3985
f 4890/9405/3986 4896/9407/3988 4898/9408/3989 4892/9406/3987
f 4896/9407/3988 4902/9409/3990 4904/9410/3991 4898/9408/3989
f 4902/9409/3990 4908/9411/3992 4910/9412/3993 4904/9410/3991
f 4908/9413/3992 4914/9414/3994 4916/9415/3995 4910/9416/3993
f 4914/9414/3994 4920/9417/3996 4922/9418/3997 4916/9415/3995
f 4920/9417/3996 4926/9419/3998 4928/9420/3999 4922/9418/3997
f 4926/9419/3998 4932/9421/4000 4934/9422/4001 4928/9420/3999
f 4932/9421/4000 4938/9423/4002 4940/9424/4003 4934/9422/4001
f 4938/9423/4002 4944/9425/4004 4946/9426/4005 4940/9424/4003
f 4944/9425/4004 4950/9427/4006 4952/9428/4007 4946/9426/4005
f 4950/9427/4006 4956/9429/4008 4958/9430/4009 4952/9428/4007
f 4956/9431/4008 4962/9432/4010 4964/9433/4011 4958/9434/4009
f 4962/9432/4010 4968/9435/4012 4970/9436/4013 4964/9433/4011
f 4968/9435/4012 4974/9367/3952 4976/9370/3955 4970/9436/4013
f 4794/9437/4014 4800/9371/3956 4802/9374/3959 4796/9438/4015
f 4596/9300/3885 4598/9299/3884 4605/9439/4016 4601/9440/4017
f 4607/9441/4018 4611/9442/4019 4617/9443/3991 4613/9444/4020
f 4947/9445/4021 4953/9446/4022 4760/9447/4023 4754/9448/4024
f 4613/9444/4020 4617/9443/3991 4623/9449/3993 4619/9450/3992
f 4614/9322/3907 4805/9321/3906 4799/9451/4025 4608/9452/4026
f 4619/9453/3992 4623/9454/3993 4629/9455/4027 4625/9456/3994
f 4625/9456/3994 4629/9455/4027 4635/9457/4028 4631/9458/4029
f 4658/9459/4030 4851/9460/4031 4857/9343/3928 4664/9346/3931
f 4631/9458/4029 4635/9457/4028 4641/9461/4032 4637/9462/4033
f 4637/9462/4033 4641/9461/4032 4647/9463/4034 4643/9464/4035
f 4967/9314/3899 4961/9465/4036 4770/9466/4037 4776/9315/3900
f 4643/9464/4035 4647/9463/4034 4653/9467/4038 4649/9468/4039
f 4649/9468/4039 4653/9467/4038 4659/9469/4040 4655/9470/4041
f 4655/9470/4041 4659/9469/4040 4665/9471/4007 4661/9472/4006
f 4610/9473/4042 4803/9474/4043 4809/9475/4044 4616/9476/4045
f 4661/9472/4006 4665/9471/4007 4671/9477/4009 4667/9478/4008
f 4667/9479/4008 4671/9480/4009 4677/9481/4046 4673/9482/4047
f 4595/9350/3935 4788/9349/3934 4973/9313/3898 4782/9316/3901
f 4673/9482/4047 4677/9481/4046 4683/9483/4048 4679/9484/4049
f 4679/9484/4049 4683/9483/4048 4689/9485/4050 4685/9486/4051
f 4685/9486/4051 4689/9485/4050 4695/9487/4052 4691/9488/4053
f 4691/9488/4053 4695/9487/4052 4701/9489/4054 4697/9490/4055
f 4697/9490/4055 4701/9489/4054 4707/9491/4056 4703/9492/4057
f 4703/9492/4057 4707/9491/4056 4713/9493/4058 4709/9494/3957
f 4709/9494/3957 4713/9493/4058 4719/9495/3961 4715/9496/3960
f 4715/9497/3960 4719/9498/3961 4725/9499/4059 4721/9500/4060
f 4721/9500/4060 4725/9499/4059 4731/9501/4061 4727/9502/4062
f 4604/9503/4063 4797/9504/4064 4803/9474/4043 4610/9473/4042
f 4727/9502/4062 4731/9501/4061 4737/9505/4065 4733/9506/4066
f 4733/9506/4066 4737/9505/4065 4743/9507/4067 4739/9508/4068
f 4739/9508/4068 4743/9507/4067 4749/9509/4069 4745/9510/4070
f 4745/9510/4070 4749/9509/4069 4755/9511/4071 4751/9512/4072
f 4751/9512/4072 4755/9511/4071 4761/9513/4073 4757/9514/3974
f 4770/9466/4037 4961/9465/4036 4955/9515/4074 4764/9516/4075
f 4757/9514/3974 4761/9513/4073 4767/9517/3977 4763/9518/3976
f 4766/9519/4076 4760/9447/4023 4953/9446/4022 4959/9520/4077
f 4763/9521/3976 4767/9522/3977 4773/9523/4078 4769/9524/4079
f 4634/9525/4080 4827/9526/4081 4833/9331/3916 4640/9334/3919
f 4769/9524/4079 4773/9523/4078 4779/9527/4082 4775/9528/4083
f 4919/9529/4084 4913/9530/4085 4722/9531/4086 4728/9532/4087
f 4775/9528/4083 4779/9527/4082 4785/9298/3883 4781/9297/3882
f 4959/9520/4077 4965/9533/4088 4772/9534/4089 4766/9519/4076
f 4787/9368/3953 4794/9437/4014 4796/9438/4015 4791/9369/3954
f 4601/9440/4017 4605/9439/4016 4611/9442/4019 4607/9441/4018
f 4602/9347/3932 4595/9350/3935 4597/9535/4090 4603/9536/4091
f 4603/9537/4092 4597/9538/4093 4596/9300/3885 4601/9440/4017
f 4599/9303/3888 4604/9503/4063 4606/9539/4094 4600/9540/4095
f 4600/9541/4096 4606/9542/4097 4605/9439/4016 4598/9299/3884
f 4608/9452/4026 4602/9347/3932 4603/9536/4091 4609/9543/4098
f 4609/9544/4099 4603/9537/4092 4601/9440/4017 4607/9441/4018
f 4604/9503/4063 4610/9473/4042 4612/9545/4100 4606/9539/4094
f 4606/9542/4097 4612/9546/4101 4611/9442/4019 4605/9439/4016
f 4614/9322/3907 4608/9452/4026 4609/9543/4098 4615/9547/4102
f 4615/9548/4103 4609/9544/4099 4607/9441/4018 4613/9444/4020
f 4610/9473/4042 4616/9476/4045 4618/9549/4104 4612/9545/4100
f 4612/9546/4101 4618/9550/4105 4617/9443/3991 4611/9442/4019
f 4620/9309/3894 4614/9322/3907 4615/9547/4102 4621/9551/4106
f 4621/9552/4107 4615/9553/4103 4613/9554/4020 4619/9453/3992
f 4616/9476/4045 4622/9555/4108 4624/9556/4109 4618/9549/4104
f 4618/9557/4105 4624/9558/4110 4623/9454/3993 4617/9559/3991
f 4626/9310/3895 4620/9309/3894 4621/9551/4106 4627/9560/4111
f 4627/9561/4112 4621/9552/4107 4619/9453/3992 4625/9456/3994
f 4622/9555/4108 4628/9562/4113 4630/9563/4114 4624/9556/4109
f 4624/9558/4110 4630/9564/4115 4629/9455/4027 4623/9454/3993
f 4632/9565/4116 4626/9310/3895 4627/9560/4111 4633/9566/4117
f 4633/9567/4118 4627/9561/4112 4625/9456/3994 4631/9458/4029
f 4628/9562/4113 4634/9525/4080 4636/9568/4119 4630/9563/4114
f 4630/9564/4115 4636/9569/4120 4635/9457/4028 4629/9455/4027
f 4638/9342/3927 4632/9565/4116 4633/9566/4117 4639/9570/4121
f 4639/9571/4122 4633/9567/4118 4631/9458/4029 4637/9462/4033
f 4634/9525/4080 4640/9334/3919 4642/9572/4123 4636/9568/4119
f 4636/9569/4120 4642/9573/4124 4641/9461/4032 4635/9457/4028
f 4644/9339/3924 4638/9342/3927 4639/9570/4121 4645/9574/4125
f 4645/9575/4126 4639/9571/4122 4637/9462/4033 4643/9464/4035
f 4640/9334/3919 4646/9333/3918 4648/9576/4127 4642/9572/4123
f 4642/9573/4124 4648/9577/4128 4647/9463/4034 4641/9461/4032
f 4650/9578/4129 4644/9339/3924 4645/9574/4125 4651/9579/4130
f 4651/9580/4131 4645/9575/4126 4643/9464/4035 4649/9468/4039
f 4646/9333/3918 4652/9581/4132 4654/9582/4133 4648/9576/4127
f 4648/9577/4128 4654/9583/4134 4653/9467/4038 4647/9463/4034
f 4656/9584/4135 4650/9578/4129 4651/9579/4130 4657/9585/4136
f 4657/9586/4137 4651/9580/4131 4649/9468/4039 4655/9470/4041
f 4652/9581/4132 4658/9459/4030 4660/9587/4138 4654/9582/4133
f 4654/9583/4134 4660/9588/4139 4659/9469/4040 4653/9467/4038
f 4662/9308/3893 4656/9584/4135 4657/9585/4136 4663/9589/4140
f 4663/9590/4141 4657/9586/4137 4655/9470/4041 4661/9472/4006
f 4658/9459/4030 4664/9346/3931 4666/9591/4142 4660/9587/4138
f 4660/9588/4139 4666/9592/4143 4665/9471/4007 4659/9469/4040
f 4668/9305/3890 4662/9308/3893 4663/9589/4140 4669/9593/4144
f 4669/9594/4145 4663/9590/4141 4661/9472/4006 4667/9478/4008
f 4664/9346/3931 4670/9345/3930 4672/9595/4146 4666/9591/4142
f 4666/9592/4143 4672/9596/4147 4671/9477/4009 4665/9471/4007
f 4674/9597/4148 4668/9305/3890 4669/9593/4144 4675/9598/4149
f 4675/9599/4150 4669/9600/4145 4667/9479/4008 4673/9482/4047
f 4670/9345/3930 4676/9358/3943 4678/9601/4151 4672/9595/4146
f 4672/9602/4147 4678/9603/4152 4677/9481/4046 4671/9480/4009
f 4680/9604/4153 4674/9597/4148 4675/9598/4149 4681/9605/4154
f 4681/9606/4155 4675/9599/4150 4673/9482/4047 4679/9484/4049
f 4676/9358/3943 4682/9361/3946 4684/9607/4156 4678/9601/4151
f 4678/9603/4152 4684/9608/4157 4683/9483/4048 4677/9481/4046
f 4686/9326/3911 4680/9604/4153 4681/9605/4154 4687/9609/4158
f 4687/9610/4159 4681/9606/4155 4679/9484/4049 4685/9486/4051
f 4682/9361/3946 4688/9364/3949 4690/9611/4160 4684/9607/4156
f 4684/9608/4157 4690/9612/4161 4689/9485/4050 4683/9483/4048
f 4692/9323/3908 4686/9326/3911 4687/9609/4158 4693/9613/4162
f 4693/9614/4163 4687/9610/4159 4685/9486/4051 4691/9488/4053
f 4688/9364/3949 4694/9366/3951 4696/9615/4164 4690/9611/4160
f 4690/9612/4161 4696/9616/4165 4695/9487/4052 4689/9485/4050
f 4698/9617/4166 4692/9323/3908 4693/9613/4162 4699/9618/4167
f 4699/9619/4168 4693/9614/4163 4691/9488/4053 4697/9490/4055
f 4694/9366/3951 4700/9620/4169 4702/9621/4170 4696/9615/4164
f 4696/9616/4165 4702/9622/4171 4701/9489/4054 4695/9487/4052
f 4704/9623/4172 4698/9617/4166 4699/9618/4167 4705/9624/4173
f 4705/9625/4174 4699/9619/4168 4697/9490/4055 4703/9492/4057
f 4700/9620/4169 4706/9626/4175 4708/9627/4176 4702/9621/4170
f 4702/9622/4171 4708/9628/4177 4707/9491/4056 4701/9489/4054
f 4710/9356/3941 4704/9623/4172 4705/9624/4173 4711/9629/4178
f 4711/9630/4179 4705/9625/4174 4703/9492/4057 4709/9494/3957
f 4706/9626/4175 4712/9631/4180 4714/9632/4181 4708/9627/4176
f 4708/9628/4177 4714/9633/4182 4713/9493/4058 4707/9491/4056
f 4716/9353/3938 4710/9356/3941 4711/9629/4178 4717/9634/4183
f 4717/9635/4184 4711/9636/4179 4709/9637/3957 4715/9497/3960
f 4712/9631/4180 4718/9638/4185 4720/9639/4186 4714/9632/4181
f 4714/9640/4182 4720/9641/4187 4719/9498/3961 4713/9642/4058
f 4722/9531/4086 4716/9353/3938 4717/9634/4183 4723/9643/4188
f 4723/9644/4189 4717/9635/4184 4715/9497/3960 4721/9500/4060
f 4718/9638/4185 4724/9338/3923 4726/9645/4190 4720/9639/4186
f 4720/9641/4187 4726/9646/4191 4725/9499/4059 4719/9498/3961
f 4728/9532/4087 4722/9531/4086 4723/9643/4188 4729/9647/4192
f 4729/9648/4193 4723/9644/4189 4721/9500/4060 4727/9502/4062
f 4724/9338/3923 4730/9337/3922 4732/9649/4194 4726/9645/4190
f 4726/9646/4191 4732/9650/4195 4731/9501/4061 4725/9499/4059
f 4734/9651/4196 4728/9532/4087 4729/9647/4192 4735/9652/4197
f 4735/9653/4198 4729/9648/4193 4727/9502/4062 4733/9506/4066
f 4730/9337/3922 4736/9320/3905 4738/9654/4199 4732/9649/4194
f 4732/9650/4195 4738/9655/4200 4737/9505/4065 4731/9501/4061
f 4740/9656/4201 4734/9651/4196 4735/9652/4197 4741/9657/4202
f 4741/9658/4203 4735/9653/4198 4733/9506/4066 4739/9508/4068
f 4736/9320/3905 4742/9319/3904 4744/9659/4204 4738/9654/4199
f 4738/9655/4200 4744/9660/4205 4743/9507/4067 4737/9505/4065
f 4746/9661/4206 4740/9656/4201 4741/9657/4202 4747/9662/4207
f 4747/9663/4208 4741/9658/4203 4739/9508/4068 4745/9510/4070
f 4742/9319/3904 4748/9360/3945 4750/9664/4209 4744/9659/4204
f 4744/9660/4205 4750/9665/4210 4749/9509/4069 4743/9507/4067
f 4752/9329/3914 4746/9661/4206 4747/9662/4207 4753/9666/4211
f 4753/9667/4212 4747/9663/4208 4745/9510/4070 4751/9512/4072
f 4748/9360/3945 4754/9448/4024 4756/9668/4213 4750/9664/4209
f 4750/9665/4210 4756/9669/4214 4755/9511/4071 4749/9509/4069
f 4758/9330/3915 4752/9329/3914 4753/9666/4211 4759/9670/4215
f 4759/9671/4216 4753/9667/4212 4751/9512/4072 4757/9514/3974
f 4754/9448/4024 4760/9447/4023 4762/9672/4217 4756/9668/4213
f 4756/9669/4214 4762/9673/4218 4761/9513/4073 4755/9511/4071
f 4764/9516/4075 4758/9330/3915 4759/9670/4215 4765/9674/4219
f 4765/9675/4220 4759/9671/4216 4757/9514/3974 4763/9518/3976
f 4760/9447/4023 4766/9519/4076 4768/9676/4221 4762/9672/4217
f 4762/9673/4218 4768/9677/4222 4767/9517/3977 4761/9513/4073
f 4770/9466/4037 4764/9516/4075 4765/9674/4219 4771/9678/4223
f 4771/9679/4224 4765/9680/4220 4763/9521/3976 4769/9524/4079
f 4766/9519/4076 4772/9534/4089 4774/9681/4225 4768/9676/4221
f 4768/9682/4222 4774/9683/4226 4773/9523/4078 4767/9522/3977
f 4776/9315/3900 4770/9466/4037 4771/9678/4223 4777/9684/4227
f 4777/9685/4228 4771/9679/4224 4769/9524/4079 4775/9528/4083
f 4772/9534/4089 4778/9351/3936 4780/9686/4229 4774/9681/4225
f 4774/9683/4226 4780/9687/4230 4779/9527/4082 4773/9523/4078
f 4782/9316/3901 4776/9315/3900 4777/9684/4227 4783/9688/4231
f 4783/9689/4232 4777/9685/4228 4775/9528/4083 4781/9297/3882
f 4778/9351/3936 4784/9304/3889 4786/9690/4233 4780/9686/4229
f 4780/9687/4230 4786/9691/4234 4785/9298/3883 4779/9527/4082
f 4595/9350/3935 4782/9316/3901 4783/9688/4231 4597/9535/4090
f 4597/9538/4093 4783/9689/4232 4781/9297/3882 4596/9300/3885
f 4784/9304/3889 4599/9303/3888 4600/9540/4095 4786/9690/4233
f 4786/9691/4234 4600/9541/4096 4598/9299/3884 4785/9298/3883
f 4794/9437/4014 4787/9368/3953 4789/9692/4163 4795/9693/4168
f 4795/9694/4167 4789/9695/4162 4788/9349/3934 4793/9348/3933
f 4791/9369/3954 4796/9438/4015 4798/9696/4171 4792/9697/4165
f 4792/9698/4164 4798/9699/4170 4797/9504/4064 4790/9302/3887
f 4800/9371/3956 4794/9437/4014 4795/9693/4168 4801/9700/4174
f 4801/9701/4173 4795/9694/4167 4793/9348/3933 4799/9451/4025
f 4796/9438/4015 4802/9374/3959 4804/9702/4177 4798/9696/4171
f 4798/9699/4170 4804/9703/4176 4803/9474/4043 4797/9504/4064
f 4806/9372/3957 4800/9371/3956 4801/9700/4174 4807/9704/4179
f 4807/9705/4178 4801/9701/4173 4799/9451/4025 4805/9321/3906
f 4802/9374/3959 4808/9373/3958 4810/9706/4182 4804/9702/4177
f 4804/9703/4176 4810/9707/4235 4809/9475/4044 4803/9474/4043
f 4812/9375/3960 4806/9372/3957 4807/9704/4179 4813/9708/4184
f 4813/9709/4236 4807/9705/4178 4805/9321/3906 4811/9312/3897
f 4808/9710/3958 4814/9380/3961 4816/9711/4187 4810/9712/4182
f 4810/9707/4235 4816/9713/4186 4815/9714/4237 4809/9475/4044
f 4818/9378/3962 4812/9377/3960 4813/9715/4184 4819/9716/4189
f 4819/9717/4238 4813/9709/4236 4811/9312/3897 4817/9311/3896
f 4814/9380/3961 4820/9379/3963 4822/9718/4191 4816/9711/4187
f 4816/9713/4186 4822/9719/4190 4821/9720/4239 4815/9714/4237
f 4824/9381/3964 4818/9378/3962 4819/9716/4189 4825/9721/4240
f 4825/9722/4241 4819/9717/4238 4817/9311/3896 4823/9723/4242
f 4820/9379/3963 4826/9382/3965 4828/9724/4243 4822/9718/4191
f 4822/9719/4190 4828/9725/4244 4827/9526/4081 4821/9720/4239
f 4830/9383/3966 4824/9381/3964 4825/9721/4240 4831/9726/4198
f 4831/9727/4197 4825/9722/4241 4823/9723/4242 4829/9341/3926
f 4826/9382/3965 4832/9384/3967 4834/9728/4200 4828/9724/4243
f 4828/9725/4244 4834/9729/4245 4833/9331/3916 4827/9526/4081
f 4836/9385/3968 4830/9383/3966 4831/9726/4198 4837/9730/4203
f 4837/9731/4202 4831/9727/4197 4829/9341/3926 4835/9340/3925
f 4832/9384/3967 4838/9386/3969 4840/9732/4205 4834/9728/4200
f 4834/9729/4245 4840/9733/4204 4839/9332/3917 4833/9331/3916
f 4842/9387/3970 4836/9385/3968 4837/9730/4203 4843/9734/4208
f 4843/9735/4207 4837/9731/4202 4835/9340/3925 4841/9736/4246
f 4838/9386/3969 4844/9388/3971 4846/9737/4210 4840/9732/4205
f 4840/9733/4204 4846/9738/4247 4845/9739/4248 4839/9332/3917
f 4848/9389/3972 4842/9387/3970 4843/9734/4208 4849/9740/4249
f 4849/9741/4250 4843/9735/4207 4841/9736/4246 4847/9742/4251
f 4844/9388/3971 4850/9390/3973 4852/9743/4252 4846/9737/4210
f 4846/9738/4247 4852/9744/4253 4851/9460/4031 4845/9739/4248
f 4854/9391/3974 4848/9389/3972 4849/9740/4249 4855/9745/4216
f 4855/9746/4215 4849/9741/4250 4847/9742/4251 4853/9307/3892
f 4850/9390/3973 4856/9392/3975 4858/9747/4218 4852/9743/4252
f 4852/9744/4253 4858/9748/4254 4857/9343/3928 4851/9460/4031
f 4860/9395/3976 4854/9749/3974 4855/9750/4216 4861/9751/4220
f 4861/9752/4255 4855/9746/4215 4853/9307/3892 4859/9306/3891
f 4856/9753/3975 4862/9398/3977 4864/9754/4222 4858/9755/4218
f 4858/9748/4254 4864/9756/4221 4863/9344/3929 4857/9343/3928
f 4866/9396/3978 4860/9395/3976 4861/9751/4220 4867/9757/4224
f 4867/9758/4223 4861/9752/4255 4859/9306/3891 4865/9759/4256
f 4862/9398/3977 4868/9397/3979 4870/9760/4226 4864/9754/4222
f 4864/9756/4221 4870/9761/4257 4869/9357/3942 4863/9344/3929
f 4872/9399/3980 4866/9396/3978 4867/9757/4224 4873/9762/4228
f 4873/9763/4227 4867/9758/4223 4865/9759/4256 4871/9764/4258
f 4868/9397/3979 4874/9400/3981 4876/9765/4230 4870/9760/4226
f 4870/9761/4257 4876/9766/4229 4875/9362/3947 4869/9357/3942
f 4878/9401/3982 4872/9399/3980 4873/9762/4228 4879/9767/4232
f 4879/9768/4231 4873/9763/4227 4871/9764/4258 4877/9325/3910
f 4874/9400/3981 4880/9402/3983 4882/9769/4234 4876/9765/4230
f 4876/9766/4229 4882/9770/4233 4881/9363/3948 4875/9362/3947
f 4884/9403/3984 4878/9401/3982 4879/9767/4232 4885/9771/4093
f 4885/9772/4090 4879/9768/4231 4877/9325/3910 4883/9324/3909
f 4880/9402/3983 4886/9404/3985 4888/9773/4096 4882/9769/4234
f 4882/9770/4233 4888/9774/4095 4887/9365/3950 4881/9363/3948
f 4890/9405/3986 4884/9403/3984 4885/9771/4093 4891/9775/4092
f 4891/9776/4091 4885/9772/4090 4883/9324/3909 4889/9777/4259
f 4886/9404/3985 4892/9406/3987 4894/9778/4097 4888/9773/4096
f 4888/9774/4095 4894/9779/4094 4893/9780/4260 4887/9365/3950
f 4896/9407/3988 4890/9405/3986 4891/9775/4092 4897/9781/4099
f 4897/9782/4098 4891/9776/4091 4889/9777/4259 4895/9783/4261
f 4892/9406/3987 4898/9408/3989 4900/9784/4101 4894/9778/4097
f 4894/9779/4094 4900/9785/4100 4899/9786/4262 4893/9780/4260
f 4902/9409/3990 4896/9407/3988 4897/9781/4099 4903/9787/4103
f 4903/9788/4102 4897/9782/4098 4895/9783/4261 4901/9355/3940
f 4898/9408/3989 4904/9410/3991 4906/9789/4105 4900/9784/4101
f 4900/9785/4100 4906/9790/4263 4905/9791/4264 4899/9786/4262
f 4908/9413/3992 4902/9792/3990 4903/9793/4103 4909/9794/4107
f 4909/9795/4265 4903/9788/4102 4901/9355/3940 4907/9354/3939
f 4904/9410/3991 4910/9412/3993 4912/9796/4110 4906/9789/4105
f 4906/9790/4263 4912/9797/4109 4911/9798/4266 4905/9791/4264
f 4914/9414/3994 4908/9413/3992 4909/9794/4107 4915/9799/4112
f 4915/9800/4111 4909/9795/4265 4907/9354/3939 4913/9530/4085
f 4910/9416/3993 4916/9415/3995 4918/9801/4115 4912/9802/4110
f 4912/9797/4109 4918/9803/4114 4917/9335/3920 4911/9798/4266
f 4920/9417/3996 4914/9414/3994 4915/9799/4112 4921/9804/4267
f 4921/9805/4117 4915/9800/4111 4913/9530/4085 4919/9529/4084
f 4916/9415/3995 4922/9418/3997 4924/9806/4120 4918/9801/4115
f 4918/9803/4114 4924/9807/4268 4923/9336/3921 4917/9335/3920
f 4926/9419/3998 4920/9417/3996 4921/9804/4267 4927/9808/4122
f 4927/9809/4121 4921/9805/4117 4919/9529/4084 4925/9810/4269
f 4922/9418/3997 4928/9420/3999 4930/9811/4124 4924/9806/4120
f 4924/9807/4268 4930/9812/4270 4929/9317/3902 4923/9336/3921
f 4932/9421/4000 4926/9419/3998 4927/9808/4122 4933/9813/4126
f 4933/9814/4125 4927/9809/4121 4925/9810/4269 4931/9815/4271
f 4928/9420/3999 4934/9422/4001 4936/9816/4128 4930/9811/4124
f 4930/9812/4270 4936/9817/4272 4935/9318/3903 4929/9317/3902
f 4938/9423/4002 4932/9421/4000 4933/9813/4126 4939/9818/4131
f 4939/9819/4130 4933/9814/4125 4931/9815/4271 4937/9820/4273
f 4934/9422/4001 4940/9424/4003 4942/9821/4134 4936/9816/4128
f 4936/9817/4272 4942/9822/4274 4941/9359/3944 4935/9318/3903
f 4944/9425/4004 4938/9423/4002 4939/9818/4131 4945/9823/4275
f 4945/9824/4136 4939/9819/4130 4937/9820/4273 4943/9328/3913
f 4940/9424/4003 4946/9426/4005 4948/9825/4139 4942/9821/4134
f 4942/9822/4274 4948/9826/4276 4947/9445/4021 4941/9359/3944
f 4950/9427/4006 4944/9425/4004 4945/9823/4275 4951/9827/4141
f 4951/9828/4140 4945/9824/4136 4943/9328/3913 4949/9327/3912
f 4946/9426/4005 4952/9428/4007 4954/9829/4143 4948/9825/4139
f 4948/9826/4276 4954/9830/4277 4953/9446/4022 4947/9445/4021
f 4956/9431/4008 4950/9831/4006 4951/9832/4141 4957/9833/4145
f 4957/9834/4278 4951/9828/4140 4949/9327/3912 4955/9515/4074
f 4952/9835/4007 4958/9434/4009 4960/9836/4147 4954/9837/4143
f 4954/9830/4277 4960/9838/4146 4959/9520/4077 4953/9446/4022
f 4962/9432/4010 4956/9431/4008 4957/9833/4145 4963/9839/4150
f 4963/9840/4149 4957/9834/4278 4955/9515/4074 4961/9465/4036
f 4958/9434/4009 4964/9433/4011 4966/9841/4152 4960/9836/4147
f 4960/9838/4146 4966/9842/4279 4965/9533/4088 4959/9520/4077
f 4968/9435/4012 4962/9432/4010 4963/9839/4150 4969/9843/4155
f 4969/9844/4280 4963/9840/4149 4961/9465/4036 4967/9314/3899
f 4964/9433/4011 4970/9436/4013 4972/9845/4157 4966/9841/4152
f 4966/9842/4279 4972/9846/4156 4971/9352/3937 4965/9533/4088
f 4974/9367/3952 4968/9435/4012 4969/9843/4155 4975/9847/4159
f 4975/9848/4158 4969/9844/4280 4967/9314/3899 4973/9313/3898
f 4970/9436/4013 4976/9370/3955 4978/9849/4161 4972/9845/4157
f 4972/9846/4156 4978/9850/4281 4977/9301/3886 4971/9352/3937
f 4787/9368/3953 4974/9367/3952 4975/9847/4159 4789/9692/4163
f 4789/9695/4162 4975/9848/4158 4973/9313/3898 4788/9349/3934
f 4976/9370/3955 4791/9369/3954 4792/9697/4165 4978/9849/4161
f 4978/9850/4281 4792/9698/4164 4790/9302/3887 4977/9301/3886
f 4829/9341/3926 4823/9723/4242 4632/9565/4116 4638/9342/3927
f 4847/9742/4251 4841/9736/4246 4650/9578/4129 4656/9584/4135
f 4764/9516/4075 4955/9515/4074 4949/9327/3912 4758/9330/3915
f 4865/9759/4256 4859/9306/3891 4668/9305/3890 4674/9597/4148
f 4869/9357/3942 4875/9362/3947 4682/9361/3946 4676/9358/3943
f 4877/9325/3910 4871/9764/4258 4680/9604/4153 4686/9326/3911
f 4889/9777/4259 4883/9324/3909 4692/9323/3908 4698/9617/4166
f 4887/9365/3950 4893/9780/4260 4700/9620/4169 4694/9366/3951
f 4895/9783/4261 4889/9777/4259 4698/9617/4166 4704/9623/4172
f 4871/9764/4258 4865/9759/4256 4674/9597/4148 4680/9604/4153
f 4809/9475/4044 4815/9714/4237 4622/9555/4108 4616/9476/4045
f 4913/9530/4085 4907/9354/3939 4716/9353/3938 4722/9531/4086
f 4628/9562/4113 4821/9720/4239 4827/9526/4081 4634/9525/4080
f 4923/9336/3921 4929/9317/3902 4736/9320/3905 4730/9337/3922
f 4746/9661/4206 4937/9820/4273 4931/9815/4271 4740/9656/4201
f 4740/9656/4201 4931/9815/4271 4925/9810/4269 4734/9651/4196
f 4652/9581/4132 4845/9739/4248 4851/9460/4031 4658/9459/4030
f 4853/9307/3892 4847/9742/4251 4656/9584/4135 4662/9308/3893
f 4911/9798/4266 4917/9335/3920 4724/9338/3923 4718/9638/4185
f 4905/9791/4264 4911/9798/4266 4718/9638/4185 4712/9631/4180
f 4772/9534/4089 4965/9533/4088 4971/9352/3937 4778/9351/3936
f 4925/9810/4269 4919/9529/4084 4728/9532/4087 4734/9651/4196
f 4839/9332/3917 4845/9739/4248 4652/9581/4132 4646/9333/3918
f 4790/9302/3887 4797/9504/4064 4604/9503/4063 4599/9303/3888
f 4799/9451/4025 4793/9348/3933 4602/9347/3932 4608/9452/4026
f 4901/9355/3940 4895/9783/4261 4704/9623/4172 4710/9356/3941
f 4941/9359/3944 4947/9445/4021 4754/9448/4024 4748/9360/3945
f 4706/9626/4175 4899/9786/4262 4905/9791/4264 4712/9631/4180
f 4841/9736/4246 4835/9340/3925 4644/9339/3924 4650/9578/4129
f 4893/9780/4260 4899/9786/4262 4706/9626/4175 4700/9620/4169
f 4823/9723/4242 4817/9311/3896 4626/9310/3895 4632/9565/4116
f 4943/9328/3913 4937/9820/4273 4746/9661/4206 4752/9329/3914
f 4815/9714/4237 4821/9720/4239 4628/9562/4113 4622/9555/4108
o Selector_Switch_low
v -0.061718 0.005494 -0.024000
v -0.061805 0.005986 -0.024500
v -0.062211 0.005407 -0.024500
v -0.061780 0.005842 -0.024146
v -0.062053 0.005728 -0.024211
v -0.062128 0.005780 -0.024500
v -0.062066 0.005432 -0.024146
v -0.060937 0.001062 -0.024500
v -0.061024 0.001554 -0.024000
v -0.061516 0.001468 -0.024500
v -0.060962 0.001206 -0.024146
v -0.061258 0.001220 -0.024211
v -0.061372 0.001493 -0.024146
v -0.061310 0.001145 -0.024500
v -0.045000 0.009490 -0.026000
v -0.045000 0.010000 -0.025500
v -0.045000 0.009847 -0.025854
v -0.045000 0.009490 -0.022000
v -0.045000 0.010000 -0.022500
v -0.045000 0.009847 -0.022146
v -0.043282 0.009148 -0.026000
v -0.043087 0.009619 -0.025500
v -0.043145 0.009478 -0.025854
v -0.043282 0.009148 -0.022000
v -0.043087 0.009619 -0.022500
v -0.043145 0.009478 -0.022146
v -0.041825 0.008175 -0.026000
v -0.041464 0.008536 -0.025500
v -0.041573 0.008427 -0.025854
v -0.041825 0.008175 -0.022000
v -0.041464 0.008536 -0.022500
v -0.041573 0.008427 -0.022146
v -0.040852 0.006718 -0.026000
v -0.040381 0.006913 -0.025500
v -0.040522 0.006855 -0.025854
v -0.040852 0.006718 -0.022000
v -0.040381 0.006913 -0.022500
v -0.040522 0.006855 -0.022146
v -0.040510 0.005000 -0.026000
v -0.040000 0.005000 -0.025500
v -0.040153 0.005000 -0.025854
v -0.040510 0.005000 -0.022000
v -0.040000 0.005000 -0.022500
v -0.040153 0.005000 -0.022146
v -0.040852 0.003282 -0.026000
v -0.040381 0.003087 -0.025500
v -0.040522 0.003145 -0.025854
v -0.040852 0.003282 -0.022000
v -0.040381 0.003087 -0.022500
v -0.040522 0.003145 -0.022146
v -0.041825 0.001825 -0.026000
v -0.041464 0.001464 -0.025500
v -0.041573 0.001573 -0.025854
v -0.041825 0.001825 -0.022000
v -0.041464 0.001464 -0.022500
v -0.041573 0.001573 -0.022146
v -0.043282 0.000852 -0.026000
v -0.043087 0.000381 -0.025500
v -0.043145 0.000522 -0.025854
v -0.043282 0.000852 -0.022000
v -0.043087 0.000381 -0.022500
v -0.043145 0.000522 -0.022146
v -0.045000 0.000510 -0.026000
v -0.045000 0.000000 -0.025500
v -0.045000 0.000153 -0.025854
v -0.045000 0.000510 -0.022000
v -0.045000 0.000000 -0.022500
v -0.045000 0.000153 -0.022146
v -0.046718 0.000852 -0.026000
v -0.046913 0.000381 -0.025500
v -0.046855 0.000522 -0.025854
v -0.046718 0.000852 -0.022000
v -0.046913 0.000381 -0.022500
v -0.046855 0.000522 -0.022146
v -0.048175 0.001825 -0.026000
v -0.048536 0.001464 -0.025500
v -0.048427 0.001573 -0.025854
v -0.048175 0.001825 -0.022000
v -0.048536 0.001464 -0.022500
v -0.048427 0.001573 -0.022146
v -0.049148 0.003282 -0.026000
v -0.049619 0.003087 -0.025500
v -0.049478 0.003145 -0.025854
v -0.049148 0.003282 -0.022000
v -0.049619 0.003087 -0.022500
v -0.049478 0.003145 -0.022146
v -0.049490 0.005000 -0.026000
v -0.050000 0.005000 -0.025500
v -0.049847 0.005000 -0.025854
v -0.049490 0.005000 -0.022000
v -0.050000 0.005000 -0.022500
v -0.049847 0.005000 -0.022146
v -0.049148 0.006718 -0.026000
v -0.049619 0.006913 -0.025500
v -0.049478 0.006855 -0.025854
v -0.049148 0.006718 -0.022000
v -0.049619 0.006913 -0.022500
v -0.049478 0.006855 -0.022146
v -0.048175 0.008175 -0.026000
v -0.048536 0.008536 -0.025500
v -0.048427 0.008427 -0.025854
v -0.048175 0.008175 -0.022000
v -0.048536 0.008536 -0.022500
v -0.048427 0.008427 -0.022146
v -0.046718 0.009148 -0.026000
v -0.046913 0.009619 -0.025500
v -0.046855 0.009478 -0.025854
v -0.046718 0.009148 -0.022000
v -0.046913 0.009619 -0.022500
v -0.046855 0.009478 -0.022146
v -0.060937 0.001062 -0.026500
v -0.061516 0.001468 -0.026500
v -0.061024 0.001554 -0.027000
v -0.061310 0.001145 -0.026500
v -0.061258 0.001220 -0.026789
v -0.061372 0.001493 -0.026854
v -0.060962 0.001206 -0.026854
v -0.061805 0.005986 -0.026500
v -0.061718 0.005494 -0.027000
v -0.062211 0.005407 -0.026500
v -0.061780 0.005842 -0.026854
v -0.062053 0.005728 -0.026789
v -0.062066 0.005432 -0.026854
v -0.062128 0.005780 -0.026500
v -0.044195 0.004014 -0.024500
v -0.043789 0.004593 -0.024500
v -0.044282 0.004506 -0.024000
v -0.043872 0.004220 -0.024500
v -0.043947 0.004272 -0.024211
v -0.043934 0.004568 -0.024146
v -0.044220 0.004158 -0.024146
v -0.045063 0.008938 -0.024500
v -0.044976 0.008446 -0.024000
v -0.044484 0.008532 -0.024500
v -0.045038 0.008794 -0.024146
v -0.044742 0.008780 -0.024211
v -0.044628 0.008507 -0.024146
v -0.044690 0.008855 -0.024500
v -0.044195 0.004014 -0.026500
v -0.044282 0.004506 -0.027000
v -0.043789 0.004593 -0.026500
v -0.044220 0.004158 -0.026854
v -0.043947 0.004272 -0.026789
v -0.043934 0.004568 -0.026854
v -0.043872 0.004220 -0.026500
v -0.045063 0.008938 -0.026500
v -0.044484 0.008532 -0.026500
v -0.044976 0.008446 -0.027000
v -0.044690 0.008855 -0.026500
v -0.044742 0.008780 -0.026789
v -0.044628 0.008507 -0.026854
v -0.045038 0.008794 -0.026854
vn -0.3823 0.9229 -0.0451
vn -0.3823 0.9229 0.0451
vn -0.0000 0.9990 0.0451
vn -0.0000 0.9990 -0.0451
vn 0.7064 0.7064 -0.0451
vn 0.7064 0.7064 0.0451
vn 0.9229 0.3823 0.0451
vn 0.9229 0.3823 -0.0451
vn 0.9990 -0.0000 0.0451
vn 0.9990 -0.0000 -0.0451
vn 0.9229 -0.3823 0.0451
vn 0.9229 -0.3823 -0.0451
vn 0.7064 -0.7064 0.0451
vn 0.7064 -0.7064 -0.0451
vn 0.3823 -0.9229 0.0451
vn 0.3823 -0.9229 -0.0451
vn -0.0000 -0.9990 0.0451
vn -0.0000 -0.9990 -0.0451
vn -0.3823 -0.9229 0.0451
vn -0.3823 -0.9229 -0.0451
vn -0.7064 -0.7064 0.0451
vn -0.7064 -0.7064 -0.0451
vn -0.9769 -0.2050 0.0608
vn -0.9881 -0.1415 0.0608
vn -0.9881 -0.1415 -0.0608
vn -0.9769 -0.2050 -0.0608
vn -0.9229 -0.3823 0.0451
vn -0.9229 -0.3823 -0.0451
vn -0.9990 -0.0000 0.0451
vn -0.9990 -0.0000 -0.0451
vn -0.1653 0.9843 -0.0618
vn -0.1813 0.9815 -0.0618
vn -0.1813 0.9815 0.0618
vn -0.1653 0.9843 0.0618
vn -0.9229 0.3823 0.0451
vn -0.9229 0.3823 -0.0451
vn -0.7064 0.7064 0.0451
vn -0.7064 0.7064 -0.0451
vn 0.9881 0.1415 -0.0608
vn 0.9769 0.2050 -0.0608
vn 0.9769 0.2050 0.0608
vn 0.9881 0.1415 0.0608
vn 0.3823 0.9229 -0.0451
vn 0.3823 0.9229 0.0451
vn 0.1653 -0.9843 -0.0618
vn 0.1813 -0.9815 -0.0618
vn 0.1813 -0.9815 0.0618
vn 0.1653 -0.9843 0.0618
vn -0.0023 -0.0344 -0.9994
vn -0.0140 0.0315 -0.9994
vn 0.0023 0.0344 -0.9994
vn 0.0140 -0.0315 -0.9994
vn -0.0000 -0.0128 0.9999
vn 0.0246 -0.0246 0.9994
vn 0.0081 0.0081 0.9999
vn -0.0140 0.0315 0.9994
vn -0.0719 0.3753 0.9241
vn -0.3766 0.2637 0.8881
vn -0.3782 -0.0435 0.9247
vn -0.5142 0.8429 0.1585
vn -0.4743 0.8181 0.3251
vn -0.1661 0.9091 0.3820
vn -0.9146 -0.1381 0.3800
vn -0.9310 0.1659 0.3251
vn -0.9679 0.1948 0.1585
vn 0.1549 -0.9111 0.3820
vn -0.1659 -0.9310 0.3251
vn -0.1948 -0.9679 0.1585
vn -0.0024 -0.0344 0.9994
vn -0.3703 -0.0885 0.9247
vn -0.2637 -0.3766 0.8881
vn 0.0608 -0.3772 0.9241
vn -0.8429 -0.5142 0.1585
vn -0.8181 -0.4743 0.3251
vn -0.9067 -0.1830 0.3800
vn -0.1948 -0.9679 -0.1585
vn -0.1659 -0.9310 -0.3251
vn 0.1549 -0.9111 -0.3820
vn -0.9067 -0.1830 -0.3800
vn -0.8181 -0.4743 -0.3250
vn -0.8429 -0.5142 -0.1585
vn 0.0608 -0.3773 -0.9241
vn -0.2637 -0.3766 -0.8881
vn -0.3703 -0.0884 -0.9247
vn -0.1661 0.9091 -0.3820
vn -0.4743 0.8181 -0.3251
vn -0.5142 0.8429 -0.1585
vn -0.3782 -0.0435 -0.9247
vn -0.3766 0.2637 -0.8881
vn -0.0719 0.3752 -0.9241
vn -0.9679 0.1948 -0.1585
vn -0.9310 0.1659 -0.3251
vn -0.9146 -0.1381 -0.3800
vn 0.5141 -0.8429 0.1585
vn 0.4743 -0.8181 0.3251
vn 0.1661 -0.9091 0.3820
vn 0.9146 0.1381 0.3800
vn 0.9310 -0.1659 0.3251
vn 0.9679 -0.1948 0.1585
vn 0.0140 -0.0315 0.9994
vn 0.0719 -0.3752 0.9241
vn 0.3766 -0.2637 0.8881
vn 0.3782 0.0435 0.9247
vn -0.1549 0.9111 0.3820
vn 0.1659 0.9310 0.3251
vn 0.1948 0.9679 0.1585
vn 0.0024 0.0344 0.9994
vn 0.3703 0.0884 0.9247
vn 0.2637 0.3766 0.8881
vn -0.0608 0.3772 0.9241
vn 0.8429 0.5142 0.1585
vn 0.8181 0.4743 0.3251
vn 0.9067 0.1830 0.3800
vn 0.1661 -0.9091 -0.3820
vn 0.4743 -0.8181 -0.3251
vn 0.5141 -0.8429 -0.1585
vn 0.3782 0.0435 -0.9247
vn 0.3766 -0.2637 -0.8881
vn 0.0719 -0.3752 -0.9241
vn 0.9679 -0.1948 -0.1585
vn 0.9310 -0.1659 -0.3251
vn 0.9146 0.1381 -0.3800
vn 0.1948 0.9679 -0.1585
vn 0.1659 0.9310 -0.3251
vn -0.1549 0.9111 -0.3820
vn 0.9067 0.1830 -0.3800
vn 0.8181 0.4743 -0.3251
vn 0.8429 0.5142 -0.1585
vn -0.0608 0.3772 -0.9241
vn 0.2637 0.3766 -0.8881
vn 0.3703 0.0884 -0.9247
vn 0.3511 0.8476 -0.3979
vn -0.0000 0.9174 -0.3979
vn -0.0000 0.3800 -0.9250
vn 0.1454 0.3511 -0.9250
vn 0.0302 0.0728 -0.9969
vn -0.0000 0.2707 -0.9627
vn -0.0000 0.9174 0.3979
vn 0.3511 0.8476 0.3979
vn 0.1454 0.3511 0.9250
vn -0.0000 0.3800 0.9250
vn -0.0000 0.0128 0.9999
vn 0.1036 0.2501 0.9627
vn 0.6487 0.6487 -0.3979
vn 0.2687 0.2687 -0.9250
vn 0.1914 0.1914 -0.9627
vn 0.6487 0.6487 0.3979
vn 0.2687 0.2687 0.9250
vn 0.8476 0.3511 -0.3979
vn 0.3511 0.1454 -0.9250
vn 0.0095 0.0039 -0.9999
vn 0.8476 0.3511 0.3979
vn 0.3511 0.1454 0.9250
vn 0.2501 0.1036 0.9627
vn 0.9174 -0.0000 -0.3979
vn 0.3800 -0.0000 -0.9250
vn 0.2707 -0.0000 -0.9627
vn 0.9174 -0.0000 0.3979
vn 0.3800 -0.0000 0.9250
vn 0.1465 -0.0000 0.9892
vn 0.8476 -0.3511 -0.3979
vn 0.3511 -0.1454 -0.9250
vn 0.0728 -0.0302 -0.9969
vn 0.8476 -0.3511 0.3979
vn 0.3511 -0.1454 0.9250
vn 0.0798 -0.0331 0.9963
vn 0.6487 -0.6487 -0.3979
vn 0.2687 -0.2687 -0.9250
vn 0.1914 -0.1914 -0.9627
vn 0.6487 -0.6487 0.3979
vn 0.2687 -0.2687 0.9250
vn 0.3511 -0.8476 -0.3979
vn 0.1454 -0.3511 -0.9250
vn 0.0039 -0.0095 -0.9999
vn 0.3511 -0.8476 0.3979
vn 0.1454 -0.3511 0.9250
vn 0.1036 -0.2501 0.9627
vn -0.0000 -0.9174 -0.3979
vn -0.0000 -0.3800 -0.9250
vn -0.0000 -0.2707 -0.9627
vn -0.0000 -0.9174 0.3979
vn -0.0000 -0.3800 0.9250
vn -0.3511 -0.8476 -0.3979
vn -0.1454 -0.3511 -0.9250
vn -0.0302 -0.0728 -0.9969
vn -0.3511 -0.8476 0.3979
vn -0.1454 -0.3511 0.9250
vn -0.1036 -0.2501 0.9627
vn -0.6487 -0.6487 -0.3979
vn -0.2687 -0.2687 -0.9250
vn -0.1914 -0.1914 -0.9627
vn -0.6487 -0.6487 0.3979
vn -0.2687 -0.2687 0.9250
vn -0.0085 -0.0085 0.9999
vn -0.8476 -0.3511 -0.3979
vn -0.3511 -0.1454 -0.9250
vn -0.0095 -0.0039 -0.9999
vn -0.8476 -0.3511 0.3979
vn -0.3511 -0.1454 0.9250
vn -0.0798 -0.0330 0.9963
vn -0.9174 -0.0000 -0.3979
vn -0.3800 -0.0000 -0.9250
vn -0.2707 -0.0000 -0.9627
vn -0.9174 -0.0000 0.3979
vn -0.3800 -0.0000 0.9250
vn -0.1465 -0.0000 0.9892
vn -0.8476 0.3511 -0.3979
vn -0.3511 0.1454 -0.9250
vn -0.0728 0.0302 -0.9969
vn -0.8476 0.3511 0.3979
vn -0.3511 0.1454 0.9250
vn -0.2501 0.1036 0.9627
vn -0.6487 0.6487 -0.3979
vn -0.2687 0.2687 -0.9250
vn -0.1914 0.1914 -0.9627
vn -0.6487 0.6487 0.3979
vn -0.2687 0.2687 0.9250
vn -0.0215 0.0214 0.9995
vn -0.3511 0.8476 -0.3979
vn -0.1454 0.3511 -0.9250
vn -0.0039 0.0095 -0.9999
vn -0.3511 0.8476 0.3979
vn -0.1454 0.3511 0.9250
vn -0.1036 0.2501 0.9627
vt 0.940044 0.128887
vt 0.937127 0.128887
vt 0.937127 0.127074
vt 0.940044 0.127074
vt 0.561487 0.947822
vt 0.564405 0.947822
vt 0.564405 0.949711
vt 0.561487 0.949711
vt 0.564405 0.951524
vt 0.561487 0.951524
vt 0.564405 0.952987
vt 0.561487 0.952987
vt 0.067065 0.946044
vt 0.069982 0.946044
vt 0.069982 0.947721
vt 0.067065 0.947721
vt 0.069982 0.949610
vt 0.067065 0.949610
vt 0.069982 0.951423
vt 0.067065 0.951423
vt 0.069982 0.952886
vt 0.067065 0.952886
vt 0.045601 0.952886
vt 0.042684 0.952886
vt 0.042684 0.951209
vt 0.045601 0.951209
vt 0.988742 0.024264
vt 0.988742 0.020572
vt 0.990687 0.020572
vt 0.990687 0.024264
vt 0.042684 0.949320
vt 0.045601 0.949320
vt 0.042684 0.947506
vt 0.045601 0.947506
vt 0.221240 0.943800
vt 0.221240 0.959494
vt 0.219295 0.959494
vt 0.219295 0.943800
vt 0.042684 0.946044
vt 0.045601 0.946044
vt 0.940044 0.132453
vt 0.937127 0.132453
vt 0.937127 0.130776
vt 0.940044 0.130776
vt 0.988742 0.037344
vt 0.988742 0.033651
vt 0.990687 0.033651
vt 0.990687 0.037344
vt 0.561487 0.946145
vt 0.564405 0.946145
vt 0.948713 0.445269
vt 0.948713 0.429575
vt 0.950658 0.429575
vt 0.950658 0.445269
vt 0.878996 0.443212
vt 0.875105 0.443212
vt 0.875105 0.426679
vt 0.878996 0.426679
vt 0.565073 0.223294
vt 0.566352 0.220206
vt 0.572528 0.220206
vt 0.937127 0.125611
vt 0.940044 0.125611
vt 0.892218 0.443212
vt 0.892561 0.443212
vt 0.892498 0.443493
vt 0.892218 0.443556
vt 0.219295 0.959865
vt 0.219014 0.959825
vt 0.218951 0.959539
vt 0.988398 0.020616
vt 0.988461 0.020370
vt 0.988742 0.020290
vt 0.951002 0.445224
vt 0.950939 0.445471
vt 0.950658 0.445551
vt 0.888327 0.443212
vt 0.888327 0.443556
vt 0.888047 0.443493
vt 0.887984 0.443212
vt 0.988742 0.024636
vt 0.988461 0.024596
vt 0.988398 0.024309
vt 0.948713 0.445551
vt 0.948432 0.445471
vt 0.948369 0.445224
vt 0.991030 0.024309
vt 0.990967 0.024596
vt 0.990687 0.024636
vt 0.879339 0.443212
vt 0.879276 0.443493
vt 0.878996 0.443556
vt 0.221584 0.959539
vt 0.221521 0.959825
vt 0.221240 0.959865
vt 0.875105 0.443556
vt 0.874825 0.443493
vt 0.874762 0.443212
vt 0.990687 0.020290
vt 0.990967 0.020370
vt 0.991030 0.020616
vt 0.950658 0.429203
vt 0.950939 0.429244
vt 0.951002 0.429530
vt 0.991030 0.037299
vt 0.990967 0.037546
vt 0.990687 0.037625
vt 0.888327 0.426679
vt 0.887984 0.426679
vt 0.888047 0.426398
vt 0.888327 0.426335
vt 0.218951 0.943844
vt 0.219014 0.943598
vt 0.219295 0.943518
vt 0.892218 0.426679
vt 0.892218 0.426335
vt 0.892498 0.426398
vt 0.892561 0.426679
vt 0.990687 0.033280
vt 0.990967 0.033320
vt 0.991030 0.033606
vt 0.948369 0.429530
vt 0.948432 0.429244
vt 0.948713 0.429203
vt 0.878996 0.426335
vt 0.879276 0.426398
vt 0.879339 0.426679
vt 0.988742 0.037625
vt 0.988461 0.037546
vt 0.988398 0.037299
vt 0.221240 0.943518
vt 0.221521 0.943598
vt 0.221584 0.943844
vt 0.988398 0.033606
vt 0.988461 0.033320
vt 0.988742 0.033280
vt 0.874762 0.426679
vt 0.874825 0.426398
vt 0.875105 0.426335
vt 0.940388 0.125727
vt 0.940388 0.127145
vt 0.592225 0.223294
vt 0.591866 0.225098
vt 0.591546 0.224965
vt 0.591878 0.223294
vt 0.936783 0.127145
vt 0.936783 0.125727
vt 0.573795 0.221490
vt 0.574154 0.223294
vt 0.573807 0.223294
vt 0.573475 0.221623
vt 0.561144 0.947865
vt 0.561144 0.946240
vt 0.590845 0.226627
vt 0.590599 0.226382
vt 0.564749 0.946240
vt 0.564749 0.947865
vt 0.572773 0.219961
vt 0.561144 0.949696
vt 0.589315 0.227649
vt 0.589183 0.227329
vt 0.564749 0.949696
vt 0.571244 0.218939
vt 0.571111 0.219260
vt 0.561144 0.951454
vt 0.587511 0.228008
vt 0.587511 0.227661
vt 0.564749 0.951454
vt 0.569440 0.218581
vt 0.569440 0.218927
vt 0.561144 0.952871
vt 0.585708 0.227649
vt 0.585840 0.227329
vt 0.564749 0.952871
vt 0.567636 0.218939
vt 0.567769 0.219260
vt 0.066721 0.947764
vt 0.066721 0.946138
vt 0.584178 0.226627
vt 0.584424 0.226382
vt 0.070326 0.946138
vt 0.070326 0.947764
vt 0.566107 0.219961
vt 0.066721 0.949594
vt 0.583157 0.225098
vt 0.583477 0.224965
vt 0.070326 0.949594
vt 0.565085 0.221490
vt 0.565406 0.221623
vt 0.066721 0.951352
vt 0.582798 0.223294
vt 0.583145 0.223294
vt 0.070326 0.951352
vt 0.564726 0.223294
vt 0.066721 0.952770
vt 0.583157 0.221490
vt 0.583477 0.221623
vt 0.070326 0.952770
vt 0.565085 0.225098
vt 0.565406 0.224965
vt 0.045945 0.951166
vt 0.045945 0.952791
vt 0.584178 0.219961
vt 0.584424 0.220206
vt 0.042340 0.952791
vt 0.042340 0.951166
vt 0.566107 0.226627
vt 0.566352 0.226382
vt 0.045945 0.949335
vt 0.585708 0.218939
vt 0.585840 0.219260
vt 0.042340 0.949335
vt 0.567636 0.227649
vt 0.567769 0.227329
vt 0.045945 0.947577
vt 0.587511 0.218581
vt 0.587511 0.218927
vt 0.042340 0.947577
vt 0.569440 0.228008
vt 0.569440 0.227661
vt 0.045945 0.946160
vt 0.589315 0.218939
vt 0.589183 0.219260
vt 0.042340 0.946160
vt 0.571244 0.227649
vt 0.571111 0.227329
vt 0.940388 0.130734
vt 0.940388 0.132359
vt 0.590845 0.219961
vt 0.590599 0.220206
vt 0.936783 0.132359
vt 0.936783 0.130734
vt 0.572773 0.226627
vt 0.572528 0.226382
vt 0.940388 0.128903
vt 0.591866 0.221490
vt 0.591546 0.221623
vt 0.936783 0.128903
vt 0.573795 0.225098
vt 0.573475 0.224965
s 1
usemtl M416_Final_Metal
f 5084/9851/4282 5087/9852/4283 4997/9853/4284 4994/9854/4285
f 5006/9855/4286 5009/9856/4287 5015/9857/4288 5012/9858/4289
f 5012/9858/4289 5015/9857/4288 5021/9859/4290 5018/9860/4291
f 5018/9860/4291 5021/9859/4290 5027/9861/4292 5024/9862/4293
f 5024/9863/4293 5027/9864/4292 5033/9865/4294 5030/9866/4295
f 5030/9866/4295 5033/9865/4294 5039/9867/4296 5036/9868/4297
f 5036/9868/4297 5039/9867/4296 5045/9869/4298 5042/9870/4299
f 5042/9870/4299 5045/9869/4298 5051/9871/4300 5048/9872/4301
f 5048/9873/4301 5051/9874/4300 5057/9875/4302 5054/9876/4303
f 4988/9877/4304 4981/9878/4305 5098/9879/4306 5090/9880/4307
f 5054/9876/4303 5057/9875/4302 5063/9881/4308 5060/9882/4309
f 5060/9882/4309 5063/9881/4308 5069/9883/4310 5066/9884/4311
f 5124/9885/4312 5096/9886/4313 4980/9887/4314 5110/9888/4315
f 5066/9884/4311 5069/9883/4310 5075/9889/4316 5072/9890/4317
f 5072/9891/4317 5075/9892/4316 5081/9893/4318 5078/9894/4319
f 5119/9895/4320 5125/9896/4321 5112/9897/4322 5104/9898/4323
f 5078/9894/4319 5081/9893/4318 5087/9852/4283 5084/9851/4282
f 5000/9899/4324 5003/9900/4325 5009/9856/4287 5006/9855/4286
f 5089/9901/4326 5117/9902/4327 5103/9903/4328 4986/9904/4329
f 5091/9905/4330 5097/9906/4331 5126/9907/4332 5118/9908/4333
f 5044/9909/4334 5032/9910/4335 5008/9911/4336
f 4994/9854/4285 4997/9853/4284 5003/9912/4325 5000/9913/4324
f 4979/9914/4337 4982/9915/4338 4983/9916/4339 4985/9917/4340
f 4980/9887/4314 4984/9918/4341 4983/9919/4342 4982/9920/4343
f 4981/9878/4305 4985/9921/4344 4983/9922/4345 4984/9923/4346
f 4986/9904/4329 4989/9924/4347 4990/9925/4348 4992/9926/4349
f 4987/9927/4350 4991/9928/4351 4990/9929/4352 4989/9930/4353
f 4988/9877/4304 4992/9931/4354 4990/9932/4355 4991/9933/4356
f 5089/9901/4326 5092/9934/4357 5093/9935/4358 5095/9936/4359
f 5090/9880/4307 5094/9937/4360 5093/9938/4361 5092/9939/4362
f 5091/9905/4330 5095/9940/4363 5093/9941/4364 5094/9942/4365
f 5096/9886/4313 5099/9943/4366 5100/9944/4367 5102/9945/4368
f 5097/9906/4331 5101/9946/4369 5100/9947/4370 5099/9948/4371
f 5098/9879/4306 5102/9949/4372 5100/9950/4373 5101/9951/4374
f 5103/9903/4328 5106/9952/4375 5107/9953/4376 5109/9954/4377
f 5104/9898/4323 5108/9955/4378 5107/9956/4379 5106/9957/4380
f 5105/9958/4381 5109/9959/4382 5107/9960/4383 5108/9961/4384
f 5110/9888/4315 5113/9962/4385 5114/9963/4386 5116/9964/4387
f 5111/9965/4388 5115/9966/4389 5114/9967/4390 5113/9968/4391
f 5112/9897/4322 5116/9969/4392 5114/9970/4393 5115/9971/4394
f 5117/9902/4327 5120/9972/4395 5121/9973/4396 5123/9974/4397
f 5118/9908/4333 5122/9975/4398 5121/9976/4399 5120/9977/4400
f 5119/9895/4320 5123/9978/4401 5121/9979/4402 5122/9980/4403
f 5124/9885/4312 5127/9981/4404 5128/9982/4405 5130/9983/4406
f 5125/9896/4321 5129/9984/4407 5128/9985/4408 5127/9986/4409
f 5126/9907/4332 5130/9987/4410 5128/9988/4411 5129/9989/4412
f 4994/9854/4285 5000/9913/4324 5001/9990/4413 4995/9991/4414
f 4995/9992/4415 5001/9993/4416 4999/9994/4417 4993/9995/4418
f 5003/9912/4325 4997/9853/4284 4998/9996/4419 5004/9997/4420
f 5004/9998/4421 4998/9999/4422 4996/10000/4423 5002/10001/4424
f 5000/9899/4324 5006/9855/4286 5007/10002/4425 5001/10003/4413
f 5001/9993/4416 5007/10004/4426 5005/10005/4427 4999/9994/4417
f 5009/9856/4287 5003/9900/4325 5004/10006/4420 5010/10007/4428
f 5010/10008/4429 5004/9998/4421 5002/10001/4424 5008/9911/4336
f 5006/9855/4286 5012/9858/4289 5013/10009/4430 5007/10002/4425
f 5007/10004/4426 5013/10010/4431 5011/10011/4432 5005/10005/4427
f 5015/9857/4288 5009/9856/4287 5010/10007/4428 5016/10012/4433
f 5016/10013/4434 5010/10008/4429 5008/9911/4336 5014/10014/4435
f 5012/9858/4289 5018/9860/4291 5019/10015/4436 5013/10009/4430
f 5013/10010/4431 5019/10016/4437 5017/10017/4438 5011/10011/4432
f 5110/9888/4315 4980/9887/4314 4982/9920/4343 5113/9962/4385
f 5113/9968/4391 4982/9915/4338 4979/9914/4337 5111/9965/4388
f 5021/9859/4290 5015/9857/4288 5016/10012/4433 5022/10018/4439
f 5022/10019/4440 5016/10013/4434 5014/10014/4435 5020/10020/4441
f 5018/9860/4291 5024/9862/4293 5025/10021/4442 5019/10015/4436
f 5019/10016/4437 5025/10022/4443 5023/10023/4444 5017/10017/4438
f 4986/9904/4329 5103/9903/4328 5109/9954/4377 4989/9924/4347
f 4989/9930/4353 5109/9959/4382 5105/9958/4381 4987/9927/4350
f 5027/9861/4292 5021/9859/4290 5022/10018/4439 5028/10024/4445
f 5028/10025/4446 5022/10019/4440 5020/10020/4441 5026/10026/4447
f 5024/9863/4293 5030/9866/4295 5031/10027/4448 5025/10028/4442
f 5025/10022/4443 5031/10029/4449 5029/10030/4450 5023/10023/4444
f 5111/9965/4388 5105/9958/4381 5108/9961/4384 5115/9966/4389
f 5115/9971/4394 5108/9955/4378 5104/9898/4323 5112/9897/4322
f 5033/9865/4294 5027/9864/4292 5028/10031/4445 5034/10032/4451
f 5034/10033/4452 5028/10025/4446 5026/10026/4447 5032/9910/4335
f 5030/9866/4295 5036/9868/4297 5037/10034/4453 5031/10027/4448
f 5031/10029/4449 5037/10035/4454 5035/10036/4455 5029/10030/4450
f 5124/9885/4312 5110/9888/4315 5116/9964/4387 5127/9981/4404
f 5127/9986/4409 5116/9969/4392 5112/9897/4322 5125/9896/4321
f 5039/9867/4296 5033/9865/4294 5034/10032/4451 5040/10037/4456
f 5040/10038/4457 5034/10033/4452 5032/9910/4335 5038/10039/4458
f 5036/9868/4297 5042/9870/4299 5043/10040/4459 5037/10034/4453
f 5037/10035/4454 5043/10041/4460 5041/10042/4461 5035/10036/4455
f 5103/9903/4328 5117/9902/4327 5123/9974/4397 5106/9952/4375
f 5106/9957/4380 5123/9978/4401 5119/9895/4320 5104/9898/4323
f 5045/9869/4298 5039/9867/4296 5040/10037/4456 5046/10043/4462
f 5046/10044/4463 5040/10038/4457 5038/10039/4458 5044/9909/4334
f 5042/9870/4299 5048/9872/4301 5049/10045/4464 5043/10040/4459
f 5043/10041/4460 5049/10046/4465 5047/10047/4466 5041/10042/4461
f 5125/9896/4321 5119/9895/4320 5122/9980/4403 5129/9984/4407
f 5129/9989/4412 5122/9975/4398 5118/9908/4333 5126/9907/4332
f 5051/9871/4300 5045/9869/4298 5046/10043/4462 5052/10048/4467
f 5052/10049/4468 5046/10044/4463 5044/9909/4334 5050/10050/4469
f 5048/9873/4301 5054/9876/4303 5055/10051/4470 5049/10052/4464
f 5049/10046/4465 5055/10053/4471 5053/10054/4472 5047/10047/4466
f 5096/9886/4313 5124/9885/4312 5130/9983/4406 5099/9943/4366
f 5099/9948/4371 5130/9987/4410 5126/9907/4332 5097/9906/4331
f 5057/9875/4302 5051/9874/4300 5052/10055/4467 5058/10056/4473
f 5058/10057/4474 5052/10049/4468 5050/10050/4469 5056/10058/4475
f 5054/9876/4303 5060/9882/4309 5061/10059/4476 5055/10051/4470
f 5055/10053/4471 5061/10060/4477 5059/10061/4478 5053/10054/4472
f 5117/9902/4327 5089/9901/4326 5095/9936/4359 5120/9972/4395
f 5120/9977/4400 5095/9940/4363 5091/9905/4330 5118/9908/4333
f 5063/9881/4308 5057/9875/4302 5058/10056/4473 5064/10062/4479
f 5064/10063/4480 5058/10057/4474 5056/10058/4475 5062/10064/4481
f 5060/9882/4309 5066/9884/4311 5067/10065/4482 5061/10059/4476
f 5061/10060/4477 5067/10066/4483 5065/10067/4484 5059/10061/4478
f 5097/9906/4331 5091/9905/4330 5094/9942/4365 5101/9946/4369
f 5101/9951/4374 5094/9937/4360 5090/9880/4307 5098/9879/4306
f 5069/9883/4310 5063/9881/4308 5064/10062/4479 5070/10068/4485
f 5070/10069/4486 5064/10063/4480 5062/10064/4481 5068/10070/4487
f 5066/9884/4311 5072/9890/4317 5073/10071/4488 5067/10065/4482
f 5067/10066/4483 5073/10072/4489 5071/10073/4490 5065/10067/4484
f 4980/9887/4314 5096/9886/4313 5102/9945/4368 4984/9918/4341
f 4984/9923/4346 5102/9949/4372 5098/9879/4306 4981/9878/4305
f 5075/9889/4316 5069/9883/4310 5070/10068/4485 5076/10074/4491
f 5076/10075/4492 5070/10069/4486 5068/10070/4487 5074/10076/4493
f 5072/9891/4317 5078/9894/4319 5079/10077/4494 5073/10078/4488
f 5073/10072/4489 5079/10079/4495 5077/10080/4496 5071/10073/4490
f 4987/9927/4350 4979/9914/4337 4985/9917/4340 4991/9928/4351
f 4991/9933/4356 4985/9921/4344 4981/9878/4305 4988/9877/4304
f 5081/9893/4318 5075/9892/4316 5076/10081/4491 5082/10082/4497
f 5082/10083/4498 5076/10075/4492 5074/10076/4493 5080/10084/4499
f 5078/9894/4319 5084/9851/4282 5085/10085/4500 5079/10077/4494
f 5079/10079/4495 5085/10086/4501 5083/10087/4502 5077/10080/4496
f 5089/9901/4326 4986/9904/4329 4992/9926/4349 5092/9934/4357
f 5092/9939/4362 4992/9931/4354 4988/9877/4304 5090/9880/4307
f 5087/9852/4283 5081/9893/4318 5082/10082/4497 5088/10088/4503
f 5088/10089/4504 5082/10083/4498 5080/10084/4499 5086/10090/4505
f 5084/9851/4282 4994/9854/4285 4995/9991/4414 5085/10085/4500
f 5085/10086/4501 4995/9992/4415 4993/9995/4418 5083/10087/4502
f 4997/9853/4284 5087/9852/4283 5088/10088/4503 4998/9996/4419
f 4998/9999/4422 5088/10089/4504 5086/10090/4505 4996/10000/4423
f 5105/9958/4381 5111/9965/4388 4979/9914/4337 4987/9927/4350
f 5083/10087/4502 4993/9995/4418 4999/9994/4417
f 4999/9994/4417 5005/10005/4427 5011/10011/4432
f 5011/10011/4432 5017/10017/4438 5023/10023/4444
f 5023/10023/4444 5029/10030/4450 5035/10036/4455
f 5035/10036/4455 5041/10042/4461 5047/10047/4466
f 5047/10047/4466 5053/10054/4472 5059/10061/4478
f 5059/10061/4478 5065/10067/4484 5071/10073/4490
f 5071/10073/4490 5077/10080/4496 5083/10087/4502
f 5083/10087/4502 4999/9994/4417 5011/10011/4432
f 5011/10011/4432 5023/10023/4444 5035/10036/4455
f 5035/10036/4455 5047/10047/4466 5059/10061/4478
f 5059/10061/4478 5071/10073/4490 5083/10087/4502
f 5056/10058/4475 5044/9909/4334 5008/9911/4336 4996/10000/4423
f 5008/9911/4336 5002/10001/4424 4996/10000/4423
f 4996/10000/4423 5086/10090/4505 5080/10084/4499
f 5080/10084/4499 5074/10076/4493 5068/10070/4487
f 5068/10070/4487 5062/10064/4481 5080/10084/4499
f 5062/10064/4481 5056/10058/4475 5080/10084/4499
f 5056/10058/4475 5050/10050/4469 5044/9909/4334
f 5044/9909/4334 5038/10039/4458 5032/9910/4335
f 5032/9910/4335 5026/10026/4447 5008/9911/4336
f 5026/10026/4447 5020/10020/4441 5008/9911/4336
f 5020/10020/4441 5014/10014/4435 5008/9911/4336
f 4996/10000/4423 5080/10084/4499 5056/10058/4475
f 5011/10011/4432 5035/10036/4455 5059/10061/4478 5083/10087/4502
o Stock_low
v -0.317000 -0.030000 0.017000
v -0.317000 -0.027000 0.020000
v -0.317000 -0.029599 0.018498
v -0.317000 -0.028498 0.019599
v -0.317000 0.063000 0.020000
v -0.317000 0.066000 0.017000
v -0.317000 0.064498 0.019599
v -0.317000 0.065599 0.018498
v -0.317000 -0.030000 -0.017000
v -0.317000 -0.027000 -0.020000
v -0.317000 -0.029599 -0.018498
v -0.317000 -0.028498 -0.019599
v -0.317000 0.066000 -0.017000
v -0.317000 0.063000 -0.020000
v -0.317000 0.065599 -0.018498
v -0.317000 0.064498 -0.019599
v -0.193000 0.066000 0.017000
v -0.193000 0.063000 0.020000
v -0.190000 0.063000 0.017000
v -0.193000 0.065599 0.018498
v -0.191502 0.065599 0.017000
v -0.191565 0.065210 0.018435
v -0.191502 0.063000 0.019599
v -0.193000 0.064498 0.019599
v -0.191565 0.064435 0.019210
v -0.190401 0.064498 0.017000
v -0.190401 0.063000 0.018498
v -0.190790 0.064435 0.018435
v -0.193000 0.066000 -0.017000
v -0.190000 0.063000 -0.017000
v -0.193000 0.063000 -0.020000
v -0.191502 0.065599 -0.017000
v -0.193000 0.065599 -0.018498
v -0.191565 0.065210 -0.018435
v -0.190401 0.063000 -0.018498
v -0.190401 0.064498 -0.017000
v -0.190790 0.064435 -0.018435
v -0.193000 0.064498 -0.019599
v -0.191502 0.063000 -0.019599
v -0.191565 0.064435 -0.019210
v -0.327000 -0.039000 0.019000
v -0.327000 -0.036000 0.022000
v -0.330000 -0.036000 0.019000
v -0.327000 -0.038599 0.020498
v -0.328498 -0.038599 0.019000
v -0.328435 -0.038210 0.020435
v -0.328498 -0.036000 0.021599
v -0.327000 -0.037498 0.021599
v -0.328435 -0.037435 0.021210
v -0.329599 -0.037498 0.019000
v -0.329599 -0.036000 0.020498
v -0.329210 -0.037435 0.020435
v -0.327000 0.068000 0.022000
v -0.327000 0.071000 0.019000
v -0.330000 0.068000 0.019000
v -0.327000 0.069498 0.021599
v -0.328498 0.068000 0.021599
v -0.328435 0.069435 0.021210
v -0.328498 0.070599 0.019000
v -0.327000 0.070599 0.020498
v -0.328435 0.070210 0.020435
v -0.329599 0.068000 0.020498
v -0.329599 0.069498 0.019000
v -0.329210 0.069435 0.020435
v -0.327000 -0.039000 -0.019000
v -0.330000 -0.036000 -0.019000
v -0.327000 -0.036000 -0.022000
v -0.328498 -0.038599 -0.019000
v -0.327000 -0.038599 -0.020498
v -0.328435 -0.038210 -0.020435
v -0.329599 -0.036000 -0.020498
v -0.329599 -0.037498 -0.019000
v -0.329210 -0.037435 -0.020435
v -0.327000 -0.037498 -0.021599
v -0.328498 -0.036000 -0.021599
v -0.328435 -0.037435 -0.021210
v -0.327000 0.071000 -0.019000
v -0.327000 0.068000 -0.022000
v -0.330000 0.068000 -0.019000
v -0.327000 0.070599 -0.020498
v -0.328498 0.070599 -0.019000
v -0.328435 0.070210 -0.020435
v -0.328498 0.068000 -0.021599
v -0.327000 0.069498 -0.021599
v -0.328435 0.069435 -0.021210
v -0.329599 0.069498 -0.019000
v -0.329599 0.068000 -0.020498
v -0.329210 0.069435 -0.020435
v -0.321000 -0.039000 0.019000
v -0.318000 -0.036000 0.019000
v -0.321000 -0.036000 0.022000
v -0.319502 -0.038599 0.019000
v -0.321000 -0.038599 0.020498
v -0.319565 -0.038210 0.020435
v -0.318401 -0.036000 0.020498
v -0.318401 -0.037498 0.019000
v -0.318790 -0.037435 0.020435
v -0.321000 -0.037498 0.021599
v -0.319502 -0.036000 0.021599
v -0.319565 -0.037435 0.021210
v -0.321000 0.071000 0.019000
v -0.321000 0.068000 0.022000
v -0.318000 0.068000 0.019000
v -0.321000 0.070599 0.020498
v -0.319502 0.070599 0.019000
v -0.319565 0.070210 0.020435
v -0.319502 0.068000 0.021599
v -0.321000 0.069498 0.021599
v -0.319565 0.069435 0.021210
v -0.318401 0.069498 0.019000
v -0.318401 0.068000 0.020498
v -0.318790 0.069435 0.020435
v -0.321000 -0.039000 -0.019000
v -0.321000 -0.036000 -0.022000
v -0.318000 -0.036000 -0.019000
v -0.321000 -0.038599 -0.020498
v -0.319502 -0.038599 -0.019000
v -0.319565 -0.038210 -0.020435
v -0.319502 -0.036000 -0.021599
v -0.321000 -0.037498 -0.021599
v -0.319565 -0.037435 -0.021210
v -0.318401 -0.037498 -0.019000
v -0.318401 -0.036000 -0.020498
v -0.318790 -0.037435 -0.020435
v -0.321000 0.071000 -0.019000
v -0.318000 0.068000 -0.019000
v -0.321000 0.068000 -0.022000
v -0.319502 0.070599 -0.019000
v -0.321000 0.070599 -0.020498
v -0.319565 0.070210 -0.020435
v -0.318401 0.068000 -0.020498
v -0.318401 0.069498 -0.019000
v -0.318790 0.069435 -0.020435
v -0.321000 0.069498 -0.021599
v -0.319502 0.068000 -0.021599
v -0.319565 0.069435 -0.021210
v -0.302000 0.067000 0.021000
v -0.305000 0.067000 0.018000
v -0.303394 0.064767 0.019394
v -0.303498 0.067000 0.020599
v -0.302000 0.065502 0.020599
v -0.303435 0.065565 0.020210
v -0.304599 0.067000 0.019498
v -0.304210 0.065565 0.019435
v -0.302000 0.073000 0.021000
v -0.302000 0.076000 0.018000
v -0.305000 0.073000 0.018000
v -0.302000 0.074498 0.020599
v -0.303498 0.073000 0.020599
v -0.303435 0.074435 0.020210
v -0.303498 0.075599 0.018000
v -0.302000 0.075599 0.019498
v -0.303435 0.075210 0.019435
v -0.304599 0.073000 0.019498
v -0.304599 0.074498 0.018000
v -0.304210 0.074435 0.019435
v -0.305000 0.067000 -0.018000
v -0.302000 0.067000 -0.021000
v -0.303394 0.064767 -0.019394
v -0.304599 0.067000 -0.019498
v -0.304210 0.065565 -0.019435
v -0.302000 0.065502 -0.020599
v -0.303498 0.067000 -0.020599
v -0.303435 0.065565 -0.020210
v -0.302000 0.076000 -0.018000
v -0.302000 0.073000 -0.021000
v -0.305000 0.073000 -0.018000
v -0.302000 0.075599 -0.019498
v -0.303498 0.075599 -0.018000
v -0.303435 0.075210 -0.019435
v -0.303498 0.073000 -0.020599
v -0.302000 0.074498 -0.020599
v -0.303435 0.074435 -0.020210
v -0.304599 0.074498 -0.018000
v -0.304599 0.073000 -0.019498
v -0.304210 0.074435 -0.019435
v -0.235000 0.067000 0.018000
v -0.238000 0.067000 0.021000
v -0.236565 0.064790 0.019435
v -0.235401 0.067000 0.019498
v -0.235790 0.065565 0.019435
v -0.238000 0.065502 0.020599
v -0.236502 0.067000 0.020599
v -0.236565 0.065565 0.020210
v -0.238000 0.076000 0.018000
v -0.238000 0.073000 0.021000
v -0.235000 0.073000 0.018000
v -0.238000 0.075599 0.019498
v -0.236502 0.075599 0.018000
v -0.236565 0.075210 0.019435
v -0.236502 0.073000 0.020599
v -0.238000 0.074498 0.020599
v -0.236565 0.074435 0.020210
v -0.235401 0.074498 0.018000
v -0.235401 0.073000 0.019498
v -0.235790 0.074435 0.019435
v -0.238000 0.067000 -0.021000
v -0.235000 0.067000 -0.018000
v -0.236607 0.064767 -0.019394
v -0.236502 0.067000 -0.020599
v -0.238000 0.065502 -0.020599
v -0.236565 0.065565 -0.020210
v -0.235401 0.067000 -0.019498
v -0.235790 0.065565 -0.019435
v -0.238000 0.076000 -0.018000
v -0.235000 0.073000 -0.018000
v -0.238000 0.073000 -0.021000
v -0.236502 0.075599 -0.018000
v -0.238000 0.075599 -0.019498
v -0.236565 0.075210 -0.019435
v -0.235401 0.073000 -0.019498
v -0.235401 0.074498 -0.018000
v -0.235790 0.074435 -0.019435
v -0.238000 0.074498 -0.020599
v -0.236502 0.073000 -0.020599
v -0.236565 0.074435 -0.020210
v -0.193000 0.001890 0.020000
v -0.300000 -0.006000 0.020000
v -0.300000 -0.018000 0.020000
v -0.213229 -0.027000 0.020000
v -0.270000 -0.018000 0.020000
v -0.270000 -0.006000 0.020000
v -0.190000 0.006175 -0.017000
v -0.190000 0.006175 0.017000
v -0.235268 0.066000 -0.017000
v -0.304732 0.066000 -0.017000
v -0.235268 0.066000 0.017000
v -0.304732 0.066000 0.017000
v -0.300000 -0.006000 -0.020000
v -0.300000 -0.018000 -0.020000
v -0.270000 -0.018000 -0.020000
v -0.270000 -0.006000 -0.020000
v -0.213229 -0.027000 -0.020000
v -0.193000 0.001890 -0.020000
v -0.318000 0.065449 0.018000
v -0.318000 0.065732 0.017000
v -0.318000 -0.029732 -0.017000
v -0.318000 -0.029449 -0.018000
v -0.318000 0.064782 -0.019000
v -0.318000 -0.029328 -0.018454
v -0.318000 -0.028782 -0.019000
v -0.318000 0.065449 -0.018000
v -0.318000 0.065328 -0.018454
v -0.318000 0.065732 -0.017000
v -0.318000 -0.029328 0.018454
v -0.318000 -0.028782 0.019000
v -0.318000 0.064782 0.019000
v -0.318000 -0.029732 0.017000
v -0.318000 -0.029449 0.018000
v -0.318000 0.065328 0.018454
v -0.318082 -0.028450 0.019306
v -0.318183 -0.027000 0.019684
v -0.318105 -0.028105 0.019392
v -0.318105 0.064105 0.019392
v -0.318082 0.064450 0.019306
v -0.318183 0.063000 0.019684
v -0.318105 -0.028105 -0.019392
v -0.318082 -0.028450 -0.019306
v -0.318183 -0.027000 -0.019684
v -0.318082 0.064450 -0.019306
v -0.318105 0.064105 -0.019392
v -0.318183 0.063000 -0.019684
v -0.302873 0.064638 0.019459
v -0.302000 0.064500 0.019597
v -0.304445 0.065527 0.018570
v -0.304484 0.065599 0.018498
v -0.304661 0.065732 0.018000
v -0.302873 0.064638 -0.019459
v -0.304445 0.065527 -0.018570
v -0.304484 0.065599 -0.018498
v -0.304661 0.065732 -0.018000
v -0.302000 0.064500 -0.019597
v -0.236667 0.064751 0.019396
v -0.237127 0.064638 0.019459
v -0.235556 0.065527 0.018570
v -0.235516 0.065599 0.018498
v -0.235339 0.065732 0.018000
v -0.238000 0.064500 0.019597
v -0.237127 0.064638 -0.019459
v -0.238000 0.064500 -0.019597
v -0.235516 0.065599 -0.018498
v -0.235556 0.065527 -0.018570
v -0.235339 0.065732 -0.018000
v -0.215330 -0.030000 -0.017000
v -0.215049 -0.029599 -0.018498
v -0.214278 -0.028498 -0.019599
v -0.190401 0.005603 -0.018498
v -0.191502 0.004030 -0.019599
v -0.191502 0.004030 0.019599
v -0.190401 0.005603 0.018498
v -0.215330 -0.030000 0.017000
v -0.215049 -0.029599 0.018498
v -0.214278 -0.028498 0.019599
vn -0.0000 -0.0000 1.0000
vn -0.0168 -0.0242 0.9996
vn -0.0000 -0.0194 0.9998
vn -0.0033 0.0058 1.0000
vn 0.9999 -0.0000 -0.0114
vn 0.9999 0.0069 -0.0114
vn 0.9999 0.0069 0.0113
vn 0.9999 -0.0000 0.0114
vn -0.0534 -0.9985 -0.0101
vn 0.0534 -0.9985 -0.0101
vn 0.0534 -0.9985 0.0101
vn -0.0534 -0.9985 0.0101
vn -0.0202 0.9997 -0.0114
vn -0.0202 0.9997 0.0114
vn -0.0000 0.9999 0.0114
vn -0.0000 0.9999 -0.0114
vn 0.0091 0.9999 0.0113
vn 0.0092 0.9999 -0.0113
vn -0.0000 -0.0000 -1.0000
vn -0.0033 0.0058 -1.0000
vn -0.0000 -0.0194 -0.9998
vn -0.0167 -0.0242 -0.9996
vn 0.0534 -0.0038 0.9986
vn 0.0534 0.0038 0.9986
vn -0.0534 0.0038 0.9986
vn -0.0534 -0.0038 0.9986
vn 0.9893 0.1456 -0.0114
vn 0.9941 0.1077 0.0084
vn 1.0000 -0.0000 -0.0000
vn 0.0534 0.9985 -0.0101
vn -0.0534 0.9985 -0.0101
vn -0.0534 0.9985 0.0101
vn 0.0534 0.9985 0.0101
vn -0.9999 -0.0038 0.0102
vn -0.9999 0.0038 0.0102
vn -0.9999 0.0038 -0.0102
vn -0.9999 -0.0038 -0.0102
vn -0.0534 -0.0038 -0.9986
vn -0.0534 0.0038 -0.9986
vn 0.0534 0.0038 -0.9986
vn 0.0534 -0.0038 -0.9986
vn 0.0061 -0.0534 0.9986
vn 0.0061 0.0534 0.9986
vn -0.0061 0.0534 0.9986
vn -0.0061 -0.0534 0.9986
vn 0.9992 -0.0390 -0.0113
vn 0.9985 0.0534 -0.0107
vn 0.9985 0.0534 0.0107
vn 0.9992 -0.0390 0.0113
vn 0.0061 0.9999 -0.0107
vn -0.0061 0.9999 -0.0107
vn -0.0061 0.9999 0.0107
vn 0.0061 0.9999 0.0107
vn -0.9992 -0.0390 0.0113
vn -0.9985 0.0534 0.0107
vn -0.9985 0.0534 -0.0107
vn -0.9992 -0.0390 -0.0113
vn -0.0061 -0.0534 -0.9986
vn -0.0061 0.0534 -0.9986
vn 0.0061 0.0534 -0.9986
vn 0.0061 -0.0534 -0.9986
vn -0.2588 -0.9659 0.0110
vn -0.0026 -0.9999 0.0113
vn -0.0024 -0.8655 0.5008
vn -0.2471 -0.8430 0.4777
vn -0.2589 -0.9318 0.2542
vn -0.0025 -0.4991 0.8665
vn -0.2479 -0.4644 0.8503
vn -0.2178 -0.6901 0.6901
vn -0.2586 -0.0041 0.9660
vn -0.2582 -0.2550 0.9318
vn -0.2582 0.2550 0.9318
vn -0.2586 0.0041 0.9660
vn -0.0038 0.3087 0.9512
vn -0.2479 0.4644 0.8503
vn -0.0231 0.8998 0.4356
vn -0.2471 0.8430 0.4777
vn -0.2178 0.6901 0.6901
vn -0.2588 0.9659 0.0110
vn -0.2590 0.9318 0.2542
vn -0.0024 -0.8655 -0.5008
vn -0.0026 -0.9999 -0.0113
vn -0.2588 -0.9659 -0.0110
vn -0.2589 -0.9318 -0.2542
vn -0.2471 -0.8430 -0.4777
vn -0.2586 -0.0041 -0.9660
vn -0.0025 -0.4991 -0.8665
vn -0.2479 -0.4644 -0.8503
vn -0.2582 -0.2550 -0.9318
vn -0.2178 -0.6901 -0.6901
vn -0.2590 0.9318 -0.2542
vn -0.2588 0.9659 -0.0110
vn -0.0231 0.8998 -0.4356
vn -0.2471 0.8430 -0.4777
vn -0.0038 0.3087 -0.9512
vn -0.2479 0.4644 -0.8503
vn -0.2178 0.6901 -0.6901
vn -0.2586 0.0041 -0.9660
vn -0.2582 0.2550 -0.9318
vn 0.0100 0.9024 0.4308
vn 0.4179 0.8067 0.4178
vn 0.4997 0.8661 0.0096
vn 0.0041 0.3867 0.9222
vn 0.4179 0.4178 0.8067
vn 0.0036 0.0073 1.0000
vn 0.4952 0.0056 0.8688
vn 0.8648 0.0058 0.5021
vn 0.8067 0.4179 0.4178
vn 0.8661 0.4997 0.0096
vn 0.4997 0.8661 -0.0096
vn 0.4179 0.8067 -0.4178
vn 0.0100 0.9024 -0.4308
vn 0.8661 0.4997 -0.0096
vn 0.8067 0.4179 -0.4179
vn 0.8648 0.0058 -0.5021
vn 0.4952 0.0056 -0.8688
vn 0.4178 0.4179 -0.8067
vn 0.0036 0.0073 -1.0000
vn 0.0041 0.3866 -0.9222
vn -0.0462 -0.8665 0.4970
vn -0.4178 -0.8067 0.4178
vn -0.4998 -0.8661 0.0086
vn -0.0462 -0.4970 0.8665
vn -0.4179 -0.4178 0.8067
vn -0.5001 -0.0033 0.8660
vn -0.8660 -0.0033 0.5001
vn -0.8067 -0.4179 0.4178
vn -0.8661 -0.4998 0.0086
vn -0.0462 0.4970 0.8665
vn -0.4179 0.4178 0.8067
vn -0.5001 0.0033 0.8660
vn -0.0462 0.8665 0.4970
vn -0.4179 0.8067 0.4178
vn -0.4998 0.8661 0.0086
vn -0.8661 0.4998 0.0086
vn -0.8067 0.4179 0.4178
vn -0.8660 0.0033 0.5001
vn -0.4998 -0.8661 -0.0086
vn -0.4179 -0.8067 -0.4178
vn -0.0462 -0.8665 -0.4970
vn -0.8661 -0.4998 -0.0086
vn -0.8067 -0.4179 -0.4178
vn -0.8659 -0.0033 -0.5001
vn -0.5001 -0.0033 -0.8660
vn -0.4179 -0.4178 -0.8067
vn -0.0462 -0.4970 -0.8665
vn -0.0462 0.8665 -0.4970
vn -0.4179 0.8067 -0.4179
vn -0.4998 0.8661 -0.0086
vn -0.0462 0.4970 -0.8665
vn -0.4179 0.4178 -0.8067
vn -0.5001 0.0033 -0.8660
vn -0.8660 0.0033 -0.5001
vn -0.8067 0.4179 -0.4178
vn -0.8661 0.4998 -0.0086
vn 0.4998 -0.8661 0.0086
vn 0.4179 -0.8067 0.4178
vn 0.0462 -0.8665 0.4970
vn 0.8661 -0.4998 0.0086
vn 0.8067 -0.4179 0.4178
vn 0.9986 -0.0532 0.0069
vn 0.7929 -0.0048 0.6094
vn 0.5001 -0.0033 0.8660
vn 0.4179 -0.4178 0.8067
vn 0.0462 -0.4970 0.8665
vn 0.0462 0.8665 0.4970
vn 0.4178 0.8067 0.4179
vn 0.4998 0.8661 0.0086
vn 0.0462 0.4970 0.8665
vn 0.4178 0.4178 0.8067
vn 0.5001 0.0033 0.8660
vn 0.8249 0.0041 0.5653
vn 0.8067 0.4179 0.4179
vn 0.8661 0.4998 0.0086
vn 0.0462 -0.8665 -0.4970
vn 0.4178 -0.8067 -0.4179
vn 0.4998 -0.8661 -0.0086
vn 0.0462 -0.4970 -0.8665
vn 0.4179 -0.4178 -0.8067
vn 0.5001 -0.0033 -0.8660
vn 0.7929 -0.0048 -0.6094
vn 0.8067 -0.4179 -0.4178
vn 0.9986 -0.0532 -0.0069
vn 0.8661 -0.4998 -0.0086
vn 0.4998 0.8661 -0.0086
vn 0.0462 0.8665 -0.4970
vn 0.8661 0.4998 -0.0086
vn 0.8067 0.4178 -0.4179
vn 0.8249 0.0041 -0.5653
vn 0.5001 0.0033 -0.8660
vn 0.4179 0.4178 -0.8067
vn 0.0462 0.4970 -0.8665
vn -0.0046 -0.7071 0.7071
vn -0.0054 -0.4892 0.8722
vn -0.4215 -0.4182 0.8046
vn -0.3794 -0.7019 0.6029
vn -0.2245 -0.6914 0.6867
vn -0.4970 -0.0462 0.8665
vn -0.8661 -0.0454 0.4978
vn -0.8164 -0.3381 0.4682
vn -0.9658 -0.2588 0.0144
vn -0.9318 -0.2569 0.2563
vn -0.9028 -0.3471 0.2538
vn -0.0052 0.5000 0.8660
vn -0.4179 0.4179 0.8067
vn -0.4970 0.0462 0.8665
vn -0.0052 0.8660 0.5000
vn -0.4997 0.8661 0.0091
vn -0.8661 0.4998 0.0091
vn -0.8067 0.4179 0.4179
vn -0.8665 0.0462 0.4970
vn -0.9028 -0.3471 -0.2538
vn -0.8164 -0.3381 -0.4682
vn -0.3794 -0.7019 -0.6029
vn -0.8661 -0.0454 -0.4978
vn -0.9318 -0.2569 -0.2563
vn -0.9658 -0.2588 -0.0144
vn -0.4970 -0.0462 -0.8665
vn -0.4215 -0.4182 -0.8046
vn -0.0054 -0.4892 -0.8722
vn -0.0046 -0.7071 -0.7071
vn -0.2245 -0.6914 -0.6867
vn -0.0052 0.8660 -0.5000
vn -0.4178 0.8067 -0.4178
vn -0.4997 0.8661 -0.0091
vn -0.0052 0.5000 -0.8660
vn -0.4970 0.0462 -0.8665
vn -0.8665 0.0462 -0.4970
vn -0.8067 0.4179 -0.4179
vn -0.8661 0.4998 -0.0091
vn 0.8190 -0.3399 0.4622
vn 0.3800 -0.7078 0.5956
vn 0.6679 -0.7267 0.1607
vn 0.9658 -0.2588 0.0144
vn 0.8661 -0.0454 0.4978
vn 0.9318 -0.2569 0.2563
vn 0.4970 -0.0462 0.8665
vn 0.4195 -0.4162 0.8067
vn 0.0054 -0.4892 0.8722
vn 0.0045 -0.7072 0.7070
vn 0.2183 -0.6924 0.6877
vn 0.0052 0.8660 0.5000
vn 0.4998 0.8661 0.0091
vn 0.0052 0.5000 0.8660
vn 0.4970 0.0462 0.8665
vn 0.8665 0.0462 0.4970
vn 0.8661 0.4998 0.0091
vn 0.0031 -0.0000 1.0000
vn 0.0046 -0.7072 -0.7070
vn 0.0054 -0.4892 -0.8722
vn 0.4215 -0.4182 -0.8046
vn 0.3794 -0.7019 -0.6029
vn 0.2245 -0.6914 -0.6867
vn 0.4970 -0.0462 -0.8665
vn 0.8661 -0.0454 -0.4978
vn 0.8164 -0.3381 -0.4682
vn 0.9318 -0.2569 -0.2563
vn 0.9028 -0.3472 -0.2538
vn 0.9658 -0.2588 -0.0144
vn 0.4998 0.8661 -0.0091
vn 0.4178 0.8067 -0.4179
vn 0.0052 0.8660 -0.5000
vn 0.8661 0.4998 -0.0091
vn 0.8665 0.0462 -0.4970
vn 0.4970 0.0462 -0.8665
vn 0.4179 0.4179 -0.8067
vn 0.0052 0.5000 -0.8660
vn -0.0000 -0.9660 -0.2585
vn -0.0000 -0.9999 -0.0114
vn -0.0000 -0.7071 -0.7071
vn -0.0000 -0.2585 -0.9660
vn -0.0000 0.9660 -0.2585
vn -0.0000 0.7071 -0.7071
vn 0.9660 -0.0000 -0.2585
vn 0.7071 -0.0000 -0.7071
vn 0.0031 -0.0000 -1.0000
vn 0.2585 -0.0000 -0.9660
vn 0.2585 -0.0000 0.9660
vn 0.7071 -0.0000 0.7071
vn 0.9660 -0.0000 0.2584
vn -0.0000 -0.9660 0.2585
vn -0.0000 -0.9999 0.0114
vn -0.0000 -0.7071 0.7071
vn -0.0000 -0.2585 0.9660
vn -0.0000 0.9660 0.2585
vn -0.0000 0.7071 0.7072
vn 0.9660 -0.0000 -0.2584
vn 0.9660 -0.0000 0.2585
vn -0.9660 -0.2584 -0.0000
vn 0.9660 -0.2585 -0.0000
vn -1.0000 -0.0000 -0.0000
vn -0.0000 1.0000 -0.0000
vn -0.0000 -1.0000 -0.0000
vn 0.8192 -0.5736 -0.0000
vn 0.9868 -0.0000 -0.1620
vn 0.9788 -0.0000 -0.2047
vn 0.9868 -0.0000 0.1620
vn 0.9792 -0.0000 0.2028
vn 0.9792 -0.0000 -0.2028
vn 1.0000 -0.0000 0.0001
vn 1.0000 -0.0000 -0.0001
vn 0.9788 -0.0000 0.2048
vn -0.0018 0.7180 0.6960
vn -0.0000 0.7071 0.7071
vn 0.0010 0.7062 -0.7081
vn 0.0005 0.7183 -0.6957
vn -0.0018 0.7180 -0.6960
vn -0.0032 0.7042 -0.7100
vn 0.0018 0.6118 -0.7910
vn -0.0006 0.6079 -0.7940
vn -0.0032 0.7042 0.7100
vn 0.0004 0.7159 0.6982
vn 0.0008 0.7064 0.7078
vn -0.0005 0.6266 0.7794
vn 0.0018 0.6118 0.7910
vn -0.0000 0.7068 0.7074
vn 0.9661 -0.0000 -0.2583
vn 0.9661 -0.0000 0.2583
vt 0.128716 0.241726
vt 0.119970 0.258261
vt 0.119970 0.157343
vt 0.128716 0.212550
vt 0.207438 0.258236
vt 0.140379 0.241722
vt 0.140379 0.212547
vt 0.625390 0.429425
vt 0.625390 0.374726
vt 0.658456 0.374726
vt 0.658456 0.429425
vt 0.413674 0.754441
vt 0.419344 0.754445
vt 0.419344 0.791402
vt 0.413674 0.791397
vt 0.249465 0.628974
vt 0.249465 0.595908
vt 0.261396 0.595908
vt 0.261396 0.628974
vt 0.651202 0.322022
vt 0.684269 0.322022
vt 0.684269 0.363130
vt 0.651202 0.363130
vt 0.187139 0.080679
vt 0.187139 0.109854
vt 0.120077 0.126368
vt 0.198802 0.080682
vt 0.207549 0.025474
vt 0.207549 0.126393
vt 0.198802 0.109858
vt 0.740419 0.320856
vt 0.740419 0.219782
vt 0.746254 0.219783
vt 0.746254 0.320858
vt 0.326589 0.451456
vt 0.363546 0.451456
vt 0.328534 0.453638
vt 0.806554 0.485908
vt 0.800719 0.485908
vt 0.800719 0.448951
vt 0.806554 0.448951
vt 0.405996 0.551335
vt 0.405996 0.450191
vt 0.442953 0.450191
vt 0.442953 0.551335
vt 0.696909 0.360898
vt 0.696909 0.259819
vt 0.702744 0.259817
vt 0.702744 0.360896
vt 0.469881 0.697496
vt 0.475712 0.697494
vt 0.475712 0.759735
vt 0.469881 0.759737
vt 0.804367 0.369514
vt 0.798591 0.369514
vt 0.798591 0.334502
vt 0.804367 0.334502
vt 0.360530 0.563053
vt 0.360530 0.625296
vt 0.325518 0.625296
vt 0.325518 0.563053
vt 0.805484 0.533548
vt 0.799648 0.533548
vt 0.799648 0.498537
vt 0.805484 0.498537
vt 0.748477 0.743197
vt 0.742646 0.743195
vt 0.742646 0.680954
vt 0.748477 0.680956
vt 0.193026 0.587521
vt 0.193027 0.586638
vt 0.194483 0.586544
vt 0.194439 0.587427
vt 0.193998 0.587455
vt 0.117763 0.259246
vt 0.117498 0.258273
vt 0.118528 0.258265
vt 0.118585 0.259319
vt 0.118274 0.259242
vt 0.119981 0.259414
vt 0.118918 0.259341
vt 0.208534 0.259314
vt 0.207450 0.259388
vt 0.208909 0.258238
vt 0.208873 0.259293
vt 0.210019 0.258246
vt 0.209756 0.259219
vt 0.209206 0.259215
vt 0.248493 0.594494
vt 0.249465 0.594451
vt 0.248493 0.595908
vt 0.248493 0.594935
vt 0.158503 0.586575
vt 0.159961 0.586666
vt 0.159960 0.587549
vt 0.158987 0.587485
vt 0.158545 0.587457
vt 0.207538 0.127546
vt 0.208991 0.126396
vt 0.208934 0.127451
vt 0.208601 0.127472
vt 0.209245 0.127373
vt 0.210022 0.126405
vt 0.209757 0.127378
vt 0.248493 0.629947
vt 0.248493 0.628974
vt 0.249465 0.630431
vt 0.248493 0.630388
vt 0.117760 0.127352
vt 0.117498 0.126379
vt 0.118607 0.126371
vt 0.118643 0.127425
vt 0.118310 0.127348
vt 0.120066 0.127521
vt 0.118982 0.127447
vt 0.649745 0.322022
vt 0.649807 0.320627
vt 0.651202 0.320565
vt 0.210019 0.137654
vt 0.208909 0.137646
vt 0.208861 0.136254
vt 0.209643 0.136260
vt 0.207438 0.137644
vt 0.207453 0.136190
vt 0.660984 0.374517
vt 0.659913 0.374670
vt 0.659851 0.373235
vt 0.660605 0.373127
vt 0.658456 0.373228
vt 0.658456 0.372015
vt 0.659851 0.372381
vt 0.684269 0.320565
vt 0.685664 0.320627
vt 0.685726 0.322022
vt 0.625390 0.372015
vt 0.625390 0.373228
vt 0.623994 0.373235
vt 0.623994 0.372381
vt 0.623933 0.374670
vt 0.622862 0.374517
vt 0.623240 0.373127
vt 0.120077 0.005776
vt 0.118607 0.005779
vt 0.118655 0.004386
vt 0.120063 0.004322
vt 0.117498 0.005787
vt 0.117874 0.004392
vt 0.413766 0.792853
vt 0.412500 0.792789
vt 0.412351 0.791395
vt 0.746266 0.323330
vt 0.746257 0.322299
vt 0.747655 0.322224
vt 0.747661 0.322950
vt 0.747714 0.320844
vt 0.403469 0.551335
vt 0.404539 0.551335
vt 0.404601 0.552731
vt 0.403847 0.552731
vt 0.405996 0.552792
vt 0.405996 0.553863
vt 0.404601 0.553485
vt 0.746257 0.218313
vt 0.747655 0.218361
vt 0.747714 0.219769
vt 0.746266 0.217203
vt 0.747661 0.217579
vt 0.799262 0.448951
vt 0.799324 0.447556
vt 0.800719 0.447494
vt 0.798191 0.448951
vt 0.798570 0.447556
vt 0.404539 0.450191
vt 0.404601 0.448795
vt 0.405996 0.448734
vt 0.748793 0.219730
vt 0.748415 0.218333
vt 0.412351 0.754438
vt 0.412500 0.753042
vt 0.413766 0.752982
vt 0.442953 0.553863
vt 0.442953 0.552792
vt 0.444348 0.552731
vt 0.444348 0.553485
vt 0.444410 0.551335
vt 0.445481 0.551335
vt 0.445102 0.552731
vt 0.696906 0.362339
vt 0.695508 0.362265
vt 0.695449 0.360884
vt 0.696898 0.363371
vt 0.695502 0.362991
vt 0.800719 0.487365
vt 0.799324 0.487303
vt 0.799262 0.485908
vt 0.696898 0.257240
vt 0.696906 0.258349
vt 0.695508 0.258397
vt 0.695502 0.257616
vt 0.695449 0.259805
vt 0.694370 0.259767
vt 0.694748 0.258370
vt 0.442953 0.448734
vt 0.444348 0.448795
vt 0.444410 0.450191
vt 0.798191 0.485908
vt 0.798570 0.487303
vt 0.420852 0.791402
vt 0.420881 0.792796
vt 0.419436 0.792857
vt 0.422145 0.791399
vt 0.421792 0.792794
vt 0.363546 0.551565
vt 0.365003 0.551509
vt 0.364941 0.552836
vt 0.363546 0.552951
vt 0.737903 0.320801
vt 0.738965 0.320841
vt 0.739030 0.322222
vt 0.738282 0.322193
vt 0.740422 0.322298
vt 0.419689 0.793925
vt 0.421060 0.793547
vt 0.806554 0.447494
vt 0.807950 0.447556
vt 0.808011 0.448951
vt 0.740431 0.217201
vt 0.740422 0.218311
vt 0.739030 0.218358
vt 0.739036 0.217577
vt 0.738965 0.219767
vt 0.366074 0.451247
vt 0.365003 0.451400
vt 0.364941 0.449965
vt 0.365695 0.449857
vt 0.363546 0.449958
vt 0.363546 0.448745
vt 0.364941 0.449111
vt 0.419436 0.752987
vt 0.420881 0.753049
vt 0.420852 0.754445
vt 0.419689 0.751913
vt 0.421060 0.752292
vt 0.704198 0.360881
vt 0.704134 0.362262
vt 0.702741 0.362338
vt 0.705261 0.360842
vt 0.704882 0.362235
vt 0.326589 0.551565
vt 0.326589 0.552951
vt 0.325194 0.552836
vt 0.325132 0.551509
vt 0.422145 0.754443
vt 0.421792 0.753047
vt 0.808011 0.485908
vt 0.807950 0.487303
vt 0.806554 0.487365
vt 0.326589 0.448745
vt 0.326589 0.449958
vt 0.325194 0.449965
vt 0.325194 0.449111
vt 0.325132 0.451400
vt 0.324061 0.451247
vt 0.324440 0.449857
vt 0.702741 0.258347
vt 0.704134 0.258395
vt 0.704198 0.259803
vt 0.702733 0.257238
vt 0.704128 0.257614
vt 0.467502 0.759748
vt 0.468439 0.759740
vt 0.468515 0.761139
vt 0.467769 0.761105
vt 0.467641 0.760599
vt 0.469895 0.761197
vt 0.805484 0.536076
vt 0.805484 0.535005
vt 0.806879 0.534944
vt 0.806879 0.535698
vt 0.806716 0.533548
vt 0.806846 0.534033
vt 0.806916 0.534103
vt 0.807655 0.534904
vt 0.477182 0.759738
vt 0.477135 0.761136
vt 0.475727 0.761195
vt 0.478292 0.759746
vt 0.477916 0.761142
vt 0.325518 0.626752
vt 0.324123 0.626691
vt 0.324061 0.625296
vt 0.325518 0.627823
vt 0.324123 0.627445
vt 0.799648 0.535005
vt 0.798253 0.534944
vt 0.798191 0.533548
vt 0.475766 0.762275
vt 0.477163 0.761896
vt 0.806916 0.497982
vt 0.806879 0.497142
vt 0.807655 0.497182
vt 0.805484 0.497080
vt 0.806846 0.498052
vt 0.806716 0.498537
vt 0.805484 0.496009
vt 0.806879 0.496388
vt 0.749919 0.743201
vt 0.749844 0.744599
vt 0.748463 0.744657
vt 0.750591 0.744565
vt 0.750858 0.743209
vt 0.750719 0.744059
vt 0.361987 0.625296
vt 0.361925 0.626691
vt 0.360530 0.626752
vt 0.740067 0.743206
vt 0.741176 0.743198
vt 0.741224 0.744596
vt 0.740443 0.744602
vt 0.742632 0.744655
vt 0.742593 0.745735
vt 0.741196 0.745356
vt 0.798191 0.498537
vt 0.798253 0.497142
vt 0.799648 0.497080
vt 0.360530 0.627823
vt 0.361925 0.627445
vt 0.328534 0.545532
vt 0.361601 0.545532
vt 0.808171 0.678664
vt 0.808159 0.679575
vt 0.808120 0.679679
vt 0.807334 0.678438
vt 0.805540 0.334502
vt 0.804311 0.333045
vt 0.805638 0.333107
vt 0.805707 0.333947
vt 0.805644 0.334017
vt 0.469935 0.694980
vt 0.469895 0.696042
vt 0.468515 0.696107
vt 0.468543 0.695359
vt 0.468439 0.697499
vt 0.809270 0.680783
vt 0.808296 0.680999
vt 0.808175 0.680140
vt 0.808913 0.679408
vt 0.324061 0.563053
vt 0.324123 0.561657
vt 0.325518 0.561596
vt 0.478292 0.697505
vt 0.477182 0.697497
vt 0.477135 0.696105
vt 0.477916 0.696110
vt 0.475727 0.696041
vt 0.798383 0.331974
vt 0.798536 0.333045
vt 0.797101 0.333107
vt 0.796993 0.332353
vt 0.797094 0.334502
vt 0.795881 0.334502
vt 0.796247 0.333107
vt 0.148047 0.137661
vt 0.684605 0.249141
vt 0.683624 0.248927
vt 0.683981 0.247551
vt 0.684781 0.247760
vt 0.684725 0.248282
vt 0.748463 0.679502
vt 0.749844 0.679567
vt 0.749919 0.680960
vt 0.748424 0.678440
vt 0.749816 0.678819
vt 0.805644 0.369998
vt 0.805707 0.370068
vt 0.805638 0.370909
vt 0.804311 0.370970
vt 0.805540 0.369514
vt 0.684723 0.246806
vt 0.685561 0.246579
vt 0.360530 0.561596
vt 0.361925 0.561657
vt 0.361987 0.563053
vt 0.795881 0.369514
vt 0.797094 0.369514
vt 0.797101 0.370909
vt 0.796247 0.370909
vt 0.798536 0.370970
vt 0.798383 0.372041
vt 0.796993 0.371663
vt 0.741176 0.680957
vt 0.741224 0.679565
vt 0.742632 0.679501
vt 0.740067 0.680965
vt 0.740443 0.679571
vt 0.158503 0.490237
vt 0.159961 0.490593
vt 0.779133 0.775504
vt 0.779133 0.678438
vt 0.780208 0.679419
vt 0.780208 0.775757
vt 0.208991 0.026498
vt 0.685726 0.363371
vt 0.685241 0.363199
vt 0.261466 0.629947
vt 0.261638 0.630431
vt 0.118605 0.049542
vt 0.623933 0.429920
vt 0.813743 0.175291
vt 0.814806 0.175252
vt 0.814806 0.231037
vt 0.813743 0.232605
vt 0.179470 0.005793
vt 0.177376 0.004338
vt 0.150141 0.136207
vt 0.813743 0.297032
vt 0.813743 0.241249
vt 0.814805 0.241289
vt 0.814805 0.298601
vt 0.659913 0.429920
vt 0.194483 0.490207
vt 0.193027 0.490566
vt 0.786056 0.563390
vt 0.786056 0.660456
vt 0.784989 0.660711
vt 0.784989 0.564373
vt 0.118528 0.158366
vt 0.261638 0.594451
vt 0.261466 0.594935
vt 0.650230 0.363199
vt 0.649745 0.363371
vt 0.208911 0.181409
vt 0.748793 0.320804
vt 0.694370 0.360846
vt 0.414020 0.751908
vt 0.325924 0.542876
vt 0.705261 0.259764
vt 0.737903 0.219726
vt 0.364211 0.542876
vt 0.364211 0.456243
vt 0.414020 0.793920
vt 0.806456 0.499509
vt 0.806456 0.532576
vt 0.469935 0.762276
vt 0.748424 0.745736
vt 0.685561 0.309610
vt 0.684579 0.309396
vt 0.742593 0.678438
vt 0.805292 0.335474
vt 0.805292 0.368541
vt 0.475766 0.694978
vt 0.808308 0.741252
vt 0.807334 0.741468
vt 0.097303 0.758375
vt 0.108854 0.758375
vt 0.108854 0.797277
vt 0.097303 0.797277
vt 0.796348 0.127355
vt 0.796348 0.166257
vt 0.784677 0.166257
vt 0.784677 0.127355
vt 0.651280 0.207288
vt 0.651280 0.168386
vt 0.680456 0.168386
vt 0.680456 0.207288
vt 0.519598 0.763263
vt 0.491249 0.763239
vt 0.491249 0.724337
vt 0.519598 0.724361
vt 0.697218 0.681344
vt 0.697218 0.714411
vt 0.693397 0.717340
vt 0.693397 0.678438
vt 0.327120 0.454028
vt 0.326589 0.454554
vt 0.363015 0.454028
vt 0.362573 0.453911
vt 0.361601 0.453638
vt 0.327562 0.453911
vt 0.363015 0.545143
vt 0.363546 0.544617
vt 0.326589 0.544617
vt 0.327120 0.545143
vt 0.327562 0.545259
vt 0.362573 0.545259
vt 0.363546 0.454554
vt 0.209946 0.246035
vt 0.210019 0.246075
vt 0.838415 0.315634
vt 0.839220 0.316652
vt 0.838415 0.358044
vt 0.108849 0.422942
vt 0.108033 0.410717
vt 0.108849 0.409707
vt 0.118338 0.113140
vt 0.118466 0.112633
vt 0.118466 0.048693
vt 0.118338 0.048188
vt 0.118605 0.111783
vt 0.117498 0.114207
vt 0.117570 0.114168
vt 0.117498 0.047134
vt 0.117570 0.047172
vt 0.149553 0.631270
vt 0.148737 0.630260
vt 0.149553 0.618035
vt 0.199747 0.435348
vt 0.200555 0.476739
vt 0.199747 0.477816
vt 0.209162 0.180114
vt 0.209049 0.180561
vt 0.209049 0.244501
vt 0.209178 0.245007
vt 0.208911 0.243650
vt 0.326292 0.544286
vt 0.326292 0.454861
vt 0.326208 0.455191
vt 0.325924 0.456243
vt 0.326208 0.543951
vt 0.363843 0.454861
vt 0.363843 0.544286
vt 0.363927 0.543951
vt 0.363927 0.455191
vt 0.666299 0.717033
vt 0.665317 0.715965
vt 0.664959 0.714509
vt 0.664959 0.681443
vt 0.665317 0.679985
vt 0.666299 0.678911
vt 0.667635 0.678517
vt 0.210019 0.179002
vt 0.209946 0.179040
vt 0.695305 0.678822
vt 0.667635 0.717418
vt 0.696707 0.679889
vt 0.696707 0.715869
vt 0.695305 0.716944
s 1
usemtl Gun_Metal_Black
f 5349/10091/4506 5132/10092/4507 5350/10093/4508 5351/10094/4506
f 5135/10095/4509 5348/10096/4506 5352/10097/4506
f 5353/10098/4510 5160/10099/4511 5149/10100/4512 5354/10101/4513
f 5195/10102/4514 5243/10103/4515 5219/10104/4516 5171/10105/4517
f 5143/10106/4518 5136/10107/4519 5358/10108/4520 5356/10109/4521
f 5147/10110/4522 5159/10111/4523 5355/10112/4521 5357/10113/4520
f 5362/10114/4524 5359/10115/4524 5144/10116/4525
f 5361/10117/4524 5363/10118/4526 5140/10119/4527 5360/10120/4524
f 5221/10121/4528 5232/10122/4529 5183/10123/4530 5172/10124/4531
f 5256/10125/4532 5233/10126/4533 5374/10127/4534
f 5255/10128/4535 5207/10129/4536 5184/10130/4537 5231/10131/4538
f 5173/10132/4539 5185/10133/4540 5209/10134/4541 5196/10135/4542
f 5197/10136/4543 5208/10137/4544 5257/10138/4545 5244/10139/4546
f 5308/10140/4547 5316/10141/4548 5275/10142/4549 5267/10143/4550
f 5328/10144/4551 5336/10145/4552 5317/10146/4553 5307/10147/4554
f 5335/10148/4555 5295/10149/4556 5276/10150/4557 5315/10151/4558
f 5268/10152/4559 5277/10153/4560 5297/10154/4561 5287/10155/4562
f 5288/10156/4563 5296/10157/4564 5337/10158/4565 5327/10159/4566
f 5378/10160/4567 5131/10161/4568 5133/10162/4569 5375/10163/4570 5379/10164/4571
f 5375/10165/4570 5133/10166/4569 5134/10167/4572 5381/10168/4573 5376/10169/4574
f 5381/10168/4573 5134/10167/4572 5132/10092/4507 5382/10170/4575 5383/10171/4576
f 5384/10172/4577 5386/10173/4578 5135/10095/4509 5137/10174/4579 5385/10175/4580
f 5137/10174/4579 5138/10176/4581 5380/10177/4582 5377/10178/4583 5385/10175/4580
f 5380/10179/4582 5138/10180/4581 5136/10107/4519 5366/10181/4584 5365/10182/4585
f 5141/10183/4586 5139/10184/4587 5367/10185/4588 5368/10186/4589 5370/10187/4590
f 5389/10188/4591 5140/10119/4527 5142/10189/4592 5388/10190/4593 5387/10191/4594
f 5371/10192/4595 5388/10190/4593 5142/10189/4592 5141/10193/4586 5370/10194/4590
f 5372/10195/4596 5374/10196/4597 5143/10106/4518 5145/10197/4598 5373/10198/4599
f 5373/10199/4599 5145/10200/4598 5146/10201/4600 5390/10202/4601 5369/10203/4602
f 5146/10201/4600 5144/10116/4525 5392/10204/4603 5391/10205/4604 5390/10202/4601
f 5147/10110/4522 5150/10206/4605 5152/10207/4606 5151/10208/4607
f 5150/10209/4605 5154/10210/4608 5155/10211/4609 5152/10212/4606
f 5148/10213/4610 5153/10214/4611 5155/10211/4609 5154/10210/4608
f 5153/10215/4611 5157/10216/4612 5158/10217/4613 5155/10218/4609
f 5149/10100/4512 5156/10219/4614 5158/10217/4613 5157/10216/4612
f 5156/10219/4614 5151/10220/4607 5152/10221/4606 5158/10217/4613
f 5152/10221/4606 5155/10218/4609 5158/10217/4613
f 5159/10111/4523 5162/10222/4615 5164/10223/4616 5163/10224/4617
f 5162/10225/4615 5166/10226/4618 5167/10227/4619 5164/10228/4616
f 5160/10099/4511 5165/10229/4620 5167/10227/4619 5166/10226/4618
f 5165/10229/4620 5169/10230/4621 5170/10231/4622 5167/10227/4619
f 5161/10232/4623 5168/10233/4624 5170/10234/4622 5169/10235/4621
f 5168/10233/4624 5163/10236/4617 5164/10237/4616 5170/10234/4622
f 5170/10231/4622 5164/10228/4616 5167/10227/4619
f 5171/10105/4517 5174/10238/4625 5176/10239/4626 5175/10240/4627
f 5174/10241/4625 5178/10242/4628 5179/10243/4629 5176/10244/4626
f 5172/10124/4531 5177/10245/4630 5179/10243/4629 5178/10242/4628
f 5177/10246/4630 5181/10247/4631 5182/10248/4632 5179/10249/4629
f 5173/10132/4539 5180/10250/4633 5182/10248/4632 5181/10247/4631
f 5180/10250/4633 5175/10251/4627 5176/10252/4626 5182/10248/4632
f 5182/10248/4632 5176/10252/4626 5179/10249/4629
f 5183/10123/4530 5186/10253/4634 5188/10254/4635 5187/10255/4636
f 5186/10253/4634 5190/10256/4637 5191/10257/4638 5188/10254/4635
f 5184/10130/4537 5189/10258/4639 5191/10259/4638 5190/10260/4637
f 5189/10258/4639 5193/10261/4640 5194/10262/4641 5191/10259/4638
f 5185/10133/4540 5192/10263/4642 5194/10264/4641 5193/10265/4640
f 5192/10266/4642 5187/10255/4636 5188/10254/4635 5194/10267/4641
f 5194/10267/4641 5188/10254/4635 5191/10257/4638
f 5195/10102/4514 5198/10268/4643 5200/10269/4644 5199/10270/4645
f 5198/10271/4643 5202/10272/4646 5203/10273/4647 5200/10274/4644
f 5196/10135/4542 5201/10275/4648 5203/10273/4647 5202/10272/4646
f 5201/10275/4648 5205/10276/4649 5206/10277/4650 5203/10273/4647
f 5197/10136/4543 5204/10278/4651 5206/10279/4650 5205/10280/4649
f 5204/10278/4651 5199/10281/4645 5200/10282/4644 5206/10279/4650
f 5203/10273/4647 5206/10277/4650 5200/10274/4644
f 5207/10129/4536 5210/10283/4652 5212/10284/4653 5211/10285/4654
f 5210/10286/4652 5214/10287/4655 5215/10288/4656 5212/10289/4653
f 5208/10137/4544 5213/10290/4657 5215/10288/4656 5214/10287/4655
f 5213/10290/4657 5217/10291/4658 5218/10292/4659 5215/10288/4656
f 5209/10134/4541 5216/10293/4660 5218/10294/4659 5217/10295/4658
f 5216/10296/4660 5211/10285/4654 5212/10284/4653 5218/10297/4659
f 5218/10292/4659 5212/10289/4653 5215/10288/4656
f 5219/10104/4516 5222/10298/4661 5224/10299/4662 5223/10300/4663
f 5222/10298/4661 5226/10301/4664 5227/10302/4665 5224/10299/4662
f 5220/10303/4666 5225/10304/4667 5227/10305/4665 5226/10306/4664
f 5225/10307/4667 5229/10308/4668 5230/10309/4669 5227/10310/4665
f 5221/10121/4528 5228/10311/4670 5230/10309/4669 5229/10308/4668
f 5228/10312/4670 5223/10300/4663 5224/10299/4662 5230/10313/4669
f 5224/10299/4662 5227/10302/4665 5230/10313/4669
f 5231/10131/4538 5234/10314/4671 5236/10315/4672 5235/10316/4673
f 5234/10317/4671 5238/10318/4674 5239/10319/4675 5236/10320/4672
f 5232/10122/4529 5237/10321/4676 5239/10319/4675 5238/10318/4674
f 5237/10322/4676 5241/10323/4677 5242/10324/4678 5239/10325/4675
f 5233/10126/4533 5240/10326/4679 5242/10324/4678 5241/10323/4677
f 5240/10326/4679 5235/10327/4673 5236/10328/4672 5242/10324/4678
f 5236/10328/4672 5239/10325/4675 5242/10324/4678
f 5243/10103/4515 5246/10329/4680 5248/10330/4681 5247/10331/4682
f 5246/10329/4680 5250/10332/4683 5251/10333/4684 5248/10330/4681
f 5244/10139/4546 5249/10334/4685 5251/10335/4684 5250/10336/4683
f 5249/10334/4685 5253/10337/4686 5254/10338/4687 5251/10335/4684
f 5245/10339/4688 5252/10340/4689 5254/10341/4687 5253/10342/4686
f 5252/10343/4689 5247/10331/4682 5248/10330/4681 5254/10344/4687
f 5251/10333/4684 5254/10344/4687 5248/10330/4681
f 5255/10128/4535 5258/10345/4690 5260/10346/4616 5259/10347/4691
f 5258/10348/4690 5262/10349/4692 5263/10350/4693 5260/10351/4616
f 5256/10125/4532 5261/10352/4694 5263/10350/4693 5262/10349/4692
f 5261/10352/4694 5265/10353/4695 5266/10354/4696 5263/10350/4693
f 5257/10138/4545 5264/10355/4697 5266/10356/4696 5265/10357/4695
f 5264/10355/4697 5259/10358/4691 5260/10359/4616 5266/10356/4696
f 5266/10354/4696 5260/10351/4616 5263/10350/4693
f 5132/10092/4507 5349/10091/4506 5348/10096/4506
f 5394/10360/4698 5271/10361/4699 5272/10362/4700 5269/10363/4701 5393/10364/4702
f 5267/10143/4550 5270/10365/4703 5272/10362/4700 5271/10361/4699
f 5270/10366/4703 5273/10367/4704 5274/10368/4705 5272/10369/4700
f 5274/10368/4705 5273/10367/4704 5268/10152/4559 5397/10370/4706 5396/10371/4707 5395/10372/4708
f 5269/10373/4701 5274/10368/4705 5395/10372/4708
f 5274/10368/4705 5269/10373/4701 5272/10369/4700
f 5275/10142/4549 5278/10374/4709 5280/10375/4710 5279/10376/4711
f 5278/10374/4709 5282/10377/4712 5283/10378/4638 5280/10375/4710
f 5276/10150/4557 5281/10379/4713 5283/10380/4638 5282/10381/4712
f 5281/10379/4713 5285/10382/4714 5286/10383/4715 5283/10380/4638
f 5277/10153/4560 5284/10384/4716 5286/10385/4715 5285/10386/4714
f 5284/10387/4716 5279/10376/4711 5280/10375/4710 5286/10388/4715
f 5286/10388/4715 5280/10375/4710 5283/10378/4638
f 5135/10095/4509 5132/10092/4507 5348/10096/4506
f 5399/10389/4717 5291/10390/4718 5289/10391/4719
f 5287/10155/4562 5290/10392/4720 5291/10390/4718 5399/10389/4717 5400/10393/4721 5401/10394/4722
f 5290/10392/4720 5293/10395/4723 5294/10396/4724 5291/10390/4718
f 5288/10156/4563 5292/10397/4725 5294/10398/4724 5293/10399/4723
f 5289/10400/4719 5294/10398/4724 5292/10397/4725 5402/10401/4726 5398/10402/4727
f 5291/10390/4718 5294/10396/4724 5289/10391/4719
f 5295/10149/4556 5298/10403/4728 5300/10404/4729 5299/10405/4730
f 5298/10406/4728 5302/10407/4731 5303/10408/4656 5300/10409/4729
f 5296/10157/4564 5301/10410/4732 5303/10408/4656 5302/10407/4731
f 5301/10410/4732 5305/10411/4733 5306/10412/4734 5303/10408/4656
f 5297/10154/4561 5304/10413/4735 5306/10414/4734 5305/10415/4733
f 5304/10416/4735 5299/10405/4730 5300/10404/4729 5306/10417/4734
f 5306/10412/4734 5300/10409/4729 5303/10408/4656
f 5367/10418/4534 5378/10419/4534 5220/10303/4666 5245/10339/4688
f 5311/10420/4736 5309/10421/4737 5403/10422/4738 5405/10423/4738
f 5407/10424/4739 5307/10147/4554 5310/10425/4740 5311/10426/4736 5405/10427/4741 5406/10428/4741
f 5310/10429/4740 5313/10430/4742 5314/10431/4743 5311/10432/4736
f 5308/10140/4547 5312/10433/4744 5314/10431/4743 5313/10430/4742
f 5312/10434/4744 5408/10435/4745 5404/10436/4746 5403/10422/4746 5309/10421/4737 5314/10437/4743
f 5309/10421/4737 5311/10420/4736 5314/10437/4743
f 5315/10151/4558 5318/10438/4747 5320/10439/4672 5319/10440/4748
f 5318/10441/4747 5322/10442/4749 5323/10443/4609 5320/10444/4672
f 5316/10141/4548 5321/10445/4750 5323/10443/4609 5322/10442/4749
f 5321/10446/4750 5325/10447/4751 5326/10448/4613 5323/10449/4609
f 5317/10146/4553 5324/10450/4752 5326/10448/4613 5325/10447/4751
f 5324/10450/4752 5319/10451/4748 5320/10452/4672 5326/10448/4613
f 5320/10452/4672 5323/10449/4609 5326/10448/4613
f 5350/10093/4508 5347/10453/4753 5352/10097/4506
f 5410/10454/4754 5331/10455/4755 5332/10456/4756 5329/10457/4757 5409/10458/4758
f 5327/10159/4566 5330/10459/4759 5332/10460/4756 5331/10461/4755
f 5330/10459/4759 5333/10462/4760 5334/10463/4761 5332/10460/4756
f 5411/10464/4762 5412/10465/4763 5334/10466/4761 5333/10467/4760 5328/10144/4551 5413/10468/4764
f 5329/10457/4757 5334/10469/4761 5412/10470/4763
f 5332/10456/4756 5334/10469/4761 5329/10457/4757
f 5335/10148/4555 5338/10471/4765 5340/10472/4766 5339/10473/4767
f 5338/10474/4765 5342/10475/4768 5343/10476/4619 5340/10477/4766
f 5336/10145/4552 5341/10478/4769 5343/10476/4619 5342/10475/4768
f 5341/10478/4769 5345/10479/4770 5346/10480/4771 5343/10476/4619
f 5337/10158/4565 5344/10481/4772 5346/10482/4771 5345/10483/4770
f 5344/10481/4772 5339/10484/4767 5340/10485/4766 5346/10482/4771
f 5346/10480/4771 5340/10477/4766 5343/10476/4619
f 5367/10185/4588 5139/10184/4587 5131/10161/4568 5378/10160/4567
f 5132/10092/4507 5135/10095/4509 5386/10173/4578 5382/10170/4575
f 5366/10181/4584 5136/10107/4519 5143/10106/4518 5374/10196/4597
f 5392/10204/4603 5144/10116/4525 5140/10119/4527 5389/10188/4591
f 5141/10183/4586 5415/10486/4773 5414/10487/4774 5139/10184/4587
f 5142/10488/4592 5416/10489/4775 5415/10490/4775 5141/10491/4586
f 5140/10119/4527 5363/10118/4526 5416/10492/4776 5142/10189/4592
f 5159/10111/4523 5163/10224/4617 5411/10493/4777 5413/10494/4777 5355/10112/4521
f 5145/10197/4598 5143/10106/4518 5356/10109/4521 5401/10495/4777 5400/10496/4777
f 5410/10497/4778 5168/10233/4624 5146/10201/4600
f 5146/10201/4600 5168/10233/4624 5161/10232/4623 5144/10116/4525
f 5417/10498/4779 5165/10229/4620 5160/10099/4511 5353/10098/4510
f 5169/10499/4621 5165/10500/4620 5417/10501/4780 5418/10502/4780
f 5364/10503/4781 5161/10232/4623 5169/10235/4621 5418/10504/4782
f 5159/10111/4523 5147/10110/4522 5151/10208/4607 5162/10222/4615
f 5162/10225/4615 5151/10220/4607 5156/10219/4614 5166/10226/4618
f 5166/10226/4618 5156/10219/4614 5149/10100/4512 5160/10099/4511
f 5419/10505/4783 5153/10214/4611 5148/10213/4610 5347/10453/4753
f 5420/10506/4784 5157/10507/4612 5153/10508/4611 5419/10509/4784
f 5354/10101/4513 5149/10100/4512 5157/10216/4612 5420/10510/4785
f 5422/10511/4786 5133/10162/4569 5131/10161/4568 5421/10512/4787
f 5423/10513/4788 5134/10514/4572 5133/10515/4569 5422/10516/4788
f 5350/10093/4508 5132/10092/4507 5134/10167/4572 5423/10517/4789
f 5136/10107/4519 5138/10180/4581 5396/10518/4790 5397/10519/4790 5358/10108/4520
f 5150/10206/4605 5147/10110/4522 5357/10113/4520 5407/10520/4790 5406/10521/4790
f 5137/10174/4579 5154/10210/4608 5408/10522/4791
f 5154/10210/4608 5137/10174/4579 5135/10095/4509 5148/10213/4610
f 5195/10102/4514 5171/10105/4517 5175/10240/4627 5198/10268/4643
f 5198/10271/4643 5175/10251/4627 5180/10250/4633 5202/10272/4646
f 5202/10272/4646 5180/10250/4633 5173/10132/4539 5196/10135/4542
f 5172/10124/4531 5183/10123/4530 5187/10255/4636 5177/10245/4630
f 5177/10245/4630 5187/10255/4636 5192/10266/4642 5181/10523/4631
f 5181/10247/4631 5192/10263/4642 5185/10133/4540 5173/10132/4539
f 5184/10130/4537 5207/10129/4536 5211/10285/4654 5189/10258/4639
f 5189/10258/4639 5211/10285/4654 5216/10296/4660 5193/10261/4640
f 5193/10265/4640 5216/10293/4660 5209/10134/4541 5185/10133/4540
f 5208/10137/4544 5197/10136/4543 5205/10280/4649 5213/10290/4657
f 5213/10290/4657 5205/10280/4649 5201/10524/4648 5217/10291/4658
f 5217/10295/4658 5201/10275/4648 5196/10135/4542 5209/10134/4541
f 5243/10103/4515 5195/10102/4514 5199/10270/4645 5246/10329/4680
f 5246/10329/4680 5199/10270/4645 5204/10525/4651 5250/10332/4683
f 5250/10336/4683 5204/10278/4651 5197/10136/4543 5244/10139/4546
f 5207/10129/4536 5255/10128/4535 5259/10347/4691 5210/10283/4652
f 5210/10286/4652 5259/10358/4691 5264/10355/4697 5214/10287/4655
f 5214/10287/4655 5264/10355/4697 5257/10138/4545 5208/10137/4544
f 5253/10342/4686 5261/10352/4694 5389/10526/4792
f 5261/10527/4694 5253/10337/4686 5249/10334/4685 5265/10357/4695
f 5265/10357/4695 5249/10334/4685 5244/10139/4546 5257/10138/4545
f 5219/10104/4516 5243/10103/4515 5247/10331/4682 5222/10298/4661
f 5222/10298/4661 5247/10331/4682 5252/10343/4689 5226/10301/4664
f 5226/10306/4664 5252/10340/4689 5245/10339/4688 5220/10303/4666
f 5255/10128/4535 5231/10131/4538 5235/10316/4673 5258/10345/4690
f 5258/10348/4690 5235/10327/4673 5240/10326/4679 5262/10349/4692
f 5262/10349/4692 5240/10326/4679 5233/10126/4533 5256/10125/4532
f 5232/10122/4529 5221/10121/4528 5229/10308/4668 5237/10321/4676
f 5237/10321/4676 5229/10308/4668 5225/10307/4667 5241/10528/4677
f 5382/10529/4785 5386/10530/4793 5241/10323/4677
f 5171/10105/4517 5219/10104/4516 5223/10300/4663 5174/10238/4625
f 5174/10238/4625 5223/10300/4663 5228/10312/4670 5178/10531/4628
f 5178/10242/4628 5228/10311/4670 5221/10121/4528 5172/10124/4531
f 5231/10131/4538 5184/10130/4537 5190/10260/4637 5234/10314/4671
f 5234/10317/4671 5190/10256/4637 5186/10253/4634 5238/10318/4674
f 5238/10318/4674 5186/10253/4634 5183/10123/4530 5232/10122/4529
f 5268/10152/4559 5287/10155/4562 5401/10394/4722 5356/10532/4794 5358/10533/4794 5397/10370/4706
f 5267/10143/4550 5275/10142/4549 5279/10376/4711 5270/10365/4703
f 5270/10365/4703 5279/10376/4711 5284/10387/4716 5273/10534/4704
f 5273/10367/4704 5284/10384/4716 5277/10153/4560 5268/10152/4559
f 5276/10150/4557 5295/10149/4556 5299/10405/4730 5281/10379/4713
f 5281/10379/4713 5299/10405/4730 5304/10416/4735 5285/10382/4714
f 5285/10386/4714 5304/10413/4735 5297/10154/4561 5277/10153/4560
f 5296/10157/4564 5288/10156/4563 5293/10399/4723 5301/10410/4732
f 5301/10410/4732 5293/10399/4723 5290/10535/4720 5305/10411/4733
f 5305/10415/4733 5290/10392/4720 5287/10155/4562 5297/10154/4561
f 5402/10536/4726 5292/10537/4725 5331/10455/4755 5410/10454/4754
f 5331/10461/4755 5292/10397/4725 5288/10156/4563 5327/10159/4566
f 5295/10149/4556 5335/10148/4555 5339/10473/4767 5298/10403/4728
f 5298/10406/4728 5339/10484/4767 5344/10481/4772 5302/10407/4731
f 5302/10407/4731 5344/10481/4772 5337/10158/4565 5296/10157/4564
f 5336/10145/4552 5328/10144/4551 5333/10467/4760 5341/10478/4769
f 5341/10538/4769 5333/10462/4760 5330/10459/4759 5345/10483/4770
f 5345/10483/4770 5330/10459/4759 5327/10159/4566 5337/10158/4565
f 5413/10468/4764 5328/10144/4551 5307/10147/4554 5407/10424/4739 5357/10539/4795 5355/10540/4795
f 5335/10148/4555 5315/10151/4558 5319/10440/4748 5338/10471/4765
f 5338/10474/4765 5319/10451/4748 5324/10450/4752 5342/10475/4768
f 5342/10475/4768 5324/10450/4752 5317/10146/4553 5336/10145/4552
f 5316/10141/4548 5308/10140/4547 5313/10430/4742 5321/10445/4750
f 5321/10445/4750 5313/10430/4742 5310/10429/4740 5325/10541/4751
f 5325/10447/4751 5310/10425/4740 5307/10147/4554 5317/10146/4553
f 5408/10435/4745 5312/10434/4744 5271/10542/4699 5394/10543/4698
f 5271/10361/4699 5312/10433/4744 5308/10140/4547 5267/10143/4550
f 5315/10151/4558 5276/10150/4557 5282/10381/4712 5318/10438/4747
f 5318/10441/4747 5282/10377/4712 5278/10374/4709 5322/10442/4749
f 5322/10442/4749 5278/10374/4709 5275/10142/4549 5316/10141/4548
f 5421/10512/4787 5131/10161/4568 5139/10184/4587 5414/10487/4774
f 5348/10544/4534 5349/10545/4534 5360/10546/4534 5359/10547/4534
f 5361/10548/4796 5351/10549/4796 5352/10550/4796 5362/10551/4796
f 5360/10552/4797 5349/10553/4797 5351/10554/4797 5361/10555/4797
f 5352/10556/4798 5348/10557/4798 5359/10558/4798 5362/10559/4798
f 5352/10097/4506 5351/10094/4506 5350/10093/4508
f 5360/10120/4524 5140/10119/4527 5359/10115/4524
f 5140/10119/4527 5144/10116/4525 5359/10115/4524
f 5148/10213/4610 5135/10095/4509 5352/10097/4506 5347/10453/4753
f 5364/10503/4781 5363/10118/4526 5362/10114/4524
f 5363/10118/4526 5361/10117/4524 5362/10114/4524
f 5353/10560/4799 5354/10561/4799 5347/10562/4799 5364/10563/4799
f 5261/10352/4694 5256/10125/4532 5373/10564/4800 5369/10565/4801
f 5380/10566/4802 5365/10567/4534 5233/10126/4533
f 5365/10567/4534 5366/10568/4534 5233/10126/4533
f 5374/10127/4534 5372/10569/4534 5256/10125/4532
f 5372/10569/4534 5373/10564/4800 5256/10125/4532
f 5233/10126/4533 5366/10568/4534 5374/10127/4534
f 5375/10570/4534 5376/10571/4803 5220/10303/4666
f 5245/10339/4688 5371/10572/4804 5370/10573/4534
f 5370/10573/4534 5368/10574/4805 5245/10339/4688
f 5368/10574/4805 5367/10418/4534 5245/10339/4688
f 5378/10419/4534 5379/10575/4806 5220/10303/4666
f 5379/10575/4806 5375/10570/4534 5220/10303/4666
f 5233/10126/4533 5241/10323/4677 5377/10576/4807 5380/10566/4802
f 5395/10577/4808 5396/10578/4809 5138/10176/4581 5137/10174/4579
f 5161/10232/4623 5364/10503/4781 5362/10114/4524 5144/10116/4525
f 5329/10579/4810 5412/10580/4811 5168/10581/4624
f 5146/10582/4600 5399/10583/4812 5289/10584/4813
f 5146/10201/4600 5289/10585/4813 5398/10586/4814
f 5409/10587/4815 5329/10588/4810 5168/10233/4624
f 5410/10497/4778 5409/10587/4815 5168/10233/4624
f 5146/10201/4600 5398/10586/4814 5402/10589/4778
f 5402/10589/4778 5410/10497/4778 5146/10201/4600
f 5400/10590/4778 5399/10591/4812 5146/10201/4600 5145/10200/4598
f 5411/10592/4778 5163/10236/4617 5168/10233/4624 5412/10593/4811
f 5269/10594/4816 5395/10595/4808 5137/10596/4579
f 5154/10597/4608 5405/10598/4817 5403/10599/4818
f 5154/10210/4608 5403/10600/4818 5404/10601/4819
f 5393/10602/4820 5269/10603/4816 5137/10174/4579
f 5394/10604/4821 5393/10602/4820 5137/10174/4579
f 5154/10210/4608 5404/10601/4819 5408/10522/4791
f 5408/10522/4791 5394/10604/4821 5137/10174/4579
f 5388/10605/4822 5371/10572/4804 5253/10342/4686
f 5371/10572/4804 5245/10339/4688 5253/10342/4686
f 5390/10606/4822 5391/10607/4779 5261/10352/4694
f 5391/10607/4779 5392/10608/4779 5261/10352/4694
f 5261/10352/4694 5369/10565/4801 5390/10606/4822
f 5389/10526/4792 5387/10609/4779 5253/10342/4686
f 5387/10609/4779 5388/10605/4822 5253/10342/4686
f 5261/10352/4694 5392/10608/4779 5389/10526/4792
f 5385/10610/4823 5377/10576/4807 5241/10323/4677
f 5225/10304/4667 5220/10303/4666 5376/10571/4803
f 5381/10611/4823 5383/10612/4793 5225/10304/4667
f 5383/10612/4793 5382/10529/4785 5225/10304/4667
f 5225/10304/4667 5376/10571/4803 5381/10611/4823
f 5386/10530/4793 5384/10613/4793 5241/10323/4677
f 5384/10613/4793 5385/10610/4823 5241/10323/4677
f 5225/10304/4667 5382/10529/4785 5241/10323/4677
f 5423/10614/4799 5422/10615/4799 5421/10616/4799
f 5414/10617/4799 5415/10618/4799 5416/10619/4799
f 5363/10620/4799 5414/10617/4799 5416/10619/4799
f 5406/10621/4809 5405/10622/4817 5154/10210/4608 5150/10209/4605
f 5364/10563/4799 5418/10623/4799 5353/10560/4799
f 5363/10620/4799 5350/10624/4799 5421/10616/4799 5414/10617/4799
f 5418/10623/4799 5417/10625/4799 5353/10560/4799
f 5354/10561/4799 5420/10626/4799 5419/10627/4799
f 5347/10562/4799 5354/10561/4799 5419/10627/4799
f 5350/10624/4799 5423/10614/4799 5421/10616/4799
f 5347/10562/4799 5350/10624/4799 5363/10620/4799 5364/10563/4799
o Upper_Rail_low
v -0.095000 0.070000 0.010500
v -0.095000 0.073000 0.010500
v -0.095000 0.070000 -0.010500
v -0.095000 0.073000 -0.010500
v -0.085000 0.070000 0.010500
v -0.085000 0.070000 -0.010500
v -0.092500 0.073000 0.010300
v -0.092500 0.076000 0.010300
v -0.092500 0.073000 -0.010300
v -0.092500 0.076000 -0.010300
v -0.087500 0.073000 0.010300
v -0.087500 0.076000 0.010300
v -0.087500 0.073000 -0.010300
v -0.087500 0.076000 -0.010300
v -0.085000 0.073000 0.010500
v -0.085000 0.073000 -0.010500
v -0.075000 0.073000 0.010500
v -0.075000 0.070000 -0.010500
v -0.075000 0.073000 -0.010500
v -0.082500 0.073000 0.010300
v -0.082500 0.076000 0.010300
v -0.082500 0.073000 -0.010300
v -0.082500 0.076000 -0.010300
v -0.077500 0.073000 0.010300
v -0.077500 0.076000 0.010300
v -0.077500 0.073000 -0.010300
v -0.077500 0.076000 -0.010300
v -0.075000 0.070000 0.010500
v -0.065000 0.073000 0.010500
v -0.072500 0.073000 0.010300
v -0.072500 0.076000 0.010300
v -0.072500 0.073000 -0.010300
v -0.072500 0.076000 -0.010300
v -0.067500 0.073000 0.010300
v -0.067500 0.076000 0.010300
v -0.067500 0.073000 -0.010300
v -0.067500 0.076000 -0.010300
v -0.065000 0.070000 0.010500
v -0.065000 0.070000 -0.010500
v -0.065000 0.073000 -0.010500
v -0.055000 0.073000 0.010500
v -0.062500 0.073000 0.010300
v -0.062500 0.076000 0.010300
v -0.062500 0.073000 -0.010300
v -0.062500 0.076000 -0.010300
v -0.057500 0.073000 0.010300
v -0.057500 0.076000 0.010300
v -0.057500 0.073000 -0.010300
v -0.057500 0.076000 -0.010300
v -0.055000 0.070000 0.010500
v -0.055000 0.070000 -0.010500
v -0.055000 0.073000 -0.010500
v -0.045000 0.070000 0.010500
v -0.045000 0.073000 -0.010500
v -0.052500 0.073000 0.010300
v -0.052500 0.076000 0.010300
v -0.052500 0.073000 -0.010300
v -0.052500 0.076000 -0.010300
v -0.047500 0.073000 0.010300
v -0.047500 0.076000 0.010300
v -0.047500 0.073000 -0.010300
v -0.047500 0.076000 -0.010300
v -0.045000 0.073000 0.010500
v -0.045000 0.070000 -0.010500
v -0.035000 0.070000 0.010500
v -0.035000 0.073000 0.010500
v -0.042500 0.073000 0.010300
v -0.042500 0.076000 0.010300
v -0.042500 0.073000 -0.010300
v -0.042500 0.076000 -0.010300
v -0.037500 0.073000 0.010300
v -0.037500 0.076000 0.010300
v -0.037500 0.073000 -0.010300
v -0.037500 0.076000 -0.010300
v -0.035000 0.070000 -0.010500
v -0.035000 0.073000 -0.010500
v -0.025000 0.070000 0.010500
v -0.032500 0.073000 0.010300
v -0.032500 0.076000 0.010300
v -0.032500 0.073000 -0.010300
v -0.032500 0.076000 -0.010300
v -0.027500 0.073000 0.010300
v -0.027500 0.076000 0.010300
v -0.027500 0.073000 -0.010300
v -0.027500 0.076000 -0.010300
v -0.025000 0.073000 0.010500
v -0.025000 0.070000 -0.010500
v -0.025000 0.073000 -0.010500
v -0.015000 0.070000 0.010500
v -0.015000 0.073000 0.010500
v -0.015000 0.070000 -0.010500
v -0.022500 0.073000 0.010300
v -0.022500 0.076000 0.010300
v -0.022500 0.073000 -0.010300
v -0.022500 0.076000 -0.010300
v -0.017500 0.073000 0.010300
v -0.017500 0.076000 0.010300
v -0.017500 0.073000 -0.010300
v -0.017500 0.076000 -0.010300
v -0.015000 0.073000 -0.010500
v -0.005000 0.070000 0.010500
v -0.005000 0.073000 0.010500
v -0.012500 0.073000 0.010300
v -0.012500 0.076000 0.010300
v -0.012500 0.073000 -0.010300
v -0.012500 0.076000 -0.010300
v -0.007500 0.073000 0.010300
v -0.007500 0.076000 0.010300
v -0.007500 0.073000 -0.010300
v -0.007500 0.076000 -0.010300
v -0.005000 0.070000 -0.010500
v -0.005000 0.073000 -0.010500
v 0.005000 0.073000 0.010500
v -0.002500 0.073000 0.010300
v -0.002500 0.076000 0.010300
v -0.002500 0.073000 -0.010300
v -0.002500 0.076000 -0.010300
v 0.002500 0.073000 0.010300
v 0.002500 0.076000 0.010300
v 0.002500 0.073000 -0.010300
v 0.002500 0.076000 -0.010300
v 0.005000 0.070000 0.010500
v 0.005000 0.070000 -0.010500
v 0.005000 0.073000 -0.010500
v 0.015000 0.070000 0.010500
v 0.015000 0.070000 -0.010500
v 0.015000 0.073000 -0.010500
v 0.007500 0.073000 0.010300
v 0.007500 0.076000 0.010300
v 0.007500 0.073000 -0.010300
v 0.007500 0.076000 -0.010300
v 0.012500 0.073000 0.010300
v 0.012500 0.076000 0.010300
v 0.012500 0.073000 -0.010300
v 0.012500 0.076000 -0.010300
v 0.015000 0.073000 0.010500
v 0.025000 0.070000 0.010500
v 0.025000 0.073000 -0.010500
v 0.017500 0.073000 0.010300
v 0.017500 0.076000 0.010300
v 0.017500 0.073000 -0.010300
v 0.017500 0.076000 -0.010300
v 0.022500 0.073000 0.010300
v 0.022500 0.076000 0.010300
v 0.022500 0.073000 -0.010300
v 0.022500 0.076000 -0.010300
v 0.025000 0.073000 0.010500
v 0.025000 0.070000 -0.010500
v 0.035000 0.070000 0.010500
v 0.027500 0.073000 0.010300
v 0.027500 0.076000 0.010300
v 0.027500 0.073000 -0.010300
v 0.027500 0.076000 -0.010300
v 0.032500 0.073000 0.010300
v 0.032500 0.076000 0.010300
v 0.032500 0.073000 -0.010300
v 0.032500 0.076000 -0.010300
v 0.035000 0.073000 0.010500
v 0.035000 0.070000 -0.010500
v 0.035000 0.073000 -0.010500
v 0.045000 0.070000 0.010500
v 0.045000 0.073000 0.010500
v 0.037500 0.073000 0.010300
v 0.037500 0.076000 0.010300
v 0.037500 0.073000 -0.010300
v 0.037500 0.076000 -0.010300
v 0.042500 0.073000 0.010300
v 0.042500 0.076000 0.010300
v 0.042500 0.073000 -0.010300
v 0.042500 0.076000 -0.010300
v 0.045000 0.070000 -0.010500
v 0.045000 0.073000 -0.010500
v 0.047500 0.073000 0.010300
v 0.047500 0.076000 0.010300
v 0.047500 0.073000 -0.010300
v 0.047500 0.076000 -0.010300
v 0.052500 0.073000 0.010300
v 0.052500 0.076000 0.010300
v 0.052500 0.073000 -0.010300
v 0.052500 0.076000 -0.010300
v 0.055000 0.070000 0.010500
v 0.055000 0.073000 0.010500
v 0.055000 0.070000 -0.010500
v 0.055000 0.073000 -0.010500
v 0.065000 0.070000 0.010500
v 0.065000 0.073000 0.010500
v 0.065000 0.070000 -0.010500
v 0.065000 0.073000 -0.010500
v 0.057500 0.073000 0.010300
v 0.057500 0.076000 0.010300
v 0.057500 0.073000 -0.010300
v 0.057500 0.076000 -0.010300
v 0.062500 0.073000 0.010300
v 0.062500 0.076000 0.010300
v 0.062500 0.073000 -0.010300
v 0.062500 0.076000 -0.010300
v 0.075000 0.073000 0.010500
v 0.067500 0.073000 0.010300
v 0.067500 0.076000 0.010300
v 0.067500 0.073000 -0.010300
v 0.067500 0.076000 -0.010300
v 0.072500 0.073000 0.010300
v 0.072500 0.076000 0.010300
v 0.072500 0.073000 -0.010300
v 0.072500 0.076000 -0.010300
v 0.075000 0.070000 0.010500
v 0.075000 0.070000 -0.010500
v 0.075000 0.073000 -0.010500
v 0.085000 0.070000 0.010500
v 0.085000 0.070000 -0.010500
v 0.085000 0.073000 -0.010500
v 0.077500 0.073000 0.010300
v 0.077500 0.076000 0.010300
v 0.077500 0.073000 -0.010300
v 0.077500 0.076000 -0.010300
v 0.082500 0.073000 0.010300
v 0.082500 0.076000 0.010300
v 0.082500 0.073000 -0.010300
v 0.082500 0.076000 -0.010300
v 0.085000 0.073000 0.010500
v 0.095000 0.073000 -0.010500
v 0.087500 0.073000 0.010300
v 0.087500 0.076000 0.010300
v 0.087500 0.073000 -0.010300
v 0.087500 0.076000 -0.010300
v 0.092500 0.073000 0.010300
v 0.092500 0.076000 0.010300
v 0.092500 0.073000 -0.010300
v 0.092500 0.076000 -0.010300
v 0.095000 0.070000 0.010500
v 0.095000 0.073000 0.010500
v 0.095000 0.070000 -0.010500
v 0.105000 0.070000 0.010500
v 0.105000 0.070000 -0.010500
v 0.097500 0.073000 0.010300
v 0.097500 0.076000 0.010300
v 0.097500 0.073000 -0.010300
v 0.097500 0.076000 -0.010300
v 0.102500 0.073000 0.010300
v 0.102500 0.076000 0.010300
v 0.102500 0.073000 -0.010300
v 0.102500 0.076000 -0.010300
v 0.105000 0.073000 0.010500
v 0.105000 0.073000 -0.010500
v 0.115000 0.073000 0.010500
v 0.115000 0.073000 -0.010500
v 0.107500 0.073000 0.010300
v 0.107500 0.076000 0.010300
v 0.107500 0.073000 -0.010300
v 0.107500 0.076000 -0.010300
v 0.112500 0.073000 0.010300
v 0.112500 0.076000 0.010300
v 0.112500 0.073000 -0.010300
v 0.112500 0.076000 -0.010300
v 0.115000 0.070000 0.010500
v 0.115000 0.070000 -0.010500
v 0.125000 0.073000 0.010500
v 0.125000 0.070000 -0.010500
v 0.117500 0.073000 0.010300
v 0.117500 0.076000 0.010300
v 0.117500 0.073000 -0.010300
v 0.117500 0.076000 -0.010300
v 0.122500 0.073000 0.010300
v 0.122500 0.076000 0.010300
v 0.122500 0.073000 -0.010300
v 0.122500 0.076000 -0.010300
v 0.125000 0.070000 0.010500
v 0.125000 0.073000 -0.010500
v 0.135000 0.070000 0.010500
v 0.135000 0.073000 0.010500
v 0.135000 0.070000 -0.010500
v 0.135000 0.073000 -0.010500
v 0.127500 0.073000 0.010300
v 0.127500 0.076000 0.010300
v 0.127500 0.073000 -0.010300
v 0.127500 0.076000 -0.010300
v 0.132500 0.073000 0.010300
v 0.132500 0.076000 0.010300
v 0.132500 0.073000 -0.010300
v 0.132500 0.076000 -0.010300
vn -1.0000 -0.0000 -0.0000
vn -0.0000 -0.0000 -1.0000
vn -0.0000 -0.0000 1.0000
vn -0.0000 -1.0000 -0.0000
vn -0.0000 1.0000 -0.0000
vn 1.0000 -0.0000 -0.0000
vt 0.905149 0.474626
vt 0.902231 0.474626
vt 0.902231 0.454202
vt 0.905149 0.454202
vt 0.694573 0.228008
vt 0.691655 0.228008
vt 0.691655 0.218282
vt 0.694573 0.218282
vt 0.706135 0.014048
vt 0.703217 0.014048
vt 0.703217 0.004322
vt 0.706135 0.004322
vt 0.556082 0.004322
vt 0.556082 0.014048
vt 0.535659 0.014048
vt 0.535659 0.004322
vt 0.556082 0.450612
vt 0.556082 0.460338
vt 0.535659 0.460338
vt 0.535659 0.450612
vt 0.381448 0.908626
vt 0.378530 0.908626
vt 0.378530 0.888592
vt 0.381448 0.888592
vt 0.973458 0.340838
vt 0.970541 0.340838
vt 0.970541 0.335975
vt 0.973458 0.335975
vt 0.909156 0.386722
vt 0.906238 0.386722
vt 0.906238 0.366688
vt 0.909156 0.366688
vt 0.973458 0.357371
vt 0.970541 0.357371
vt 0.970541 0.352509
vt 0.973458 0.352509
vt 0.867197 0.840019
vt 0.862335 0.840019
vt 0.862335 0.819984
vt 0.867197 0.819984
vt 0.837551 0.867829
vt 0.832688 0.867829
vt 0.832688 0.847795
vt 0.837551 0.847795
vt 0.691655 0.208557
vt 0.694573 0.208557
vt 0.706135 0.023773
vt 0.703217 0.023773
vt 0.556082 0.023773
vt 0.535659 0.023773
vt 0.556082 0.440887
vt 0.535659 0.440887
vt 0.909231 0.195287
vt 0.906313 0.195287
vt 0.906313 0.175252
vt 0.909231 0.175252
vt 0.970940 0.025718
vt 0.968023 0.025718
vt 0.968023 0.020855
vt 0.970940 0.020855
vt 0.909416 0.417060
vt 0.906498 0.417060
vt 0.906498 0.397025
vt 0.909416 0.397025
vt 0.970940 0.012211
vt 0.968023 0.012211
vt 0.968023 0.007348
vt 0.970940 0.007348
vt 0.862596 0.651069
vt 0.857734 0.651069
vt 0.857734 0.631034
vt 0.862596 0.631034
vt 0.862635 0.162957
vt 0.857773 0.162957
vt 0.857773 0.142922
vt 0.862635 0.142922
vt 0.691655 0.198831
vt 0.694573 0.198831
vt 0.706135 0.033498
vt 0.703217 0.033498
vt 0.556082 0.033498
vt 0.535659 0.033498
vt 0.556082 0.431161
vt 0.535659 0.431161
vt 0.205792 0.910152
vt 0.202874 0.910152
vt 0.202874 0.890118
vt 0.205792 0.890118
vt 0.418499 0.971244
vt 0.415582 0.971244
vt 0.415582 0.966381
vt 0.418499 0.966381
vt 0.007240 0.910512
vt 0.004322 0.910512
vt 0.004322 0.890478
vt 0.007240 0.890478
vt 0.971477 0.635897
vt 0.968559 0.635897
vt 0.968559 0.631034
vt 0.971477 0.631034
vt 0.863105 0.088162
vt 0.858243 0.088162
vt 0.858243 0.068127
vt 0.863105 0.068127
vt 0.863105 0.059483
vt 0.858243 0.059483
vt 0.858243 0.039449
vt 0.863105 0.039449
vt 0.691655 0.189106
vt 0.694573 0.189106
vt 0.706135 0.043224
vt 0.703217 0.043224
vt 0.556082 0.043224
vt 0.535659 0.043224
vt 0.556082 0.421436
vt 0.535659 0.421436
vt 0.018802 0.910512
vt 0.015884 0.910512
vt 0.015884 0.890478
vt 0.018802 0.890478
vt 0.973681 0.503898
vt 0.970764 0.503898
vt 0.970764 0.499035
vt 0.973681 0.499035
vt 0.030745 0.911026
vt 0.027827 0.911026
vt 0.027827 0.890992
vt 0.030745 0.890992
vt 0.120320 0.973722
vt 0.117402 0.973722
vt 0.117402 0.968860
vt 0.120320 0.968860
vt 0.138348 0.869948
vt 0.133485 0.869948
vt 0.133485 0.849913
vt 0.138348 0.849913
vt 0.870417 0.304168
vt 0.865555 0.304168
vt 0.865555 0.284134
vt 0.870417 0.284134
vt 0.691655 0.179380
vt 0.694573 0.179380
vt 0.706135 0.052949
vt 0.703217 0.052949
vt 0.556082 0.052949
vt 0.535659 0.052949
vt 0.556082 0.411710
vt 0.535659 0.411710
vt 0.191977 0.911141
vt 0.189060 0.911141
vt 0.189060 0.891107
vt 0.191977 0.891107
vt 0.973903 0.434066
vt 0.970986 0.434066
vt 0.970986 0.429204
vt 0.973903 0.429204
vt 0.685466 0.911158
vt 0.682548 0.911158
vt 0.682548 0.891124
vt 0.685466 0.891124
vt 0.086976 0.974117
vt 0.084058 0.974117
vt 0.084058 0.969254
vt 0.086976 0.969254
vt 0.870580 0.386722
vt 0.865717 0.386722
vt 0.865717 0.366688
vt 0.870580 0.366688
vt 0.870655 0.195287
vt 0.865792 0.195287
vt 0.865792 0.175252
vt 0.870655 0.175252
vt 0.691655 0.169655
vt 0.694573 0.169655
vt 0.706135 0.062675
vt 0.703217 0.062675
vt 0.556082 0.062675
vt 0.535659 0.062675
vt 0.556082 0.401985
vt 0.535659 0.401985
vt 0.697028 0.911158
vt 0.694110 0.911158
vt 0.694110 0.891124
vt 0.697028 0.891124
vt 0.722172 0.974309
vt 0.719255 0.974309
vt 0.719255 0.969446
vt 0.722172 0.969446
vt 0.911320 0.612104
vt 0.908402 0.612104
vt 0.908402 0.592069
vt 0.911320 0.592069
vt 0.710611 0.974309
vt 0.707693 0.974309
vt 0.707693 0.969446
vt 0.710611 0.969446
vt 0.870840 0.417060
vt 0.865977 0.417060
vt 0.865977 0.397025
vt 0.870840 0.397025
vt 0.743207 0.870971
vt 0.738344 0.870971
vt 0.738344 0.850937
vt 0.743207 0.850937
vt 0.691655 0.159930
vt 0.694573 0.159930
vt 0.706135 0.072400
vt 0.703217 0.072400
vt 0.556082 0.072400
vt 0.535659 0.072400
vt 0.556082 0.392259
vt 0.535659 0.392259
vt 0.911320 0.583425
vt 0.908402 0.583425
vt 0.908402 0.563390
vt 0.911320 0.563390
vt 0.974922 0.825236
vt 0.972005 0.825236
vt 0.972005 0.820374
vt 0.974922 0.820374
vt 0.667877 0.911858
vt 0.664959 0.911858
vt 0.664959 0.891824
vt 0.667877 0.891824
vt 0.974922 0.870340
vt 0.972005 0.870340
vt 0.972005 0.865477
vt 0.974922 0.865477
vt 0.872744 0.612104
vt 0.867882 0.612104
vt 0.867882 0.592069
vt 0.872744 0.592069
vt 0.872744 0.583425
vt 0.867882 0.583425
vt 0.867882 0.563390
vt 0.872744 0.563390
vt 0.691655 0.150204
vt 0.694573 0.150204
vt 0.706135 0.082126
vt 0.703217 0.082126
vt 0.556082 0.082126
vt 0.535659 0.082126
vt 0.556082 0.382534
vt 0.535659 0.382534
vt 0.911987 0.232605
vt 0.909069 0.232605
vt 0.909069 0.212570
vt 0.911987 0.212570
vt 0.874359 0.246811
vt 0.871442 0.246811
vt 0.871442 0.241948
vt 0.874359 0.241948
vt 0.912465 0.766403
vt 0.909547 0.766403
vt 0.909547 0.746368
vt 0.912465 0.746368
vt 0.885921 0.246811
vt 0.883004 0.246811
vt 0.883004 0.241948
vt 0.885921 0.241948
vt 0.843641 0.195287
vt 0.838778 0.195287
vt 0.838778 0.175252
vt 0.843641 0.175252
vt 0.843826 0.417060
vt 0.838964 0.417060
vt 0.838964 0.397025
vt 0.843826 0.397025
vt 0.691655 0.140479
vt 0.694573 0.140479
vt 0.706135 0.091851
vt 0.703217 0.091851
vt 0.556082 0.091851
vt 0.535659 0.091851
vt 0.556082 0.372809
vt 0.535659 0.372809
vt 0.418499 0.912634
vt 0.415582 0.912634
vt 0.415582 0.892599
vt 0.418499 0.892599
vt 0.906710 0.779962
vt 0.903792 0.779962
vt 0.903792 0.775100
vt 0.906710 0.775100
vt 0.913168 0.727151
vt 0.910250 0.727151
vt 0.910250 0.707117
vt 0.913168 0.707117
vt 0.918271 0.779962
vt 0.915354 0.779962
vt 0.915354 0.775100
vt 0.918271 0.775100
vt 0.122265 0.844139
vt 0.117402 0.844139
vt 0.117402 0.824105
vt 0.122265 0.824105
vt 0.087909 0.844534
vt 0.083046 0.844534
vt 0.083046 0.824499
vt 0.087909 0.824499
vt 0.691655 0.130753
vt 0.694573 0.130753
vt 0.706135 0.101577
vt 0.703217 0.101577
vt 0.556082 0.101577
vt 0.535659 0.101577
vt 0.556082 0.363083
vt 0.535659 0.363083
vt 0.913168 0.698473
vt 0.910250 0.698473
vt 0.910250 0.678438
vt 0.913168 0.678438
vt 0.929833 0.779962
vt 0.926916 0.779962
vt 0.926916 0.775100
vt 0.929833 0.775100
vt 0.494167 0.913729
vt 0.491249 0.913729
vt 0.491249 0.893695
vt 0.494167 0.893695
vt 0.941395 0.779962
vt 0.938478 0.779962
vt 0.938478 0.775100
vt 0.941395 0.775100
vt 0.845730 0.583425
vt 0.840868 0.583425
vt 0.840868 0.563390
vt 0.845730 0.563390
vt 0.845730 0.612104
vt 0.840868 0.612104
vt 0.840868 0.592069
vt 0.845730 0.592069
vt 0.691655 0.121028
vt 0.694573 0.121028
vt 0.706135 0.111302
vt 0.703217 0.111302
vt 0.556082 0.111302
vt 0.535659 0.111302
vt 0.556082 0.353358
vt 0.535659 0.353358
vt 0.914143 0.024357
vt 0.911225 0.024357
vt 0.911225 0.004322
vt 0.914143 0.004322
vt 0.966027 0.387975
vt 0.963110 0.387975
vt 0.963110 0.383112
vt 0.966027 0.383112
vt 0.914679 0.651069
vt 0.911762 0.651069
vt 0.911762 0.631034
vt 0.914679 0.631034
vt 0.966102 0.178736
vt 0.963185 0.178736
vt 0.963185 0.173873
vt 0.966102 0.173873
vt 0.163365 0.846004
vt 0.158503 0.846004
vt 0.158503 0.825969
vt 0.163365 0.825969
vt 0.176872 0.846004
vt 0.172010 0.846004
vt 0.172010 0.825969
vt 0.176872 0.825969
vt 0.691655 0.111302
vt 0.694573 0.111302
vt 0.706135 0.121028
vt 0.703217 0.121028
vt 0.556082 0.121028
vt 0.535659 0.121028
vt 0.556082 0.343632
vt 0.535659 0.343632
vt 0.914718 0.162957
vt 0.911800 0.162957
vt 0.911800 0.142922
vt 0.914718 0.142922
vt 0.440835 0.966203
vt 0.437917 0.966203
vt 0.437917 0.961341
vt 0.440835 0.961341
vt 0.510905 0.914759
vt 0.507987 0.914759
vt 0.507987 0.894724
vt 0.510905 0.894724
vt 0.045945 0.966393
vt 0.043028 0.966393
vt 0.043028 0.961530
vt 0.045945 0.961530
vt 0.846397 0.232605
vt 0.841534 0.232605
vt 0.841534 0.212570
vt 0.846397 0.212570
vt 0.846875 0.766403
vt 0.842012 0.766403
vt 0.842012 0.746368
vt 0.846875 0.746368
vt 0.691655 0.101577
vt 0.694573 0.101577
vt 0.706135 0.130753
vt 0.703217 0.130753
vt 0.556082 0.130753
vt 0.535659 0.130753
vt 0.556082 0.333907
vt 0.535659 0.333907
vt 0.915188 0.088162
vt 0.912271 0.088162
vt 0.912271 0.068127
vt 0.915188 0.068127
vt 0.069639 0.966393
vt 0.066721 0.966393
vt 0.066721 0.961530
vt 0.069639 0.961530
vt 0.915188 0.059483
vt 0.912271 0.059483
vt 0.912271 0.039449
vt 0.915188 0.039449
vt 0.564061 0.966494
vt 0.561144 0.966494
vt 0.561144 0.961631
vt 0.564061 0.961631
vt 0.847578 0.698473
vt 0.842716 0.698473
vt 0.842716 0.678438
vt 0.847578 0.678438
vt 0.847578 0.727151
vt 0.842716 0.727151
vt 0.842716 0.707117
vt 0.847578 0.707117
vt 0.691655 0.091851
vt 0.694573 0.091851
vt 0.706135 0.140479
vt 0.703217 0.140479
vt 0.556082 0.140479
vt 0.535659 0.140479
vt 0.556082 0.324181
vt 0.535659 0.324181
vt 0.722172 0.915698
vt 0.719255 0.915698
vt 0.719255 0.895664
vt 0.722172 0.895664
vt 0.979753 0.571297
vt 0.976836 0.571297
vt 0.976836 0.566434
vt 0.979753 0.566434
vt 0.710611 0.915698
vt 0.707693 0.915698
vt 0.707693 0.895664
vt 0.710611 0.895664
vt 0.122858 0.993217
vt 0.119941 0.993217
vt 0.119941 0.988355
vt 0.122858 0.988355
vt 0.191977 0.882463
vt 0.187115 0.882463
vt 0.187115 0.862428
vt 0.191977 0.862428
vt 0.687411 0.882479
vt 0.682548 0.882479
vt 0.682548 0.862445
vt 0.687411 0.862445
vt 0.691655 0.082126
vt 0.694573 0.082126
vt 0.706135 0.150204
vt 0.703217 0.150204
vt 0.556082 0.150204
vt 0.535659 0.150204
vt 0.556082 0.314456
vt 0.535659 0.314456
vt 0.916175 0.116841
vt 0.913257 0.116841
vt 0.913257 0.096806
vt 0.916175 0.096806
vt 0.134420 0.993217
vt 0.131502 0.993217
vt 0.131502 0.988355
vt 0.134420 0.988355
vt 0.100220 0.916327
vt 0.097303 0.916327
vt 0.097303 0.896293
vt 0.100220 0.896293
vt 0.145982 0.993217
vt 0.143064 0.993217
vt 0.143064 0.988355
vt 0.145982 0.988355
vt 0.669822 0.883180
vt 0.664959 0.883180
vt 0.664959 0.863145
vt 0.669822 0.863145
vt 0.883924 0.304168
vt 0.879062 0.304168
vt 0.879062 0.284134
vt 0.883924 0.284134
vt 0.691655 0.072400
vt 0.694573 0.072400
vt 0.706135 0.159930
vt 0.703217 0.159930
vt 0.556082 0.159930
vt 0.535659 0.159930
vt 0.556082 0.304730
vt 0.535659 0.304730
vt 0.288064 0.916391
vt 0.285146 0.916391
vt 0.285146 0.896357
vt 0.288064 0.896357
vt 0.157544 0.993217
vt 0.154626 0.993217
vt 0.154626 0.988355
vt 0.157544 0.988355
vt 0.304033 0.916432
vt 0.301115 0.916432
vt 0.301115 0.896398
vt 0.304033 0.896398
vt 0.007240 0.993217
vt 0.004322 0.993217
vt 0.004322 0.988355
vt 0.007240 0.988355
vt 0.420445 0.883955
vt 0.415582 0.883955
vt 0.415582 0.863921
vt 0.420445 0.863921
vt 0.884087 0.386722
vt 0.879224 0.386722
vt 0.879224 0.366688
vt 0.884087 0.366688
vt 0.691655 0.062675
vt 0.694573 0.062675
vt 0.706135 0.169655
vt 0.703217 0.169655
vt 0.556082 0.169655
vt 0.535659 0.169655
vt 0.556082 0.295005
vt 0.535659 0.295005
vt 0.916596 0.274128
vt 0.913679 0.274128
vt 0.913679 0.254094
vt 0.916596 0.254094
vt 0.169106 0.993217
vt 0.166188 0.993217
vt 0.166188 0.988355
vt 0.169106 0.988355
vt 0.325258 0.916623
vt 0.322340 0.916623
vt 0.322340 0.896589
vt 0.325258 0.896589
vt 0.180667 0.993217
vt 0.177750 0.993217
vt 0.177750 0.988355
vt 0.180667 0.988355
vt 0.884162 0.195287
vt 0.879299 0.195287
vt 0.879299 0.175252
vt 0.884162 0.175252
vt 0.884347 0.417060
vt 0.879484 0.417060
vt 0.879484 0.397025
vt 0.884347 0.397025
vt 0.691655 0.052949
vt 0.694573 0.052949
vt 0.706135 0.179380
vt 0.703217 0.179380
vt 0.556082 0.179380
vt 0.535659 0.179380
vt 0.556082 0.285279
vt 0.535659 0.285279
vt 0.916661 0.357371
vt 0.913743 0.357371
vt 0.913743 0.337337
vt 0.916661 0.337337
vt 0.192229 0.993217
vt 0.189312 0.993217
vt 0.189312 0.988355
vt 0.192229 0.988355
vt 0.916687 0.554174
vt 0.913769 0.554174
vt 0.913769 0.534140
vt 0.916687 0.534140
vt 0.203791 0.993217
vt 0.200873 0.993217
vt 0.200873 0.988355
vt 0.203791 0.988355
vt 0.496112 0.885050
vt 0.491249 0.885050
vt 0.491249 0.865016
vt 0.496112 0.865016
vt 0.512850 0.886080
vt 0.507987 0.886080
vt 0.507987 0.866045
vt 0.512850 0.866045
vt 0.691655 0.043224
vt 0.694573 0.043224
vt 0.706135 0.189106
vt 0.703217 0.189106
vt 0.556082 0.189106
vt 0.535659 0.189106
vt 0.556082 0.275554
vt 0.535659 0.275554
vt 0.916711 0.474237
vt 0.913793 0.474237
vt 0.913793 0.454202
vt 0.916711 0.454202
vt 0.215353 0.993217
vt 0.212435 0.993217
vt 0.212435 0.988355
vt 0.215353 0.988355
vt 0.916884 0.516043
vt 0.913966 0.516043
vt 0.913966 0.496009
vt 0.916884 0.496009
vt 0.226915 0.993217
vt 0.223997 0.993217
vt 0.223997 0.988355
vt 0.226915 0.988355
vt 0.886251 0.583425
vt 0.881389 0.583425
vt 0.881389 0.563390
vt 0.886251 0.563390
vt 0.886251 0.612104
vt 0.881388 0.612104
vt 0.881388 0.592069
vt 0.886251 0.592069
vt 0.691655 0.033499
vt 0.694573 0.033499
vt 0.706135 0.198831
vt 0.703217 0.198831
vt 0.556082 0.198831
vt 0.535659 0.198831
vt 0.556082 0.265828
vt 0.535659 0.265828
vt 0.917076 0.809386
vt 0.914159 0.809386
vt 0.914159 0.789351
vt 0.917076 0.789351
vt 0.238477 0.993217
vt 0.235559 0.993217
vt 0.235559 0.988355
vt 0.238477 0.988355
vt 0.917335 0.839630
vt 0.914417 0.839630
vt 0.914417 0.819596
vt 0.917335 0.819596
vt 0.250039 0.993217
vt 0.247121 0.993217
vt 0.247121 0.988355
vt 0.250039 0.988355
vt 0.886918 0.232605
vt 0.882055 0.232605
vt 0.882055 0.212570
vt 0.886918 0.212570
vt 0.710611 0.887020
vt 0.705748 0.887020
vt 0.705748 0.866985
vt 0.710611 0.866985
vt 0.691655 0.023773
vt 0.694573 0.023773
vt 0.706135 0.208557
vt 0.703217 0.208557
vt 0.556082 0.208557
vt 0.535659 0.208557
vt 0.556082 0.256103
vt 0.535659 0.256103
vt 0.917335 0.897765
vt 0.914417 0.897765
vt 0.914417 0.877731
vt 0.917335 0.877731
vt 0.261600 0.993217
vt 0.258683 0.993217
vt 0.258683 0.988355
vt 0.261600 0.988355
vt 0.917335 0.869087
vt 0.914417 0.869087
vt 0.914417 0.849052
vt 0.917335 0.849052
vt 0.273162 0.993217
vt 0.270245 0.993217
vt 0.270245 0.988355
vt 0.273162 0.988355
vt 0.726807 0.887020
vt 0.721944 0.887020
vt 0.721944 0.866985
vt 0.726807 0.866985
vt 0.887396 0.766403
vt 0.882533 0.766403
vt 0.882533 0.746368
vt 0.887396 0.746368
vt 0.691655 0.014048
vt 0.694573 0.014048
vt 0.706135 0.218282
vt 0.703217 0.218282
vt 0.556082 0.218282
vt 0.535659 0.218282
vt 0.556082 0.246377
vt 0.535659 0.246377
vt 0.472881 0.918178
vt 0.469964 0.918178
vt 0.469964 0.898144
vt 0.472881 0.898144
vt 0.018802 0.993217
vt 0.015884 0.993217
vt 0.015884 0.988355
vt 0.018802 0.988355
vt 0.338765 0.918996
vt 0.335847 0.918996
vt 0.335847 0.898961
vt 0.338765 0.898961
vt 0.284724 0.993217
vt 0.281806 0.993217
vt 0.281806 0.988355
vt 0.284724 0.988355
vt 0.102165 0.887649
vt 0.097303 0.887649
vt 0.097303 0.867614
vt 0.102165 0.867614
vt 0.290009 0.887712
vt 0.285146 0.887712
vt 0.285146 0.867678
vt 0.290009 0.867678
vt 0.691655 0.004322
vt 0.694573 0.004322
vt 0.905773 0.869087
vt 0.902856 0.869087
vt 0.902856 0.848663
vt 0.905773 0.848663
vt 0.706135 0.228008
vt 0.703217 0.228008
vt 0.556082 0.228008
vt 0.535659 0.228008
vt 0.556082 0.236652
vt 0.535659 0.236652
vt 0.920555 0.304168
vt 0.917637 0.304168
vt 0.917637 0.284134
vt 0.920555 0.284134
vt 0.296286 0.993217
vt 0.293368 0.993217
vt 0.293368 0.988355
vt 0.296286 0.988355
vt 0.920718 0.386722
vt 0.917800 0.386722
vt 0.917800 0.366688
vt 0.920718 0.366688
vt 0.307848 0.993217
vt 0.304930 0.993217
vt 0.304930 0.988355
vt 0.307848 0.988355
vt 0.305978 0.887753
vt 0.301115 0.887753
vt 0.301115 0.867719
vt 0.305978 0.867719
vt 0.325258 0.887944
vt 0.320395 0.887944
vt 0.320395 0.867910
vt 0.325258 0.867910
s 1
usemtl M416_Final_Metal
f 5424/10628/4824 5425/10629/4824 5427/10630/4824 5426/10631/4824
f 5426/10632/4825 5427/10633/4825 5439/10634/4825 5429/10635/4825
f 5428/10636/4826 5438/10637/4826 5425/10638/4826 5424/10639/4826
f 5426/10640/4827 5429/10641/4827 5428/10642/4827 5424/10643/4827
f 5439/10644/4828 5427/10645/4828 5425/10646/4828 5438/10647/4828
f 5430/10648/4824 5431/10649/4824 5433/10650/4824 5432/10651/4824
f 5432/10652/4825 5433/10653/4825 5437/10654/4825 5436/10655/4825
f 5436/10656/4829 5437/10657/4829 5435/10658/4829 5434/10659/4829
f 5434/10660/4826 5435/10661/4826 5431/10662/4826 5430/10663/4826
f 5432/10664/4827 5436/10665/4827 5434/10666/4827 5430/10667/4827
f 5437/10668/4828 5433/10669/4828 5431/10670/4828 5435/10671/4828
f 5429/10635/4825 5439/10634/4825 5442/10672/4825 5441/10673/4825
f 5451/10674/4826 5440/10675/4826 5438/10637/4826 5428/10636/4826
f 5429/10641/4827 5441/10676/4827 5451/10677/4827 5428/10642/4827
f 5442/10678/4828 5439/10644/4828 5438/10647/4828 5440/10679/4828
f 5443/10680/4824 5444/10681/4824 5446/10682/4824 5445/10683/4824
f 5445/10684/4825 5446/10685/4825 5450/10686/4825 5449/10687/4825
f 5449/10688/4829 5450/10689/4829 5448/10690/4829 5447/10691/4829
f 5447/10692/4826 5448/10693/4826 5444/10694/4826 5443/10695/4826
f 5445/10696/4827 5449/10697/4827 5447/10698/4827 5443/10699/4827
f 5450/10700/4828 5446/10701/4828 5444/10702/4828 5448/10703/4828
f 5441/10673/4825 5442/10672/4825 5463/10704/4825 5462/10705/4825
f 5461/10706/4826 5452/10707/4826 5440/10675/4826 5451/10674/4826
f 5441/10676/4827 5462/10708/4827 5461/10709/4827 5451/10677/4827
f 5463/10710/4828 5442/10678/4828 5440/10679/4828 5452/10711/4828
f 5453/10712/4824 5454/10713/4824 5456/10714/4824 5455/10715/4824
f 5455/10716/4825 5456/10717/4825 5460/10718/4825 5459/10719/4825
f 5459/10720/4829 5460/10721/4829 5458/10722/4829 5457/10723/4829
f 5457/10724/4826 5458/10725/4826 5454/10726/4826 5453/10727/4826
f 5455/10728/4827 5459/10729/4827 5457/10730/4827 5453/10731/4827
f 5460/10732/4828 5456/10733/4828 5454/10734/4828 5458/10735/4828
f 5462/10705/4825 5463/10704/4825 5475/10736/4825 5474/10737/4825
f 5473/10738/4826 5464/10739/4826 5452/10707/4826 5461/10706/4826
f 5462/10708/4827 5474/10740/4827 5473/10741/4827 5461/10709/4827
f 5475/10742/4828 5463/10710/4828 5452/10711/4828 5464/10743/4828
f 5465/10744/4824 5466/10745/4824 5468/10746/4824 5467/10747/4824
f 5467/10748/4825 5468/10749/4825 5472/10750/4825 5471/10751/4825
f 5471/10752/4829 5472/10753/4829 5470/10754/4829 5469/10755/4829
f 5469/10756/4826 5470/10757/4826 5466/10758/4826 5465/10759/4826
f 5467/10760/4827 5471/10761/4827 5469/10762/4827 5465/10763/4827
f 5472/10764/4828 5468/10765/4828 5466/10766/4828 5470/10767/4828
f 5474/10737/4825 5475/10736/4825 5477/10768/4825 5487/10769/4825
f 5476/10770/4826 5486/10771/4826 5464/10739/4826 5473/10738/4826
f 5474/10740/4827 5487/10772/4827 5476/10773/4827 5473/10741/4827
f 5477/10774/4828 5475/10742/4828 5464/10743/4828 5486/10775/4828
f 5478/10776/4824 5479/10777/4824 5481/10778/4824 5480/10779/4824
f 5480/10780/4825 5481/10781/4825 5485/10782/4825 5484/10783/4825
f 5484/10784/4829 5485/10785/4829 5483/10786/4829 5482/10787/4829
f 5482/10788/4826 5483/10789/4826 5479/10790/4826 5478/10791/4826
f 5480/10792/4827 5484/10793/4827 5482/10794/4827 5478/10795/4827
f 5485/10796/4828 5481/10797/4828 5479/10798/4828 5483/10799/4828
f 5487/10769/4825 5477/10768/4825 5499/10800/4825 5498/10801/4825
f 5488/10802/4826 5489/10803/4826 5486/10771/4826 5476/10770/4826
f 5487/10772/4827 5498/10804/4827 5488/10805/4827 5476/10773/4827
f 5499/10806/4828 5477/10774/4828 5486/10775/4828 5489/10807/4828
f 5490/10808/4824 5491/10809/4824 5493/10810/4824 5492/10811/4824
f 5492/10812/4825 5493/10813/4825 5497/10814/4825 5496/10815/4825
f 5496/10816/4829 5497/10817/4829 5495/10818/4829 5494/10819/4829
f 5494/10820/4826 5495/10821/4826 5491/10822/4826 5490/10823/4826
f 5492/10824/4827 5496/10825/4827 5494/10826/4827 5490/10827/4827
f 5497/10828/4828 5493/10829/4828 5491/10830/4828 5495/10831/4828
f 5498/10801/4825 5499/10800/4825 5511/10832/4825 5510/10833/4825
f 5500/10834/4826 5509/10835/4826 5489/10803/4826 5488/10802/4826
f 5498/10804/4827 5510/10836/4827 5500/10837/4827 5488/10805/4827
f 5511/10838/4828 5499/10806/4828 5489/10807/4828 5509/10839/4828
f 5501/10840/4824 5502/10841/4824 5504/10842/4824 5503/10843/4824
f 5503/10844/4825 5504/10845/4825 5508/10846/4825 5507/10847/4825
f 5507/10848/4829 5508/10849/4829 5506/10850/4829 5505/10851/4829
f 5505/10852/4826 5506/10853/4826 5502/10854/4826 5501/10855/4826
f 5503/10856/4827 5507/10857/4827 5505/10858/4827 5501/10859/4827
f 5508/10860/4828 5504/10861/4828 5502/10862/4828 5506/10863/4828
f 5510/10833/4825 5511/10832/4825 5523/10864/4825 5514/10865/4825
f 5512/10866/4826 5513/10867/4826 5509/10835/4826 5500/10834/4826
f 5510/10836/4827 5514/10868/4827 5512/10869/4827 5500/10837/4827
f 5523/10870/4828 5511/10838/4828 5509/10839/4828 5513/10871/4828
f 5515/10872/4824 5516/10873/4824 5518/10874/4824 5517/10875/4824
f 5517/10876/4825 5518/10877/4825 5522/10878/4825 5521/10879/4825
f 5521/10880/4829 5522/10881/4829 5520/10882/4829 5519/10883/4829
f 5519/10884/4826 5520/10885/4826 5516/10886/4826 5515/10887/4826
f 5517/10888/4827 5521/10889/4827 5519/10890/4827 5515/10891/4827
f 5522/10892/4828 5518/10893/4828 5516/10894/4828 5520/10895/4828
f 5514/10865/4825 5523/10864/4825 5535/10896/4825 5534/10897/4825
f 5524/10898/4826 5525/10899/4826 5513/10867/4826 5512/10866/4826
f 5514/10868/4827 5534/10900/4827 5524/10901/4827 5512/10869/4827
f 5535/10902/4828 5523/10870/4828 5513/10871/4828 5525/10903/4828
f 5526/10904/4824 5527/10905/4824 5529/10906/4824 5528/10907/4824
f 5528/10908/4825 5529/10909/4825 5533/10910/4825 5532/10911/4825
f 5532/10912/4829 5533/10913/4829 5531/10914/4829 5530/10915/4829
f 5530/10916/4826 5531/10917/4826 5527/10918/4826 5526/10919/4826
f 5528/10920/4827 5532/10921/4827 5530/10922/4827 5526/10923/4827
f 5533/10924/4828 5529/10925/4828 5527/10926/4828 5531/10927/4828
f 5534/10897/4825 5535/10896/4825 5547/10928/4825 5546/10929/4825
f 5545/10930/4826 5536/10931/4826 5525/10899/4826 5524/10898/4826
f 5534/10900/4827 5546/10932/4827 5545/10933/4827 5524/10901/4827
f 5547/10934/4828 5535/10902/4828 5525/10903/4828 5536/10935/4828
f 5537/10936/4824 5538/10937/4824 5540/10938/4824 5539/10939/4824
f 5539/10940/4825 5540/10941/4825 5544/10942/4825 5543/10943/4825
f 5543/10944/4829 5544/10945/4829 5542/10946/4829 5541/10947/4829
f 5541/10948/4826 5542/10949/4826 5538/10950/4826 5537/10951/4826
f 5539/10952/4827 5543/10953/4827 5541/10954/4827 5537/10955/4827
f 5544/10956/4828 5540/10957/4828 5538/10958/4828 5542/10959/4828
f 5546/10929/4825 5547/10928/4825 5550/10960/4825 5549/10961/4825
f 5548/10962/4826 5559/10963/4826 5536/10931/4826 5545/10930/4826
f 5546/10932/4827 5549/10964/4827 5548/10965/4827 5545/10933/4827
f 5550/10966/4828 5547/10934/4828 5536/10935/4828 5559/10967/4828
f 5551/10968/4824 5552/10969/4824 5554/10970/4824 5553/10971/4824
f 5553/10972/4825 5554/10973/4825 5558/10974/4825 5557/10975/4825
f 5557/10976/4829 5558/10977/4829 5556/10978/4829 5555/10979/4829
f 5555/10980/4826 5556/10981/4826 5552/10982/4826 5551/10983/4826
f 5553/10984/4827 5557/10985/4827 5555/10986/4827 5551/10987/4827
f 5558/10988/4828 5554/10989/4828 5552/10990/4828 5556/10991/4828
f 5549/10961/4825 5550/10960/4825 5561/10992/4825 5571/10993/4825
f 5560/10994/4826 5570/10995/4826 5559/10963/4826 5548/10962/4826
f 5549/10964/4827 5571/10996/4827 5560/10997/4827 5548/10965/4827
f 5561/10998/4828 5550/10966/4828 5559/10967/4828 5570/10999/4828
f 5562/11000/4824 5563/11001/4824 5565/11002/4824 5564/11003/4824
f 5564/11004/4825 5565/11005/4825 5569/11006/4825 5568/11007/4825
f 5568/11008/4829 5569/11009/4829 5567/11010/4829 5566/11011/4829
f 5566/11012/4826 5567/11013/4826 5563/11014/4826 5562/11015/4826
f 5564/11016/4827 5568/11017/4827 5566/11018/4827 5562/11019/4827
f 5569/11020/4828 5565/11021/4828 5563/11022/4828 5567/11023/4828
f 5571/10993/4825 5561/10992/4825 5583/11024/4825 5582/11025/4825
f 5572/11026/4826 5581/11027/4826 5570/10995/4826 5560/10994/4826
f 5571/10996/4827 5582/11028/4827 5572/11029/4827 5560/10997/4827
f 5583/11030/4828 5561/10998/4828 5570/10999/4828 5581/11031/4828
f 5573/11032/4824 5574/11033/4824 5576/11034/4824 5575/11035/4824
f 5575/11036/4825 5576/11037/4825 5580/11038/4825 5579/11039/4825
f 5579/11040/4829 5580/11041/4829 5578/11042/4829 5577/11043/4829
f 5577/11044/4826 5578/11045/4826 5574/11046/4826 5573/11047/4826
f 5575/11048/4827 5579/11049/4827 5577/11050/4827 5573/11051/4827
f 5580/11052/4828 5576/11053/4828 5574/11054/4828 5578/11055/4828
f 5582/11025/4825 5583/11024/4825 5595/11056/4825 5594/11057/4825
f 5584/11058/4826 5585/11059/4826 5581/11027/4826 5572/11026/4826
f 5582/11028/4827 5594/11060/4827 5584/11061/4827 5572/11029/4827
f 5595/11062/4828 5583/11030/4828 5581/11031/4828 5585/11063/4828
f 5586/11064/4824 5587/11065/4824 5589/11066/4824 5588/11067/4824
f 5588/11068/4825 5589/11069/4825 5593/11070/4825 5592/11071/4825
f 5592/11072/4829 5593/11073/4829 5591/11074/4829 5590/11075/4829
f 5590/11076/4826 5591/11077/4826 5587/11078/4826 5586/11079/4826
f 5588/11080/4827 5592/11081/4827 5590/11082/4827 5586/11083/4827
f 5593/11084/4828 5589/11085/4828 5587/11086/4828 5591/11087/4828
f 5594/11057/4825 5595/11056/4825 5607/11088/4825 5606/11089/4825
f 5604/11090/4826 5605/11091/4826 5585/11059/4826 5584/11058/4826
f 5594/11060/4827 5606/11092/4827 5604/11093/4827 5584/11061/4827
f 5607/11094/4828 5595/11062/4828 5585/11063/4828 5605/11095/4828
f 5596/11096/4824 5597/11097/4824 5599/11098/4824 5598/11099/4824
f 5598/11100/4825 5599/11101/4825 5603/11102/4825 5602/11103/4825
f 5602/11104/4829 5603/11105/4829 5601/11106/4829 5600/11107/4829
f 5600/11108/4826 5601/11109/4826 5597/11110/4826 5596/11111/4826
f 5598/11112/4827 5602/11113/4827 5600/11114/4827 5596/11115/4827
f 5603/11116/4828 5599/11117/4828 5597/11118/4828 5601/11119/4828
f 5606/11089/4825 5607/11088/4825 5611/11120/4825 5610/11121/4825
f 5608/11122/4826 5609/11123/4826 5605/11091/4826 5604/11090/4826
f 5606/11092/4827 5610/11124/4827 5608/11125/4827 5604/11093/4827
f 5611/11126/4828 5607/11094/4828 5605/11095/4828 5609/11127/4828
f 5612/11128/4824 5613/11129/4824 5615/11130/4824 5614/11131/4824
f 5614/11132/4825 5615/11133/4825 5619/11134/4825 5618/11135/4825
f 5618/11136/4829 5619/11137/4829 5617/11138/4829 5616/11139/4829
f 5616/11140/4826 5617/11141/4826 5613/11142/4826 5612/11143/4826
f 5614/11144/4827 5618/11145/4827 5616/11146/4827 5612/11147/4827
f 5619/11148/4828 5615/11149/4828 5613/11150/4828 5617/11151/4828
f 5610/11121/4825 5611/11120/4825 5631/11152/4825 5630/11153/4825
f 5629/11154/4826 5620/11155/4826 5609/11123/4826 5608/11122/4826
f 5610/11124/4827 5630/11156/4827 5629/11157/4827 5608/11125/4827
f 5631/11158/4828 5611/11126/4828 5609/11127/4828 5620/11159/4828
f 5621/11160/4824 5622/11161/4824 5624/11162/4824 5623/11163/4824
f 5623/11164/4825 5624/11165/4825 5628/11166/4825 5627/11167/4825
f 5627/11168/4829 5628/11169/4829 5626/11170/4829 5625/11171/4829
f 5625/11172/4826 5626/11173/4826 5622/11174/4826 5621/11175/4826
f 5623/11176/4827 5627/11177/4827 5625/11178/4827 5621/11179/4827
f 5628/11180/4828 5624/11181/4828 5622/11182/4828 5626/11183/4828
f 5630/11153/4825 5631/11152/4825 5634/11184/4825 5633/11185/4825
f 5632/11186/4826 5643/11187/4826 5620/11155/4826 5629/11154/4826
f 5630/11156/4827 5633/11188/4827 5632/11189/4827 5629/11157/4827
f 5634/11190/4828 5631/11158/4828 5620/11159/4828 5643/11191/4828
f 5635/11192/4824 5636/11193/4824 5638/11194/4824 5637/11195/4824
f 5637/11196/4825 5638/11197/4825 5642/11198/4825 5641/11199/4825
f 5641/11200/4829 5642/11201/4829 5640/11202/4829 5639/11203/4829
f 5639/11204/4826 5640/11205/4826 5636/11206/4826 5635/11207/4826
f 5637/11208/4827 5641/11209/4827 5639/11210/4827 5635/11211/4827
f 5642/11212/4828 5638/11213/4828 5636/11214/4828 5640/11215/4828
f 5633/11185/4825 5634/11184/4825 5644/11216/4825 5655/11217/4825
f 5653/11218/4826 5654/11219/4826 5643/11187/4826 5632/11186/4826
f 5633/11188/4827 5655/11220/4827 5653/11221/4827 5632/11189/4827
f 5644/11222/4828 5634/11190/4828 5643/11191/4828 5654/11223/4828
f 5645/11224/4824 5646/11225/4824 5648/11226/4824 5647/11227/4824
f 5647/11228/4825 5648/11229/4825 5652/11230/4825 5651/11231/4825
f 5651/11232/4829 5652/11233/4829 5650/11234/4829 5649/11235/4829
f 5649/11236/4826 5650/11237/4826 5646/11238/4826 5645/11239/4826
f 5647/11240/4827 5651/11241/4827 5649/11242/4827 5645/11243/4827
f 5652/11244/4828 5648/11245/4828 5646/11246/4828 5650/11247/4828
f 5655/11217/4825 5644/11216/4825 5667/11248/4825 5657/11249/4825
f 5656/11250/4826 5666/11251/4826 5654/11219/4826 5653/11218/4826
f 5655/11220/4827 5657/11252/4827 5656/11253/4827 5653/11221/4827
f 5667/11254/4828 5644/11222/4828 5654/11223/4828 5666/11255/4828
f 5658/11256/4824 5659/11257/4824 5661/11258/4824 5660/11259/4824
f 5660/11260/4825 5661/11261/4825 5665/11262/4825 5664/11263/4825
f 5664/11264/4829 5665/11265/4829 5663/11266/4829 5662/11267/4829
f 5662/11268/4826 5663/11269/4826 5659/11270/4826 5658/11271/4826
f 5660/11272/4827 5664/11273/4827 5662/11274/4827 5658/11275/4827
f 5665/11276/4828 5661/11277/4828 5659/11278/4828 5663/11279/4828
f 5657/11249/4825 5667/11248/4825 5669/11280/4825 5679/11281/4825
f 5678/11282/4826 5668/11283/4826 5666/11251/4826 5656/11250/4826
f 5657/11252/4827 5679/11284/4827 5678/11285/4827 5656/11253/4827
f 5669/11286/4828 5667/11254/4828 5666/11255/4828 5668/11287/4828
f 5670/11288/4824 5671/11289/4824 5673/11290/4824 5672/11291/4824
f 5672/11292/4825 5673/11293/4825 5677/11294/4825 5676/11295/4825
f 5676/11296/4829 5677/11297/4829 5675/11298/4829 5674/11299/4829
f 5674/11300/4826 5675/11301/4826 5671/11302/4826 5670/11303/4826
f 5672/11304/4827 5676/11305/4827 5674/11306/4827 5670/11307/4827
f 5677/11308/4828 5673/11309/4828 5671/11310/4828 5675/11311/4828
f 5679/11281/4825 5669/11280/4825 5691/11312/4825 5681/11313/4825
f 5690/11314/4826 5680/11315/4826 5668/11283/4826 5678/11282/4826
f 5679/11284/4827 5681/11316/4827 5690/11317/4827 5678/11285/4827
f 5691/11318/4828 5669/11286/4828 5668/11287/4828 5680/11319/4828
f 5682/11320/4824 5683/11321/4824 5685/11322/4824 5684/11323/4824
f 5684/11324/4825 5685/11325/4825 5689/11326/4825 5688/11327/4825
f 5688/11328/4829 5689/11329/4829 5687/11330/4829 5686/11331/4829
f 5686/11332/4826 5687/11333/4826 5683/11334/4826 5682/11335/4826
f 5684/11336/4827 5688/11337/4827 5686/11338/4827 5682/11339/4827
f 5689/11340/4828 5685/11341/4828 5683/11342/4828 5687/11343/4828
f 5681/11313/4825 5691/11312/4825 5695/11344/4825 5694/11345/4825
f 5694/11346/4829 5695/11347/4829 5693/11348/4829 5692/11349/4829
f 5692/11350/4826 5693/11351/4826 5680/11315/4826 5690/11314/4826
f 5681/11316/4827 5694/11352/4827 5692/11353/4827 5690/11317/4827
f 5695/11354/4828 5691/11318/4828 5680/11319/4828 5693/11355/4828
f 5696/11356/4824 5697/11357/4824 5699/11358/4824 5698/11359/4824
f 5698/11360/4825 5699/11361/4825 5703/11362/4825 5702/11363/4825
f 5702/11364/4829 5703/11365/4829 5701/11366/4829 5700/11367/4829
f 5700/11368/4826 5701/11369/4826 5697/11370/4826 5696/11371/4826
f 5698/11372/4827 5702/11373/4827 5700/11374/4827 5696/11375/4827
f 5703/11376/4828 5699/11377/4828 5697/11378/4828 5701/11379/4828
o Vertical_Foregrip_low
v 0.259000 0.003100 0.011000
v 0.259000 0.006100 0.014000
v 0.256000 0.006100 0.011000
v 0.259000 0.003501 0.012498
v 0.257502 0.003501 0.011000
v 0.257565 0.003890 0.012435
v 0.257502 0.006100 0.013599
v 0.259000 0.004602 0.013599
v 0.257565 0.004665 0.013210
v 0.256401 0.004602 0.011000
v 0.256401 0.006100 0.012498
v 0.256790 0.004665 0.012435
v 0.259000 0.010100 0.014000
v 0.259000 0.013100 0.011000
v 0.256000 0.010100 0.011000
v 0.259000 0.011598 0.013599
v 0.257502 0.010100 0.013599
v 0.257565 0.011535 0.013210
v 0.257502 0.012699 0.011000
v 0.259000 0.012699 0.012498
v 0.257565 0.012310 0.012435
v 0.256401 0.010100 0.012498
v 0.256401 0.011598 0.011000
v 0.256790 0.011535 0.012435
v 0.259000 0.003100 -0.011000
v 0.256000 0.006100 -0.011000
v 0.259000 0.006100 -0.014000
v 0.257502 0.003501 -0.011000
v 0.259000 0.003501 -0.012498
v 0.257565 0.003890 -0.012435
v 0.256401 0.006100 -0.012498
v 0.256401 0.004602 -0.011000
v 0.256790 0.004665 -0.012435
v 0.259000 0.004602 -0.013599
v 0.257502 0.006100 -0.013599
v 0.257565 0.004665 -0.013210
v 0.259000 0.013100 -0.011000
v 0.259000 0.010100 -0.014000
v 0.256000 0.010100 -0.011000
v 0.259000 0.012699 -0.012498
v 0.257502 0.012699 -0.011000
v 0.257565 0.012310 -0.012435
v 0.257502 0.010100 -0.013599
v 0.259000 0.011598 -0.013599
v 0.257565 0.011535 -0.013210
v 0.256401 0.011598 -0.011000
v 0.256401 0.010100 -0.012498
v 0.256790 0.011535 -0.012435
v 0.285000 0.003100 0.011000
v 0.288000 0.006100 0.011000
v 0.285000 0.006100 0.014000
v 0.286498 0.003501 0.011000
v 0.285000 0.003501 0.012498
v 0.286435 0.003890 0.012435
v 0.287599 0.006100 0.012498
v 0.287599 0.004602 0.011000
v 0.287210 0.004665 0.012435
v 0.285000 0.004602 0.013599
v 0.286498 0.006100 0.013599
v 0.286435 0.004665 0.013210
v 0.285000 0.013100 0.011000
v 0.285000 0.010100 0.014000
v 0.288000 0.010100 0.011000
v 0.285000 0.012699 0.012498
v 0.286498 0.012699 0.011000
v 0.286435 0.012310 0.012435
v 0.286498 0.010100 0.013599
v 0.285000 0.011598 0.013599
v 0.286435 0.011535 0.013210
v 0.287599 0.011598 0.011000
v 0.287599 0.010100 0.012498
v 0.287210 0.011535 0.012435
v 0.285000 0.003100 -0.011000
v 0.285000 0.006100 -0.014000
v 0.288000 0.006100 -0.011000
v 0.285000 0.003501 -0.012498
v 0.286498 0.003501 -0.011000
v 0.286435 0.003890 -0.012435
v 0.286498 0.006100 -0.013599
v 0.285000 0.004602 -0.013599
v 0.286435 0.004665 -0.013210
v 0.287599 0.004602 -0.011000
v 0.287599 0.006100 -0.012498
v 0.287210 0.004665 -0.012435
v 0.285000 0.013100 -0.011000
v 0.288000 0.010100 -0.011000
v 0.285000 0.010100 -0.014000
v 0.286498 0.012699 -0.011000
v 0.285000 0.012699 -0.012498
v 0.286435 0.012310 -0.012435
v 0.287599 0.010100 -0.012498
v 0.287599 0.011598 -0.011000
v 0.287210 0.011535 -0.012435
v 0.285000 0.011598 -0.013599
v 0.286498 0.010100 -0.013599
v 0.286435 0.011535 -0.013210
v 0.272000 -0.076900 -0.011974
v 0.272000 -0.073901 -0.014906
v 0.272000 -0.076498 -0.013475
v 0.272000 -0.075401 -0.014548
v 0.272000 0.003100 -0.009474
v 0.272000 0.000101 -0.012594
v 0.272000 0.002698 -0.011000
v 0.272000 0.001601 -0.012141
v 0.275099 -0.076900 -0.011566
v 0.275858 -0.073901 -0.014398
v 0.275487 -0.076498 -0.013015
v 0.275765 -0.075401 -0.014052
v 0.274452 0.003100 -0.009151
v 0.275260 0.000101 -0.012165
v 0.274847 0.002698 -0.010625
v 0.275142 0.001601 -0.011728
v 0.277987 -0.076900 -0.010370
v 0.279453 -0.073901 -0.012909
v 0.278737 -0.076498 -0.011669
v 0.279274 -0.075401 -0.012599
v 0.276737 0.003100 -0.008205
v 0.278297 0.000101 -0.010906
v 0.277500 0.002698 -0.009526
v 0.278071 0.001601 -0.010515
v 0.280467 -0.076900 -0.008467
v 0.282540 -0.073901 -0.010540
v 0.281528 -0.076498 -0.009528
v 0.282287 -0.075401 -0.010287
v 0.278699 0.003100 -0.006699
v 0.280905 0.000101 -0.008905
v 0.279778 0.002698 -0.007778
v 0.280585 0.001601 -0.008585
v 0.282370 -0.076900 -0.005987
v 0.284909 -0.073901 -0.007453
v 0.283669 -0.076498 -0.006737
v 0.284599 -0.075401 -0.007274
v 0.280205 0.003100 -0.004737
v 0.282906 0.000101 -0.006297
v 0.281526 0.002698 -0.005500
v 0.282515 0.001601 -0.006071
v 0.283566 -0.076900 -0.003099
v 0.286398 -0.073901 -0.003858
v 0.285015 -0.076498 -0.003487
v 0.286052 -0.075401 -0.003765
v 0.281151 0.003100 -0.002452
v 0.284165 0.000101 -0.003259
v 0.282625 0.002698 -0.002847
v 0.283728 0.001601 -0.003142
v 0.283974 -0.076900 0.000000
v 0.286906 -0.073901 0.000000
v 0.285474 -0.076498 0.000000
v 0.286548 -0.075401 0.000000
v 0.281474 0.003100 -0.000000
v 0.284594 0.000101 0.000000
v 0.283000 0.002698 -0.000000
v 0.284141 0.001601 -0.000000
v 0.283566 -0.076900 0.003099
v 0.286398 -0.073901 0.003858
v 0.285015 -0.076498 0.003487
v 0.286052 -0.075401 0.003765
v 0.281151 0.003100 0.002452
v 0.284165 0.000101 0.003259
v 0.282625 0.002698 0.002847
v 0.283728 0.001601 0.003142
v 0.282370 -0.076900 0.005987
v 0.284909 -0.073901 0.007453
v 0.283669 -0.076498 0.006737
v 0.284599 -0.075401 0.007274
v 0.280205 0.003100 0.004737
v 0.282906 0.000101 0.006297
v 0.281526 0.002698 0.005500
v 0.282515 0.001601 0.006071
v 0.280467 -0.076900 0.008467
v 0.282540 -0.073901 0.010540
v 0.281528 -0.076498 0.009528
v 0.282287 -0.075401 0.010287
v 0.278699 0.003100 0.006699
v 0.280905 0.000101 0.008905
v 0.279778 0.002698 0.007778
v 0.280585 0.001601 0.008585
v 0.277987 -0.076900 0.010370
v 0.279453 -0.073901 0.012909
v 0.278737 -0.076498 0.011669
v 0.279274 -0.075401 0.012599
v 0.276737 0.003100 0.008205
v 0.278297 0.000101 0.010906
v 0.277500 0.002698 0.009526
v 0.278071 0.001601 0.010515
v 0.275099 -0.076900 0.011566
v 0.275858 -0.073901 0.014398
v 0.275487 -0.076498 0.013015
v 0.275765 -0.075401 0.014052
v 0.274452 0.003100 0.009151
v 0.275260 0.000101 0.012165
v 0.274847 0.002698 0.010625
v 0.275142 0.001601 0.011728
v 0.272000 -0.076900 0.011974
v 0.272000 -0.073901 0.014906
v 0.272000 -0.076498 0.013475
v 0.272000 -0.075401 0.014548
v 0.272000 0.003100 0.009474
v 0.272000 0.000101 0.012594
v 0.272000 0.002698 0.011000
v 0.272000 0.001601 0.012141
v 0.268901 -0.076900 0.011566
v 0.268142 -0.073901 0.014398
v 0.268513 -0.076498 0.013015
v 0.268235 -0.075401 0.014052
v 0.269548 0.003100 0.009151
v 0.268741 0.000101 0.012165
v 0.269153 0.002698 0.010625
v 0.268858 0.001601 0.011728
v 0.266013 -0.076900 0.010370
v 0.264547 -0.073901 0.012909
v 0.265263 -0.076498 0.011669
v 0.264726 -0.075401 0.012599
v 0.267263 0.003100 0.008205
v 0.265703 0.000101 0.010906
v 0.266500 0.002698 0.009526
v 0.265929 0.001601 0.010515
v 0.263533 -0.076900 0.008467
v 0.261460 -0.073901 0.010540
v 0.262472 -0.076498 0.009528
v 0.261713 -0.075401 0.010287
v 0.265301 0.003100 0.006699
v 0.263095 0.000101 0.008905
v 0.264222 0.002698 0.007778
v 0.263415 0.001601 0.008585
v 0.261630 -0.076900 0.005987
v 0.259091 -0.073901 0.007453
v 0.260331 -0.076498 0.006737
v 0.259401 -0.075401 0.007274
v 0.263795 0.003100 0.004737
v 0.261094 0.000101 0.006297
v 0.262474 0.002698 0.005500
v 0.261485 0.001601 0.006071
v 0.260434 -0.076900 0.003099
v 0.257602 -0.073901 0.003858
v 0.258985 -0.076498 0.003487
v 0.257948 -0.075401 0.003765
v 0.262849 0.003100 0.002452
v 0.259835 0.000101 0.003259
v 0.261375 0.002698 0.002847
v 0.260272 0.001601 0.003142
v 0.260026 -0.076900 0.000000
v 0.257094 -0.073901 0.000000
v 0.258526 -0.076498 0.000000
v 0.257452 -0.075401 0.000000
v 0.262526 0.003100 0.000000
v 0.259406 0.000101 0.000000
v 0.261000 0.002698 0.000000
v 0.259859 0.001601 0.000000
v 0.260434 -0.076900 -0.003099
v 0.257602 -0.073901 -0.003858
v 0.258985 -0.076498 -0.003487
v 0.257948 -0.075401 -0.003765
v 0.262849 0.003100 -0.002452
v 0.259835 0.000101 -0.003259
v 0.261375 0.002698 -0.002847
v 0.260272 0.001601 -0.003142
v 0.261630 -0.076900 -0.005987
v 0.259091 -0.073901 -0.007453
v 0.260331 -0.076498 -0.006737
v 0.259401 -0.075401 -0.007274
v 0.263795 0.003100 -0.004737
v 0.261094 0.000101 -0.006297
v 0.262474 0.002698 -0.005500
v 0.261485 0.001601 -0.006071
v 0.263533 -0.076900 -0.008467
v 0.261460 -0.073901 -0.010540
v 0.262472 -0.076498 -0.009528
v 0.261713 -0.075401 -0.010287
v 0.265301 0.003100 -0.006699
v 0.263095 0.000101 -0.008905
v 0.264222 0.002698 -0.007778
v 0.263415 0.001601 -0.008585
v 0.266013 -0.076900 -0.010370
v 0.264547 -0.073901 -0.012909
v 0.265263 -0.076498 -0.011669
v 0.264726 -0.075401 -0.012599
v 0.267263 0.003100 -0.008205
v 0.265703 0.000101 -0.010906
v 0.266500 0.002698 -0.009526
v 0.265929 0.001601 -0.010515
v 0.268901 -0.076900 -0.011566
v 0.268142 -0.073901 -0.014398
v 0.268513 -0.076498 -0.013015
v 0.268235 -0.075401 -0.014052
v 0.269548 0.003100 -0.009151
v 0.268741 0.000101 -0.012165
v 0.269153 0.002698 -0.010625
v 0.268858 0.001601 -0.011728
vn 0.0145 -0.0727 0.9972
vn 0.0145 0.0727 0.9972
vn -0.0145 0.0727 0.9972
vn -0.0145 -0.0727 0.9972
vn 0.9972 -0.0727 -0.0170
vn 0.9972 0.0727 -0.0170
vn 0.9972 0.0727 0.0170
vn 0.9972 -0.0727 0.0170
vn 0.0146 0.9997 -0.0170
vn -0.0146 0.9997 -0.0171
vn -0.0146 0.9997 0.0170
vn 0.0146 0.9997 0.0171
vn -0.9972 -0.0727 0.0170
vn -0.9972 0.0727 0.0170
vn -0.9972 0.0727 -0.0170
vn -0.9972 -0.0727 -0.0170
vn -0.0145 -0.0727 -0.9972
vn -0.0145 0.0727 -0.9972
vn 0.0145 0.0727 -0.9972
vn 0.0145 -0.0727 -0.9972
vn -0.2587 0.0254 -0.9656
vn -0.2586 0.0361 -0.9653
vn -0.0000 0.0361 -0.9993
vn -0.0000 0.0254 -0.9997
vn 0.4998 0.0254 -0.8657
vn 0.4997 0.0361 -0.8655
vn 0.7066 0.0361 -0.7066
vn 0.7069 0.0254 -0.7069
vn 0.8655 0.0361 -0.4997
vn 0.8657 0.0255 -0.4998
vn 0.9653 0.0361 -0.2586
vn 0.9656 0.0254 -0.2587
vn 0.9993 0.0361 -0.0000
vn 0.9997 0.0254 -0.0000
vn 0.9653 0.0361 0.2586
vn 0.9656 0.0254 0.2587
vn 0.8655 0.0361 0.4997
vn 0.8657 0.0255 0.4998
vn 0.7066 0.0361 0.7066
vn 0.7069 0.0254 0.7069
vn 0.4997 0.0361 0.8655
vn 0.4998 0.0254 0.8657
vn 0.2587 0.0361 0.9653
vn 0.2587 0.0254 0.9656
vn -0.0000 0.0361 0.9993
vn -0.0000 0.0254 0.9997
vn -0.2587 0.0361 0.9653
vn -0.2587 0.0254 0.9656
vn -0.4997 0.0361 0.8655
vn -0.4998 0.0254 0.8657
vn -0.7066 0.0361 0.7066
vn -0.7069 0.0254 0.7069
vn -0.8655 0.0361 0.4997
vn -0.8657 0.0255 0.4998
vn -0.9653 0.0361 0.2586
vn -0.9656 0.0254 0.2587
vn -0.9993 0.0361 -0.0000
vn -0.9997 0.0254 -0.0000
vn -0.9653 0.0361 -0.2586
vn -0.9656 0.0254 -0.2587
vn -0.8655 0.0361 -0.4997
vn -0.8657 0.0255 -0.4998
vn -0.7066 0.0361 -0.7066
vn -0.7069 0.0254 -0.7069
vn -0.4997 0.0361 -0.8655
vn -0.4998 0.0254 -0.8657
vn 0.2587 0.0254 -0.9656
vn 0.2587 0.0361 -0.9653
vn -0.0146 -0.9997 0.0171
vn -0.0124 -0.8662 0.4995
vn -0.4179 -0.8067 0.4178
vn -0.4994 -0.8663 0.0146
vn -0.0124 -0.4995 0.8662
vn -0.4179 -0.4178 0.8067
vn -0.4955 -0.0634 0.8663
vn -0.8663 -0.0634 0.4955
vn -0.8067 -0.4179 0.4178
vn -0.8663 -0.4994 0.0145
vn -0.0124 0.4995 0.8662
vn -0.4179 0.4179 0.8067
vn -0.4955 0.0634 0.8663
vn -0.0124 0.8662 0.4995
vn -0.4179 0.8067 0.4178
vn -0.4994 0.8663 0.0145
vn -0.8663 0.4994 0.0145
vn -0.8067 0.4179 0.4179
vn -0.8663 0.0634 0.4955
vn -0.0146 -0.9997 -0.0170
vn -0.4994 -0.8663 -0.0146
vn -0.4179 -0.8067 -0.4178
vn -0.0124 -0.8662 -0.4995
vn -0.8663 -0.4994 -0.0145
vn -0.8067 -0.4179 -0.4179
vn -0.8663 -0.0634 -0.4955
vn -0.4955 -0.0634 -0.8663
vn -0.4179 -0.4178 -0.8067
vn -0.0124 -0.4995 -0.8662
vn -0.0124 0.8662 -0.4995
vn -0.4179 0.8067 -0.4178
vn -0.4994 0.8663 -0.0145
vn -0.0124 0.4995 -0.8662
vn -0.4179 0.4178 -0.8067
vn -0.4955 0.0634 -0.8663
vn -0.8663 0.0634 -0.4955
vn -0.8067 0.4179 -0.4178
vn -0.8663 0.4994 -0.0145
vn 0.0146 -0.9997 0.0170
vn 0.4994 -0.8663 0.0145
vn 0.4179 -0.8067 0.4178
vn 0.0124 -0.8662 0.4995
vn 0.8663 -0.4994 0.0145
vn 0.8067 -0.4179 0.4178
vn 0.8663 -0.0634 0.4955
vn 0.4955 -0.0634 0.8663
vn 0.4179 -0.4178 0.8067
vn 0.0124 -0.4995 0.8662
vn 0.0124 0.8662 0.4995
vn 0.4179 0.8067 0.4178
vn 0.4994 0.8663 0.0145
vn 0.0124 0.4995 0.8662
vn 0.4179 0.4178 0.8067
vn 0.4955 0.0634 0.8663
vn 0.8663 0.0634 0.4955
vn 0.8067 0.4179 0.4178
vn 0.8663 0.4994 0.0145
vn 0.0146 -0.9997 -0.0171
vn 0.0124 -0.8662 -0.4995
vn 0.4179 -0.8067 -0.4178
vn 0.4994 -0.8663 -0.0145
vn 0.0124 -0.4995 -0.8662
vn 0.4179 -0.4178 -0.8067
vn 0.4955 -0.0634 -0.8663
vn 0.8663 -0.0634 -0.4955
vn 0.8067 -0.4179 -0.4178
vn 0.8663 -0.4994 -0.0145
vn 0.4994 0.8663 -0.0145
vn 0.4179 0.8067 -0.4178
vn 0.0124 0.8662 -0.4995
vn 0.8663 0.4994 -0.0145
vn 0.8067 0.4179 -0.4179
vn 0.8663 0.0634 -0.4955
vn 0.4955 0.0634 -0.8663
vn 0.4179 0.4178 -0.8067
vn 0.0124 0.4995 -0.8662
vn 0.2517 -0.2326 -0.9394
vn -0.0000 -0.2326 -0.9726
vn -0.0000 -0.6991 -0.7150
vn 0.1850 -0.6991 -0.6906
vn 0.1851 -0.6991 -0.6906
vn -0.0000 -0.9660 -0.2586
vn 0.0669 -0.9660 -0.2498
vn 0.0454 -0.9845 -0.1694
vn -0.0000 -0.9920 -0.1265
vn -0.0000 0.5157 -0.8568
vn 0.2218 0.5157 -0.8276
vn -0.0000 0.8638 -0.5038
vn 0.1304 0.8638 -0.4866
vn -0.0000 0.9909 -0.1345
vn 0.0604 0.9724 -0.2253
vn 0.4863 -0.2326 -0.8423
vn 0.3575 -0.6991 -0.6192
vn 0.1293 -0.9660 -0.2240
vn 0.1155 -0.9730 -0.2000
vn 0.4284 0.5157 -0.7420
vn 0.2519 0.8638 -0.4363
vn 0.0047 1.0000 -0.0081
vn 0.6877 -0.2326 -0.6877
vn 0.5056 -0.6991 -0.5056
vn 0.1829 -0.9660 -0.1829
vn 0.0195 -0.9996 -0.0195
vn 0.6058 0.5157 -0.6058
vn 0.3563 0.8638 -0.3563
vn 0.1649 0.9724 -0.1649
vn 0.8423 -0.2326 -0.4863
vn 0.6192 -0.6991 -0.3575
vn 0.2240 -0.9660 -0.1293
vn 0.2000 -0.9730 -0.1155
vn 0.7420 0.5157 -0.4284
vn 0.4362 0.8639 -0.2519
vn 0.1165 0.9909 -0.0673
vn 0.9394 -0.2326 -0.2517
vn 0.6906 -0.6992 -0.1850
vn 0.2498 -0.9660 -0.0669
vn 0.1694 -0.9845 -0.0454
vn 0.8276 0.5157 -0.2217
vn 0.4865 0.8639 -0.1304
vn 0.2253 0.9724 -0.0604
vn 0.9726 -0.2326 -0.0000
vn 0.7150 -0.6992 -0.0000
vn 0.2586 -0.9660 -0.0000
vn 0.1265 -0.9920 -0.0000
vn 0.8568 0.5157 -0.0000
vn 0.5037 0.8639 -0.0000
vn 0.0662 0.9978 -0.0000
vn 0.9394 -0.2326 0.2517
vn 0.6906 -0.6992 0.1850
vn 0.2498 -0.9660 0.0669
vn 0.0068 -1.0000 0.0018
vn 0.8276 0.5157 0.2217
vn 0.4865 0.8639 0.1304
vn 0.2253 0.9724 0.0604
vn 0.8423 -0.2326 0.4863
vn 0.6192 -0.6991 0.3575
vn 0.2240 -0.9660 0.1293
vn 0.2000 -0.9730 0.1155
vn 0.7420 0.5157 0.4284
vn 0.4362 0.8639 0.2519
vn 0.0108 0.9999 0.0062
vn 0.6877 -0.2326 0.6877
vn 0.5056 -0.6992 0.5056
vn 0.1829 -0.9660 0.1829
vn 0.0222 -0.9995 0.0222
vn 0.6058 0.5157 0.6058
vn 0.3562 0.8638 0.3562
vn 0.1649 0.9724 0.1649
vn 0.4863 -0.2326 0.8423
vn 0.3575 -0.6991 0.6192
vn 0.1293 -0.9660 0.2240
vn 0.1155 -0.9730 0.2000
vn 0.4284 0.5157 0.7420
vn 0.2519 0.8638 0.4363
vn 0.0052 0.9999 0.0090
vn 0.2517 -0.2326 0.9394
vn 0.1850 -0.6991 0.6906
vn 0.1851 -0.6991 0.6906
vn 0.0669 -0.9660 0.2498
vn 0.0154 -0.9982 0.0573
vn 0.2218 0.5157 0.8276
vn 0.1304 0.8638 0.4866
vn 0.0604 0.9724 0.2253
vn -0.0000 -0.2326 0.9726
vn -0.0000 -0.6991 0.7150
vn -0.0000 -0.9660 0.2586
vn -0.0000 -0.9920 0.1265
vn -0.0000 0.5157 0.8568
vn -0.0000 0.8638 0.5038
vn -0.0000 0.9909 0.1345
vn -0.2517 -0.2326 0.9394
vn -0.1850 -0.6991 0.6906
vn -0.1851 -0.6991 0.6906
vn -0.0669 -0.9660 0.2498
vn -0.0454 -0.9845 0.1694
vn -0.2218 0.5157 0.8276
vn -0.1304 0.8638 0.4866
vn -0.0604 0.9724 0.2253
vn -0.4863 -0.2326 0.8423
vn -0.3575 -0.6991 0.6192
vn -0.1293 -0.9660 0.2240
vn -0.1155 -0.9730 0.2000
vn -0.4284 0.5157 0.7420
vn -0.2519 0.8638 0.4363
vn -0.0331 0.9978 0.0573
vn -0.6877 -0.2326 0.6877
vn -0.5056 -0.6991 0.5056
vn -0.1829 -0.9660 0.1829
vn -0.0053 -1.0000 0.0053
vn -0.6058 0.5157 0.6058
vn -0.3563 0.8638 0.3563
vn -0.1649 0.9724 0.1649
vn -0.8423 -0.2326 0.4863
vn -0.6192 -0.6991 0.3575
vn -0.2240 -0.9660 0.1293
vn -0.2000 -0.9730 0.1155
vn -0.7420 0.5157 0.4284
vn -0.4363 0.8638 0.2519
vn -0.0338 0.9992 0.0195
vn -0.9394 -0.2326 0.2517
vn -0.6906 -0.6992 0.1850
vn -0.2498 -0.9660 0.0669
vn -0.1694 -0.9845 0.0454
vn -0.8276 0.5157 0.2217
vn -0.4865 0.8639 0.1304
vn -0.2253 0.9724 0.0604
vn -0.9726 -0.2326 -0.0000
vn -0.7150 -0.6992 -0.0000
vn -0.2586 -0.9660 -0.0000
vn -0.1265 -0.9920 -0.0000
vn -0.8568 0.5157 -0.0000
vn -0.5037 0.8639 -0.0000
vn -0.0101 0.9999 -0.0000
vn -0.9394 -0.2326 -0.2517
vn -0.6906 -0.6992 -0.1850
vn -0.2498 -0.9660 -0.0669
vn -0.0093 -1.0000 -0.0025
vn -0.8276 0.5157 -0.2218
vn -0.4865 0.8639 -0.1304
vn -0.2253 0.9724 -0.0604
vn -0.8423 -0.2326 -0.4863
vn -0.6192 -0.6991 -0.3575
vn -0.2240 -0.9660 -0.1293
vn -0.2000 -0.9730 -0.1155
vn -0.7420 0.5157 -0.4284
vn -0.4362 0.8639 -0.2519
vn -0.0338 0.9992 -0.0195
vn -0.6877 -0.2326 -0.6877
vn -0.5056 -0.6991 -0.5056
vn -0.1829 -0.9660 -0.1829
vn -0.0844 -0.9929 -0.0844
vn -0.6058 0.5157 -0.6058
vn -0.3562 0.8638 -0.3562
vn -0.1649 0.9724 -0.1649
vn -0.4863 -0.2326 -0.8423
vn -0.3575 -0.6991 -0.6192
vn -0.1293 -0.9660 -0.2240
vn -0.1155 -0.9730 -0.2000
vn -0.4284 0.5157 -0.7420
vn -0.2519 0.8638 -0.4363
vn -0.0331 0.9978 -0.0573
vn -0.2517 -0.2326 -0.9394
vn -0.1850 -0.6991 -0.6906
vn -0.1851 -0.6991 -0.6906
vn -0.0669 -0.9660 -0.2498
vn -0.0020 -1.0000 -0.0076
vn -0.2218 0.5157 -0.8276
vn -0.1304 0.8638 -0.4866
vn -0.0604 0.9724 -0.2253
vt 0.246899 0.820676
vt 0.243090 0.820160
vt 0.243514 0.799706
vt 0.247323 0.800223
vt 0.791272 0.815715
vt 0.795161 0.815715
vt 0.794889 0.830845
vt 0.790999 0.830845
vt 0.341857 0.737793
vt 0.341857 0.763079
vt 0.320461 0.763079
vt 0.320461 0.737793
vt 0.667561 0.802391
vt 0.671451 0.802391
vt 0.671353 0.822994
vt 0.667463 0.822994
vt 0.812524 0.005620
vt 0.816414 0.005620
vt 0.816298 0.029969
vt 0.812408 0.029969
vt 0.687980 0.523023
vt 0.689273 0.451032
vt 0.692213 0.451060
vt 0.691459 0.523056
vt 0.698963 0.523073
vt 0.698553 0.451074
vt 0.701520 0.451060
vt 0.702476 0.523056
vt 0.704079 0.451032
vt 0.705504 0.523023
vt 0.706054 0.450994
vt 0.707842 0.522978
vt 0.533276 0.709488
vt 0.535053 0.637504
vt 0.537000 0.637545
vt 0.535580 0.709537
vt 0.539537 0.637574
vt 0.538583 0.709571
vt 0.542491 0.637589
vt 0.542079 0.709589
vt 0.545661 0.637589
vt 0.545832 0.709589
vt 0.548831 0.637574
vt 0.549584 0.709571
vt 0.551785 0.637545
vt 0.553080 0.709537
vt 0.554321 0.637504
vt 0.556082 0.709488
vt 0.626753 0.730786
vt 0.627901 0.659959
vt 0.630696 0.659712
vt 0.630062 0.730493
vt 0.633798 0.659583
vt 0.633733 0.730341
vt 0.636995 0.659583
vt 0.637517 0.730341
vt 0.640069 0.659712
vt 0.641156 0.730493
vt 0.642811 0.659959
vt 0.644401 0.730786
vt 0.274263 0.716506
vt 0.275556 0.644515
vt 0.278496 0.644542
vt 0.277743 0.716539
vt 0.281661 0.644557
vt 0.281489 0.716555
vt 0.284836 0.644557
vt 0.285246 0.716555
vt 0.287804 0.644542
vt 0.288759 0.716539
vt 0.290362 0.644515
vt 0.291787 0.716506
vt 0.685003 0.522978
vt 0.686759 0.450994
vt 0.695206 0.523073
vt 0.695378 0.451074
vt 0.379113 0.741472
vt 0.377656 0.741472
vt 0.377718 0.740077
vt 0.379113 0.740016
vt 0.250094 0.799722
vt 0.248828 0.800193
vt 0.248868 0.798840
vt 0.249760 0.798508
vt 0.247426 0.798821
vt 0.247662 0.797342
vt 0.249034 0.797798
vt 0.666111 0.802496
vt 0.666185 0.801255
vt 0.667574 0.801093
vt 0.379113 0.738945
vt 0.377718 0.739323
vt 0.242167 0.799290
vt 0.242328 0.797952
vt 0.243618 0.798305
vt 0.317933 0.763079
vt 0.319004 0.763079
vt 0.319066 0.764474
vt 0.318312 0.764474
vt 0.320461 0.764536
vt 0.320461 0.765607
vt 0.319066 0.765228
vt 0.671464 0.801093
vt 0.672865 0.801255
vt 0.672914 0.802496
vt 0.243854 0.796825
vt 0.242494 0.796911
vt 0.241743 0.797420
vt 0.400509 0.741472
vt 0.400509 0.740016
vt 0.401904 0.740077
vt 0.401966 0.741472
vt 0.664959 0.823388
vt 0.666013 0.823099
vt 0.666074 0.824545
vt 0.665333 0.824748
vt 0.667463 0.824502
vt 0.667475 0.825822
vt 0.666083 0.825474
vt 0.811074 0.005725
vt 0.811148 0.004484
vt 0.812537 0.004322
vt 0.403037 0.741472
vt 0.402658 0.740077
vt 0.343314 0.763079
vt 0.343253 0.764474
vt 0.341857 0.764536
vt 0.344385 0.763079
vt 0.344007 0.764474
vt 0.816427 0.004322
vt 0.817828 0.004484
vt 0.817877 0.005725
vt 0.671365 0.825822
vt 0.671352 0.824502
vt 0.672754 0.824545
vt 0.672763 0.825474
vt 0.672816 0.823099
vt 0.673904 0.823388
vt 0.673520 0.824748
vt 0.379113 0.766759
vt 0.379113 0.768216
vt 0.377718 0.768154
vt 0.377656 0.766759
vt 0.379113 0.769287
vt 0.377718 0.768908
vt 0.790986 0.832151
vt 0.789596 0.832375
vt 0.789548 0.831120
vt 0.790986 0.833665
vt 0.789596 0.833441
vt 0.790999 0.834971
vt 0.789548 0.834695
vt 0.376585 0.766759
vt 0.376964 0.768154
vt 0.788852 0.832908
vt 0.319004 0.737793
vt 0.319066 0.736398
vt 0.320461 0.736336
vt 0.317933 0.737793
vt 0.318312 0.736398
vt 0.794889 0.834971
vt 0.794875 0.833665
vt 0.796276 0.833441
vt 0.796350 0.834695
vt 0.794875 0.832151
vt 0.796276 0.832375
vt 0.796350 0.831120
vt 0.320461 0.735265
vt 0.319066 0.735644
vt 0.797039 0.832908
vt 0.400509 0.766759
vt 0.401966 0.766759
vt 0.401904 0.768154
vt 0.400509 0.768216
vt 0.809905 0.030363
vt 0.810958 0.030074
vt 0.811019 0.031520
vt 0.810278 0.031723
vt 0.812408 0.031477
vt 0.812421 0.032797
vt 0.811028 0.032449
vt 0.812443 0.033565
vt 0.810988 0.033190
vt 0.400509 0.769287
vt 0.401904 0.768908
vt 0.341857 0.736336
vt 0.343253 0.736398
vt 0.343314 0.737793
vt 0.341857 0.735265
vt 0.343253 0.735644
vt 0.816332 0.033565
vt 0.816310 0.032797
vt 0.817708 0.032449
vt 0.817791 0.033190
vt 0.816298 0.031477
vt 0.817699 0.031520
vt 0.817761 0.030074
vt 0.818849 0.030363
vt 0.818465 0.031723
vt 0.400509 0.738945
vt 0.341857 0.765607
vt 0.403037 0.766759
vt 0.344385 0.737793
vt 0.789820 0.815991
vt 0.796623 0.815991
vt 0.376585 0.741472
vt 0.248404 0.820647
vt 0.241743 0.819743
vt 0.695207 0.524525
vt 0.691550 0.524508
vt 0.974714 0.988355
vt 0.974706 0.992011
vt 0.973656 0.992023
vt 0.973664 0.988636
vt 0.161099 0.782498
vt 0.159388 0.779535
vt 0.160736 0.778977
vt 0.162256 0.781609
vt 0.692335 0.449595
vt 0.695386 0.449608
vt 0.669478 0.790110
vt 0.667299 0.787930
vt 0.668180 0.787254
vt 0.670154 0.789229
vt 0.669357 0.786351
vt 0.671058 0.788052
vt 0.698874 0.524525
vt 0.974714 0.995678
vt 0.973664 0.995419
vt 0.158503 0.776231
vt 0.159949 0.776040
vt 0.698447 0.449608
vt 0.672148 0.791651
vt 0.672573 0.790625
vt 0.673141 0.789255
vt 0.702302 0.524508
vt 0.742469 0.842292
vt 0.740220 0.839362
vt 0.741124 0.838840
vt 0.743207 0.841554
vt 0.158503 0.772810
vt 0.159949 0.773000
vt 0.701308 0.449595
vt 0.675125 0.792449
vt 0.675270 0.791348
vt 0.675464 0.789877
vt 0.705257 0.524477
vt 0.738807 0.835950
vt 0.739815 0.835680
vt 0.159388 0.769505
vt 0.160736 0.770064
vt 0.703774 0.449568
vt 0.678208 0.792449
vt 0.678063 0.791348
vt 0.677869 0.789877
vt 0.707539 0.524432
vt 0.738325 0.832288
vt 0.739369 0.832288
vt 0.161099 0.766543
vt 0.162256 0.767431
vt 0.705678 0.449531
vt 0.681185 0.791651
vt 0.680761 0.790625
vt 0.680193 0.789255
vt 0.535830 0.710990
vt 0.533582 0.710942
vt 0.738807 0.828626
vt 0.739815 0.828896
vt 0.163518 0.764124
vt 0.164406 0.765281
vt 0.535431 0.636041
vt 0.537308 0.636081
vt 0.683855 0.790110
vt 0.683179 0.789229
vt 0.682276 0.788052
vt 0.538761 0.711023
vt 0.740220 0.825214
vt 0.741124 0.825736
vt 0.166480 0.762413
vt 0.167039 0.763761
vt 0.539753 0.636109
vt 0.686035 0.787930
vt 0.685154 0.787254
vt 0.683977 0.786351
vt 0.542173 0.711041
vt 0.742469 0.822284
vt 0.743207 0.823022
vt 0.169785 0.761528
vt 0.169975 0.762974
vt 0.542601 0.636123
vt 0.687576 0.785261
vt 0.686550 0.784836
vt 0.685179 0.784268
vt 0.545835 0.711041
vt 0.988398 0.011646
vt 0.988406 0.007984
vt 0.989455 0.007984
vt 0.989447 0.011376
vt 0.173206 0.761528
vt 0.173015 0.762974
vt 0.545657 0.636123
vt 0.688374 0.782283
vt 0.687273 0.782138
vt 0.685802 0.781945
vt 0.549497 0.711023
vt 0.988398 0.004322
vt 0.989447 0.004592
vt 0.176510 0.762413
vt 0.175952 0.763761
vt 0.548713 0.636109
vt 0.688374 0.779201
vt 0.687273 0.779346
vt 0.685802 0.779539
vt 0.552909 0.710990
vt 0.830913 0.618593
vt 0.830431 0.614931
vt 0.831475 0.614931
vt 0.831921 0.618323
vt 0.179473 0.764124
vt 0.178585 0.765281
vt 0.551561 0.636081
vt 0.687576 0.776223
vt 0.686550 0.776648
vt 0.685179 0.777216
vt 0.555839 0.710942
vt 0.830913 0.611269
vt 0.831921 0.611539
vt 0.181892 0.766543
vt 0.180734 0.767431
vt 0.554007 0.636041
vt 0.686034 0.773554
vt 0.685153 0.774230
vt 0.683976 0.775133
vt 0.630194 0.731983
vt 0.626964 0.732269
vt 0.792587 0.306106
vt 0.792873 0.309336
vt 0.791669 0.309722
vt 0.791404 0.306730
vt 0.183602 0.769505
vt 0.182254 0.770064
vt 0.628159 0.658573
vt 0.630854 0.658334
vt 0.683855 0.771374
vt 0.683179 0.772255
vt 0.682276 0.773432
vt 0.633777 0.731835
vt 0.793021 0.312919
vt 0.791806 0.313040
vt 0.184488 0.772810
vt 0.183041 0.773000
vt 0.633845 0.658210
vt 0.681185 0.769833
vt 0.680760 0.770859
vt 0.680193 0.772229
vt 0.637470 0.731835
vt 0.793021 0.316612
vt 0.791806 0.316461
vt 0.184488 0.776231
vt 0.183041 0.776040
vt 0.636927 0.658210
vt 0.678208 0.769035
vt 0.678063 0.770136
vt 0.677869 0.771607
vt 0.641021 0.731983
vt 0.792873 0.320163
vt 0.791669 0.319750
vt 0.183602 0.779535
vt 0.182254 0.778977
vt 0.639890 0.658334
vt 0.675125 0.769035
vt 0.675270 0.770136
vt 0.675464 0.771607
vt 0.644188 0.732269
vt 0.792587 0.323330
vt 0.791404 0.322683
vt 0.181892 0.782498
vt 0.180734 0.781610
vt 0.642533 0.658573
vt 0.672148 0.769833
vt 0.672573 0.770859
vt 0.673140 0.772229
vt 0.277834 0.717991
vt 0.274438 0.717959
vt 0.989433 0.135546
vt 0.989433 0.139239
vt 0.988398 0.139103
vt 0.988398 0.135682
vt 0.179473 0.784917
vt 0.178584 0.783759
vt 0.275784 0.643051
vt 0.278618 0.643078
vt 0.669478 0.771374
vt 0.670154 0.772255
vt 0.671057 0.773432
vt 0.281490 0.718008
vt 0.965012 0.988355
vt 0.965004 0.992011
vt 0.963955 0.992023
vt 0.963962 0.988636
vt 0.176510 0.786627
vt 0.175952 0.785279
vt 0.281669 0.643091
vt 0.667298 0.773554
vt 0.668179 0.774230
vt 0.669357 0.775133
vt 0.285157 0.718008
vt 0.965012 0.995678
vt 0.963962 0.995419
vt 0.173206 0.787513
vt 0.173015 0.786066
vt 0.284730 0.643091
vt 0.665757 0.776223
vt 0.666783 0.776648
vt 0.668154 0.777216
vt 0.288585 0.717991
vt 0.953227 0.312813
vt 0.954640 0.316225
vt 0.953632 0.316495
vt 0.952323 0.313334
vt 0.169785 0.787513
vt 0.169975 0.786066
vt 0.287591 0.643078
vt 0.664959 0.779201
vt 0.666060 0.779346
vt 0.667531 0.779540
vt 0.291541 0.717959
vt 0.955123 0.319887
vt 0.954079 0.319887
vt 0.166480 0.786627
vt 0.167039 0.785279
vt 0.290058 0.643051
vt 0.664959 0.782283
vt 0.666060 0.782139
vt 0.667531 0.781945
vt 0.688154 0.524477
vt 0.685250 0.524432
vt 0.954640 0.323549
vt 0.953632 0.323278
vt 0.163518 0.784917
vt 0.164406 0.783759
vt 0.687076 0.449531
vt 0.689500 0.449568
vt 0.665757 0.785261
vt 0.666783 0.784836
vt 0.668154 0.784268
vt 0.953227 0.326961
vt 0.952323 0.326439
s 1
usemtl Gun_Metal_Black
f 5754/11380/4830 5765/11381/4831 5716/11382/4832 5705/11383/4833
f 5778/11384/4834 5789/11385/4835 5766/11386/4836 5753/11387/4837
f 5788/11388/4838 5740/11389/4839 5717/11390/4840 5764/11391/4841
f 5706/11392/4842 5718/11393/4843 5742/11394/4844 5729/11395/4845
f 5730/11396/4846 5741/11397/4847 5790/11398/4848 5777/11399/4849
f 5985/11400/4850 5989/11401/4851 5805/11402/4852 5801/11403/4853
f 5817/11404/4854 5821/11405/4855 5829/11406/4856 5825/11407/4857
f 5825/11407/4857 5829/11406/4856 5837/11408/4858 5833/11409/4859
f 5833/11409/4859 5837/11408/4858 5845/11410/4860 5841/11411/4861
f 5841/11412/4861 5845/11413/4860 5853/11414/4862 5849/11415/4863
f 5849/11415/4863 5853/11414/4862 5861/11416/4864 5857/11417/4865
f 5857/11417/4865 5861/11416/4864 5869/11418/4866 5865/11419/4867
f 5865/11419/4867 5869/11418/4866 5877/11420/4868 5873/11421/4869
f 5873/11421/4869 5877/11420/4868 5885/11422/4870 5881/11423/4871
f 5881/11423/4871 5885/11422/4870 5893/11424/4872 5889/11425/4873
f 5889/11425/4873 5893/11424/4872 5901/11426/4874 5897/11427/4875
f 5897/11428/4875 5901/11429/4874 5909/11430/4876 5905/11431/4877
f 5905/11431/4877 5909/11430/4876 5917/11432/4878 5913/11433/4879
f 5913/11433/4879 5917/11432/4878 5925/11434/4880 5921/11435/4881
f 5921/11435/4881 5925/11434/4880 5933/11436/4882 5929/11437/4883
f 5929/11437/4883 5933/11436/4882 5941/11438/4884 5937/11439/4885
f 5937/11440/4885 5941/11441/4884 5949/11442/4886 5945/11443/4887
f 5945/11443/4887 5949/11442/4886 5957/11444/4888 5953/11445/4889
f 5953/11445/4889 5957/11444/4888 5965/11446/4890 5961/11447/4891
f 5961/11447/4891 5965/11446/4890 5973/11448/4892 5969/11449/4893
f 5969/11449/4893 5973/11448/4892 5981/11450/4894 5977/11451/4895
f 5977/11452/4895 5981/11453/4894 5989/11401/4851 5985/11400/4850
f 5809/11454/4896 5813/11455/4897 5821/11405/4855 5817/11404/4854
f 5801/11403/4853 5805/11402/4852 5813/11455/4897 5809/11454/4896
f 5704/11456/4898 5707/11457/4899 5709/11458/4900 5708/11459/4901
f 5707/11460/4899 5711/11461/4902 5712/11462/4903 5709/11463/4900
f 5705/11383/4833 5710/11464/4904 5712/11462/4903 5711/11461/4902
f 5710/11464/4904 5714/11465/4905 5715/11466/4906 5712/11462/4903
f 5706/11392/4842 5713/11467/4907 5715/11468/4906 5714/11469/4905
f 5713/11470/4907 5708/11459/4901 5709/11458/4900 5715/11471/4906
f 5709/11463/4900 5712/11462/4903 5715/11466/4906
f 5716/11382/4832 5719/11472/4908 5721/11473/4909 5720/11474/4910
f 5719/11475/4908 5723/11476/4911 5724/11477/4912 5721/11478/4909
f 5717/11390/4840 5722/11479/4913 5724/11477/4912 5723/11476/4911
f 5722/11479/4913 5726/11480/4914 5727/11481/4915 5724/11477/4912
f 5718/11393/4843 5725/11482/4916 5727/11483/4915 5726/11484/4914
f 5725/11485/4916 5720/11474/4910 5721/11473/4909 5727/11486/4915
f 5721/11473/4909 5724/11487/4912 5727/11486/4915
f 5728/11488/4917 5731/11489/4918 5733/11490/4919 5732/11491/4920
f 5731/11492/4918 5735/11493/4921 5736/11494/4922 5733/11495/4919
f 5729/11395/4845 5734/11496/4923 5736/11494/4922 5735/11493/4921
f 5734/11496/4923 5738/11497/4924 5739/11498/4925 5736/11494/4922
f 5730/11396/4846 5737/11499/4926 5739/11500/4925 5738/11501/4924
f 5737/11502/4926 5732/11491/4920 5733/11490/4919 5739/11503/4925
f 5733/11495/4919 5736/11494/4922 5739/11498/4925
f 5740/11389/4839 5743/11504/4927 5745/11505/4928 5744/11506/4929
f 5743/11504/4927 5747/11507/4930 5748/11508/4931 5745/11505/4928
f 5741/11397/4847 5746/11509/4932 5748/11510/4931 5747/11511/4930
f 5746/11512/4932 5750/11513/4933 5751/11514/4934 5748/11515/4931
f 5742/11394/4844 5749/11516/4935 5751/11514/4934 5750/11513/4933
f 5749/11516/4935 5744/11517/4929 5745/11518/4928 5751/11514/4934
f 5745/11518/4928 5748/11515/4931 5751/11514/4934
f 5752/11519/4936 5755/11520/4937 5757/11521/4938 5756/11522/4939
f 5755/11520/4937 5759/11523/4940 5760/11524/4941 5757/11521/4938
f 5753/11387/4837 5758/11525/4942 5760/11526/4941 5759/11527/4940
f 5758/11525/4942 5762/11528/4943 5763/11529/4944 5760/11526/4941
f 5754/11530/4830 5761/11531/4945 5763/11529/4944 5762/11528/4943
f 5761/11532/4945 5756/11522/4939 5757/11521/4938 5763/11533/4944
f 5757/11534/4938 5760/11526/4941 5763/11529/4944
f 5764/11391/4841 5767/11535/4946 5769/11536/4947 5768/11537/4948
f 5767/11535/4946 5771/11538/4949 5772/11539/4950 5769/11536/4947
f 5765/11540/4831 5770/11541/4951 5772/11542/4950 5771/11543/4949
f 5770/11541/4951 5774/11544/4952 5775/11545/4953 5772/11542/4950
f 5766/11386/4836 5773/11546/4954 5775/11545/4953 5774/11544/4952
f 5773/11547/4954 5768/11537/4948 5769/11536/4947 5775/11548/4953
f 5769/11549/4947 5772/11542/4950 5775/11545/4953
f 5776/11550/4955 5779/11551/4956 5781/11552/4957 5780/11553/4958
f 5779/11554/4956 5783/11555/4959 5784/11556/4960 5781/11557/4957
f 5777/11399/4849 5782/11558/4961 5784/11556/4960 5783/11555/4959
f 5782/11558/4961 5786/11559/4962 5787/11560/4963 5784/11556/4960
f 5778/11561/4834 5785/11562/4964 5787/11560/4963 5786/11559/4962
f 5785/11563/4964 5780/11553/4958 5781/11552/4957 5787/11564/4963
f 5781/11557/4957 5784/11556/4960 5787/11560/4963
f 5788/11388/4838 5791/11565/4965 5793/11566/4966 5792/11567/4967
f 5791/11565/4965 5795/11568/4968 5796/11569/4969 5793/11566/4966
f 5789/11570/4835 5794/11571/4970 5796/11572/4969 5795/11573/4968
f 5794/11571/4970 5798/11574/4971 5799/11575/4972 5796/11572/4969
f 5790/11398/4848 5797/11576/4973 5799/11575/4972 5798/11574/4971
f 5797/11576/4973 5792/11577/4967 5793/11578/4966 5799/11575/4972
f 5793/11578/4966 5796/11572/4969 5799/11575/4972
f 5728/11488/4917 5704/11456/4898 5708/11459/4901 5731/11489/4918
f 5731/11489/4918 5708/11459/4901 5713/11470/4907 5735/11579/4921
f 5735/11493/4921 5713/11467/4907 5706/11392/4842 5729/11395/4845
f 5705/11383/4833 5716/11382/4832 5720/11474/4910 5710/11464/4904
f 5710/11464/4904 5720/11474/4910 5725/11485/4916 5714/11465/4905
f 5714/11469/4905 5725/11482/4916 5718/11393/4843 5706/11392/4842
f 5717/11390/4840 5740/11389/4839 5744/11506/4929 5722/11479/4913
f 5722/11479/4913 5744/11506/4929 5749/11580/4935 5726/11480/4914
f 5726/11484/4914 5749/11516/4935 5742/11394/4844 5718/11393/4843
f 5741/11397/4847 5730/11396/4846 5738/11501/4924 5746/11509/4932
f 5746/11512/4932 5738/11497/4924 5734/11496/4923 5750/11513/4933
f 5750/11513/4933 5734/11496/4923 5729/11395/4845 5742/11394/4844
f 5776/11550/4955 5728/11488/4917 5732/11491/4920 5779/11551/4956
f 5779/11551/4956 5732/11491/4920 5737/11502/4926 5783/11581/4959
f 5783/11555/4959 5737/11499/4926 5730/11396/4846 5777/11399/4849
f 5740/11389/4839 5788/11388/4838 5792/11567/4967 5743/11504/4927
f 5743/11504/4927 5792/11567/4967 5797/11582/4973 5747/11507/4930
f 5747/11511/4930 5797/11576/4973 5790/11398/4848 5741/11397/4847
f 5789/11570/4835 5778/11561/4834 5786/11559/4962 5794/11571/4970
f 5794/11571/4970 5786/11559/4962 5782/11558/4961 5798/11574/4971
f 5798/11574/4971 5782/11558/4961 5777/11399/4849 5790/11398/4848
f 5752/11519/4936 5776/11550/4955 5780/11553/4958 5755/11520/4937
f 5755/11520/4937 5780/11553/4958 5785/11563/4964 5759/11523/4940
f 5759/11527/4940 5785/11583/4964 5778/11384/4834 5753/11387/4837
f 5788/11388/4838 5764/11391/4841 5768/11537/4948 5791/11565/4965
f 5791/11565/4965 5768/11537/4948 5773/11547/4954 5795/11568/4968
f 5795/11584/4968 5773/11546/4954 5766/11386/4836 5789/11385/4835
f 5765/11540/4831 5754/11530/4830 5762/11528/4943 5770/11541/4951
f 5770/11541/4951 5762/11528/4943 5758/11525/4942 5774/11544/4952
f 5774/11544/4952 5758/11525/4942 5753/11387/4837 5766/11386/4836
f 5704/11456/4898 5752/11519/4936 5756/11522/4939 5707/11457/4899
f 5707/11457/4899 5756/11522/4939 5761/11532/4945 5711/11585/4902
f 5711/11461/4902 5761/11586/4945 5754/11380/4830 5705/11383/4833
f 5764/11391/4841 5717/11390/4840 5723/11476/4911 5767/11535/4946
f 5767/11535/4946 5723/11476/4911 5719/11475/4908 5771/11538/4949
f 5771/11587/4949 5719/11472/4908 5716/11382/4832 5765/11381/4831
f 5801/11403/4853 5809/11454/4896 5811/11588/4974 5803/11589/4975
f 5803/11590/4976 5811/11591/4977 5810/11592/4978 5802/11593/4976
f 5802/11594/4979 5810/11595/4980 5808/11596/4981 5800/11597/4982
f 5813/11455/4897 5805/11402/4852 5807/11598/4983 5815/11599/4984
f 5815/11600/4984 5807/11601/4983 5806/11602/4985 5814/11603/4986
f 5814/11603/4986 5806/11602/4985 5804/11604/4987 5812/11605/4988
f 5809/11454/4896 5817/11404/4854 5819/11606/4989 5811/11588/4974
f 5811/11591/4977 5819/11607/4990 5818/11608/4990 5810/11592/4978
f 5810/11595/4980 5818/11609/4991 5816/11610/4992 5808/11596/4981
f 5821/11405/4855 5813/11455/4897 5815/11599/4984 5823/11611/4993
f 5823/11612/4993 5815/11600/4984 5814/11603/4986 5822/11613/4994
f 5822/11613/4994 5814/11603/4986 5812/11605/4988 5820/11614/4995
f 5817/11404/4854 5825/11407/4857 5827/11615/4996 5819/11606/4989
f 5819/11616/4990 5827/11617/4997 5826/11618/4997 5818/11619/4990
f 5818/11609/4991 5826/11620/4998 5824/11621/4999 5816/11610/4992
f 5829/11406/4856 5821/11405/4855 5823/11611/4993 5831/11622/5000
f 5831/11623/5000 5823/11612/4993 5822/11613/4994 5830/11624/5001
f 5830/11624/5001 5822/11613/4994 5820/11614/4995 5828/11625/5002
f 5825/11407/4857 5833/11409/4859 5835/11626/5003 5827/11615/4996
f 5827/11617/4997 5835/11627/5004 5834/11628/5004 5826/11618/4997
f 5826/11620/4998 5834/11629/5005 5832/11630/5006 5824/11621/4999
f 5837/11408/4858 5829/11406/4856 5831/11622/5000 5839/11631/5007
f 5839/11632/5007 5831/11623/5000 5830/11624/5001 5838/11633/5008
f 5838/11633/5008 5830/11624/5001 5828/11625/5002 5836/11634/5009
f 5833/11409/4859 5841/11411/4861 5843/11635/5010 5835/11626/5003
f 5835/11627/5004 5843/11636/5011 5842/11637/5011 5834/11628/5004
f 5834/11629/5005 5842/11638/5012 5840/11639/5013 5832/11630/5006
f 5845/11410/4860 5837/11408/4858 5839/11631/5007 5847/11640/5014
f 5847/11641/5014 5839/11632/5007 5838/11633/5008 5846/11642/5015
f 5846/11642/5015 5838/11633/5008 5836/11634/5009 5844/11643/5016
f 5841/11412/4861 5849/11415/4863 5851/11644/5017 5843/11645/5010
f 5843/11636/5011 5851/11646/5018 5850/11647/5018 5842/11637/5011
f 5842/11638/5012 5850/11648/5019 5848/11649/5020 5840/11639/5013
f 5853/11414/4862 5845/11413/4860 5847/11650/5014 5855/11651/5021
f 5855/11652/5021 5847/11641/5014 5846/11642/5015 5854/11653/5022
f 5854/11653/5022 5846/11642/5015 5844/11643/5016 5852/11654/5023
f 5849/11415/4863 5857/11417/4865 5859/11655/5024 5851/11644/5017
f 5851/11646/5018 5859/11656/5025 5858/11657/5025 5850/11647/5018
f 5850/11648/5019 5858/11658/5026 5856/11659/5027 5848/11649/5020
f 5861/11416/4864 5853/11414/4862 5855/11651/5021 5863/11660/5028
f 5863/11661/5028 5855/11652/5021 5854/11653/5022 5862/11662/5029
f 5862/11662/5029 5854/11653/5022 5852/11654/5023 5860/11663/5030
f 5857/11417/4865 5865/11419/4867 5867/11664/5031 5859/11655/5024
f 5859/11656/5025 5867/11665/5032 5866/11666/5032 5858/11657/5025
f 5858/11658/5026 5866/11667/5033 5864/11668/5034 5856/11659/5027
f 5869/11418/4866 5861/11416/4864 5863/11660/5028 5871/11669/5035
f 5871/11670/5035 5863/11661/5028 5862/11662/5029 5870/11671/5036
f 5870/11671/5036 5862/11662/5029 5860/11663/5030 5868/11672/5037
f 5865/11419/4867 5873/11421/4869 5875/11673/5038 5867/11664/5031
f 5867/11674/5032 5875/11675/5039 5874/11676/5039 5866/11677/5032
f 5866/11667/5033 5874/11678/5040 5872/11679/5041 5864/11668/5034
f 5877/11420/4868 5869/11418/4866 5871/11669/5035 5879/11680/5042
f 5879/11681/5042 5871/11670/5035 5870/11671/5036 5878/11682/5043
f 5878/11682/5043 5870/11671/5036 5868/11672/5037 5876/11683/5044
f 5873/11421/4869 5881/11423/4871 5883/11684/5045 5875/11673/5038
f 5875/11675/5039 5883/11685/5046 5882/11686/5046 5874/11676/5039
f 5874/11678/5040 5882/11687/5047 5880/11688/5048 5872/11679/5041
f 5885/11422/4870 5877/11420/4868 5879/11680/5042 5887/11689/5049
f 5887/11690/5049 5879/11681/5042 5878/11682/5043 5886/11691/5050
f 5886/11691/5050 5878/11682/5043 5876/11683/5044 5884/11692/5051
f 5881/11423/4871 5889/11425/4873 5891/11693/5052 5883/11684/5045
f 5883/11694/5046 5891/11695/5053 5890/11696/5054 5882/11697/5046
f 5882/11687/5047 5890/11698/5055 5888/11699/5056 5880/11688/5048
f 5893/11424/4872 5885/11422/4870 5887/11689/5049 5895/11700/5057
f 5895/11701/5057 5887/11690/5049 5886/11691/5050 5894/11702/5058
f 5894/11702/5058 5886/11691/5050 5884/11692/5051 5892/11703/5059
f 5889/11425/4873 5897/11427/4875 5899/11704/5060 5891/11693/5052
f 5891/11695/5053 5899/11705/5061 5898/11706/5061 5890/11696/5054
f 5890/11698/5055 5898/11707/5062 5896/11708/5063 5888/11699/5056
f 5901/11426/4874 5893/11424/4872 5895/11700/5057 5903/11709/5064
f 5903/11710/5064 5895/11701/5057 5894/11702/5058 5902/11711/5065
f 5902/11711/5065 5894/11702/5058 5892/11703/5059 5900/11712/5066
f 5897/11428/4875 5905/11431/4877 5907/11713/5067 5899/11714/5060
f 5899/11715/5061 5907/11716/5068 5906/11717/5069 5898/11718/5061
f 5898/11707/5062 5906/11719/5070 5904/11720/5071 5896/11708/5063
f 5909/11430/4876 5901/11429/4874 5903/11721/5064 5911/11722/5072
f 5911/11723/5072 5903/11710/5064 5902/11711/5065 5910/11724/5073
f 5910/11724/5073 5902/11711/5065 5900/11712/5066 5908/11725/5074
f 5905/11431/4877 5913/11433/4879 5915/11726/5075 5907/11713/5067
f 5907/11716/5068 5915/11727/5076 5914/11728/5076 5906/11717/5069
f 5906/11719/5070 5914/11729/5077 5912/11730/5078 5904/11720/5071
f 5917/11432/4878 5909/11430/4876 5911/11722/5072 5919/11731/5079
f 5919/11732/5079 5911/11723/5072 5910/11724/5073 5918/11733/5080
f 5918/11733/5080 5910/11724/5073 5908/11725/5074 5916/11734/5081
f 5913/11433/4879 5921/11435/4881 5923/11735/5082 5915/11726/5075
f 5915/11727/5076 5923/11736/5083 5922/11737/5083 5914/11728/5076
f 5914/11729/5077 5922/11738/5084 5920/11739/5085 5912/11730/5078
f 5925/11434/4880 5917/11432/4878 5919/11731/5079 5927/11740/5086
f 5927/11741/5086 5919/11732/5079 5918/11733/5080 5926/11742/5087
f 5926/11742/5087 5918/11733/5080 5916/11734/5081 5924/11743/5088
f 5921/11435/4881 5929/11437/4883 5931/11744/5089 5923/11735/5082
f 5923/11736/5083 5931/11745/5090 5930/11746/5090 5922/11737/5083
f 5922/11738/5084 5930/11747/5091 5928/11748/5092 5920/11739/5085
f 5933/11436/4882 5925/11434/4880 5927/11740/5086 5935/11749/5093
f 5935/11750/5093 5927/11741/5086 5926/11742/5087 5934/11751/5094
f 5934/11751/5094 5926/11742/5087 5924/11743/5088 5932/11752/5095
f 5929/11437/4883 5937/11439/4885 5939/11753/5096 5931/11744/5089
f 5931/11745/5090 5939/11754/5097 5938/11755/5097 5930/11746/5090
f 5930/11747/5091 5938/11756/5098 5936/11757/5099 5928/11748/5092
f 5941/11438/4884 5933/11436/4882 5935/11749/5093 5943/11758/5100
f 5943/11759/5100 5935/11750/5093 5934/11751/5094 5942/11760/5101
f 5942/11760/5101 5934/11751/5094 5932/11752/5095 5940/11761/5102
f 5937/11440/4885 5945/11443/4887 5947/11762/5103 5939/11763/5096
f 5939/11764/5097 5947/11765/5104 5946/11766/5104 5938/11767/5097
f 5938/11756/5098 5946/11768/5105 5944/11769/5106 5936/11757/5099
f 5949/11442/4886 5941/11441/4884 5943/11770/5100 5951/11771/5107
f 5951/11772/5107 5943/11759/5100 5942/11760/5101 5950/11773/5108
f 5950/11773/5108 5942/11760/5101 5940/11761/5102 5948/11774/5109
f 5945/11443/4887 5953/11445/4889 5955/11775/5110 5947/11762/5103
f 5947/11776/5104 5955/11777/5111 5954/11778/5111 5946/11779/5104
f 5946/11768/5105 5954/11780/5112 5952/11781/5113 5944/11769/5106
f 5957/11444/4888 5949/11442/4886 5951/11771/5107 5959/11782/5114
f 5959/11783/5114 5951/11772/5107 5950/11773/5108 5958/11784/5115
f 5958/11784/5115 5950/11773/5108 5948/11774/5109 5956/11785/5116
f 5953/11445/4889 5961/11447/4891 5963/11786/5117 5955/11775/5110
f 5955/11777/5111 5963/11787/5118 5962/11788/5118 5954/11778/5111
f 5954/11780/5112 5962/11789/5119 5960/11790/5120 5952/11781/5113
f 5965/11446/4890 5957/11444/4888 5959/11782/5114 5967/11791/5121
f 5967/11792/5121 5959/11783/5114 5958/11784/5115 5966/11793/5122
f 5966/11793/5122 5958/11784/5115 5956/11785/5116 5964/11794/5123
f 5961/11447/4891 5969/11449/4893 5971/11795/5124 5963/11786/5117
f 5963/11796/5118 5971/11797/5125 5970/11798/5125 5962/11799/5118
f 5962/11789/5119 5970/11800/5126 5968/11801/5127 5960/11790/5120
f 5973/11448/4892 5965/11446/4890 5967/11791/5121 5975/11802/5128
f 5975/11803/5128 5967/11792/5121 5966/11793/5122 5974/11804/5129
f 5974/11804/5129 5966/11793/5122 5964/11794/5123 5972/11805/5130
f 5969/11449/4893 5977/11451/4895 5979/11806/5131 5971/11795/5124
f 5971/11797/5125 5979/11807/5132 5978/11808/5132 5970/11798/5125
f 5970/11800/5126 5978/11809/5133 5976/11810/5134 5968/11801/5127
f 5981/11450/4894 5973/11448/4892 5975/11802/5128 5983/11811/5135
f 5983/11812/5135 5975/11803/5128 5974/11804/5129 5982/11813/5136
f 5982/11813/5136 5974/11804/5129 5972/11805/5130 5980/11814/5137
f 5977/11452/4895 5985/11400/4850 5987/11815/5138 5979/11816/5131
f 5979/11807/5132 5987/11817/5139 5986/11818/5140 5978/11808/5132
f 5978/11809/5133 5986/11819/5141 5984/11820/5142 5976/11810/5134
f 5989/11401/4851 5981/11453/4894 5983/11821/5135 5991/11822/5143
f 5991/11823/5143 5983/11812/5135 5982/11813/5136 5990/11824/5144
f 5990/11824/5144 5982/11813/5136 5980/11814/5137 5988/11825/5145
f 5985/11400/4850 5801/11403/4853 5803/11589/4975 5987/11815/5138
f 5987/11817/5139 5803/11826/4976 5802/11827/4976 5986/11818/5140
f 5986/11819/5141 5802/11594/4979 5800/11597/4982 5984/11820/5142
f 5805/11402/4852 5989/11401/4851 5991/11822/5143 5807/11598/4983
f 5807/11601/4983 5991/11823/5143 5990/11824/5144 5806/11602/4985
f 5806/11602/4985 5990/11824/5144 5988/11825/5145 5804/11604/4987
f 5728/11488/4917 5776/11550/4955 5752/11519/4936 5704/11456/4898
f 5984/11820/5142 5800/11597/4982 5824/11621/4999
f 5800/11597/4982 5808/11596/4981 5824/11621/4999
f 5808/11596/4981 5816/11610/4992 5824/11621/4999
f 5824/11621/4999 5832/11630/5006 5840/11639/5013
f 5840/11639/5013 5848/11649/5020 5824/11621/4999
f 5848/11649/5020 5856/11659/5027 5824/11621/4999
f 5856/11659/5027 5864/11668/5034 5872/11679/5041
f 5872/11679/5041 5880/11688/5048 5888/11699/5056
f 5888/11699/5056 5896/11708/5063 5920/11739/5085
f 5896/11708/5063 5904/11720/5071 5920/11739/5085
f 5904/11720/5071 5912/11730/5078 5920/11739/5085
f 5920/11739/5085 5928/11748/5092 5936/11757/5099
f 5936/11757/5099 5944/11769/5106 5920/11739/5085
f 5944/11769/5106 5952/11781/5113 5920/11739/5085
f 5952/11781/5113 5960/11790/5120 5968/11801/5127
f 5968/11801/5127 5976/11810/5134 5984/11820/5142
f 5856/11659/5027 5872/11679/5041 5920/11739/5085
f 5872/11679/5041 5888/11699/5056 5920/11739/5085
f 5952/11781/5113 5968/11801/5127 5984/11820/5142
f 5984/11820/5142 5824/11621/4999 5856/11659/5027
f 5948/11774/5109 5884/11692/5051 5868/11672/5037 5820/11614/4995
f 5820/11614/4995 5812/11605/4988 5804/11604/4987
f 5804/11604/4987 5988/11825/5145 5980/11814/5137
f 5980/11814/5137 5972/11805/5130 5964/11794/5123
f 5964/11794/5123 5956/11785/5116 5948/11774/5109
f 5948/11774/5109 5940/11761/5102 5932/11752/5095
f 5932/11752/5095 5924/11743/5088 5916/11734/5081
f 5916/11734/5081 5908/11725/5074 5900/11712/5066
f 5900/11712/5066 5892/11703/5059 5884/11692/5051
f 5884/11692/5051 5876/11683/5044 5868/11672/5037
f 5868/11672/5037 5860/11663/5030 5852/11654/5023
f 5852/11654/5023 5844/11643/5016 5836/11634/5009
f 5836/11634/5009 5828/11625/5002 5820/11614/4995
f 5820/11614/4995 5804/11604/4987 5980/11814/5137
f 5980/11814/5137 5964/11794/5123 5820/11614/4995
f 5964/11794/5123 5948/11774/5109 5820/11614/4995
f 5948/11774/5109 5932/11752/5095 5884/11692/5051
f 5932/11752/5095 5916/11734/5081 5884/11692/5051
f 5916/11734/5081 5900/11712/5066 5884/11692/5051
f 5868/11672/5037 5852/11654/5023 5820/11614/4995
f 5852/11654/5023 5836/11634/5009 5820/11614/4995
f 5952/11781/5113 5984/11820/5142 5856/11659/5027 5920/11739/5085
